group,config,embedding,repeat,status,condition_number,pushforward,k,n_samples,theiler_w,noise_level,E_star_k,CondVar,PredErr,MeanDisp,NeighborDisp,median_rk,q90_rk,mean_rk,n_queries,not_enough_queries
baseline,baseline,x_x_x,0,ok,3.090816180484919,20,50,5000,30,0.0,0.11012405402107625,0.20416676559071406,0.08953115057661495,0.11363288345152932,0.151688581580572,0.06624295789203435,0.19343957812418433,0.1372454075394206,5000,0
baseline,baseline,x_x_x,1,ok,3.090816180484919,20,50,5000,30,0.0,0.11072612287996433,0.21225224643195678,0.0855294742643619,0.1138216882937536,0.15107295944705737,0.06532177333401044,0.1903185562227886,0.13600571230112052,5000,0
baseline,baseline,x_x_x,2,ok,3.090816180484919,20,50,5000,30,0.0,0.11169269510218055,0.21832130273046532,0.09264039768669328,0.11525356355905576,0.15288351917716464,0.06657212718824318,0.19273300895068404,0.13837224267724454,5000,0
baseline,baseline,x_x_x,3,ok,3.090816180484919,20,50,5000,30,0.0,0.10967557792973202,0.20408740451970844,0.08768589269386927,0.11277652144889999,0.15035809935529065,0.06605356297405846,0.19331904636786382,0.13426826781530593,5000,0
baseline,baseline,x_x_x,4,ok,3.090816180484919,20,50,5000,30,0.0,0.10573224537439586,0.17588338056963956,0.0922523454520797,0.10788906424393392,0.1454649673327056,0.06604440690848609,0.19031617490849173,0.1338930083450171,5000,0
baseline,baseline,x_x_x,5,ok,3.090816180484919,20,50,5000,30,0.0,0.10316926061641891,0.18606418414599307,0.08015570337804291,0.10604095348576766,0.14189978650755114,0.06629741480203316,0.18842577330562987,0.12902436740929965,5000,0
baseline,baseline,x_x_x,6,ok,3.090816180484919,20,50,5000,30,0.0,0.11192983434200926,0.24582664235437696,0.08791062767165826,0.11606767976634508,0.15413222482683486,0.06619349712827105,0.1894721042063533,0.13592477731100075,5000,0
baseline,baseline,x_x_x,7,ok,3.090816180484919,20,50,5000,30,0.0,0.10725439650589119,0.1892884221189794,0.08659560796275664,0.10999894156688533,0.14698940988870446,0.065838517101013,0.19370501011971755,0.13427751402257865,5000,0
baseline,baseline,x_x_x,8,ok,3.090816180484919,20,50,5000,30,0.0,0.11295837170567503,0.2270149496844569,0.09143476960868648,0.11697274743109243,0.15589189277483978,0.06627596899047547,0.19199813919498745,0.1401545743245129,5000,0
baseline,baseline,x_x_x,9,ok,3.090816180484919,20,50,5000,30,0.0,0.10696089453547934,0.20173177714315135,0.08370817691134907,0.10993249481516004,0.14713074492329947,0.06592590419025376,0.19156539781481732,0.13404740384908886,5000,0
baseline,baseline,y_y_y,0,ok,3.44652416507327,20,50,5000,30,0.0,0.04628476214768846,0.005710081250888968,0.036670659860735796,0.046981855647917715,0.06335832437466148,0.06570737112838262,0.17041132684461868,0.08629339669932462,5000,0
baseline,baseline,y_y_y,1,ok,3.44652416507327,20,50,5000,30,0.0,0.045563318053990824,0.005368243335739705,0.03628751714524755,0.04615248768142327,0.06228813843748935,0.06465714773002873,0.16910153156691102,0.08548771745738057,5000,0
baseline,baseline,y_y_y,2,ok,3.44652416507327,20,50,5000,30,0.0,0.04527654115533304,0.005152815839952957,0.03801127001877043,0.04587344606435014,0.062093537756522314,0.06560867862115619,0.16939635257037566,0.08651358246231385,5000,0
baseline,baseline,y_y_y,3,ok,3.44652416507327,20,50,5000,30,0.0,0.044829229928447546,0.004763063159681816,0.037379291340042586,0.045416243948170475,0.06139965561703818,0.06558963316880637,0.16874083492421532,0.08608985313094358,5000,0
baseline,baseline,y_y_y,4,ok,3.44652416507327,20,50,5000,30,0.0,0.045568171863954135,0.005113792424990198,0.0359691829897493,0.04616085473265668,0.06240486277879054,0.06555280424556109,0.1679124641966003,0.08523118149618654,5000,0
baseline,baseline,y_y_y,5,ok,3.44652416507327,20,50,5000,30,0.0,0.04463239457100625,0.004748152915649778,0.03541003921832903,0.045234669632836774,0.06108171047306115,0.06560534137457585,0.16546803519215814,0.08510107555002117,5000,0
baseline,baseline,y_y_y,6,ok,3.44652416507327,20,50,5000,30,0.0,0.0452246372245844,0.005203632033372989,0.03659204634077438,0.04580426075933357,0.06199257097920315,0.06573964276103805,0.1678373896487228,0.08550712592798922,5000,0
baseline,baseline,y_y_y,7,ok,3.44652416507327,20,50,5000,30,0.0,0.04466984334381104,0.005134074200162027,0.03597118622199559,0.04524710665944904,0.06124343440042908,0.06510665942569774,0.16561310934631338,0.08451339509542985,5000,0
baseline,baseline,y_y_y,8,ok,3.44652416507327,20,50,5000,30,0.0,0.045673809060754,0.005275192547132273,0.036794316892049025,0.04624718611372982,0.06247729464367436,0.06542283439562473,0.1666699284058876,0.08596887872273667,5000,0
baseline,baseline,y_y_y,9,ok,3.44652416507327,20,50,5000,30,0.0,0.044718100816818825,0.00467053400536929,0.035406036635681565,0.0452530102315858,0.061280478222044056,0.06547718070046184,0.16541612156747226,0.08450395854278597,5000,0
baseline,baseline,z_z_z,0,ok,8.63102661547655,20,50,5000,30,0.0,14.658063129695837,5397.025566049914,12.845023616388856,14.908761311972997,20.043582875638922,0.06754214910556791,17.387321213704404,21.655692932555347,5000,0
baseline,baseline,z_z_z,1,ok,8.63102661547655,20,50,5000,30,0.0,14.539982900352811,5605.964285415545,12.210250107138595,14.756065164031149,19.74678633218173,0.06829642883278719,16.74886900457509,21.784315589450397,5000,0
baseline,baseline,z_z_z,2,ok,8.63102661547655,20,50,5000,30,0.0,14.791151587731013,5704.095821173057,13.064566024263597,15.095693541754157,20.174057630987683,0.07033394894783915,17.66654345250543,21.98512993610152,5000,0
baseline,baseline,z_z_z,3,ok,8.63102661547655,20,50,5000,30,0.0,14.194817551775198,5324.217874508284,11.604816154003249,14.355246597528186,19.248879091732057,0.07025889211669978,16.128282866609116,20.989472807396012,5000,0
baseline,baseline,z_z_z,4,ok,8.63102661547655,20,50,5000,30,0.0,14.177142336225236,5141.611189520253,12.305052215195436,14.312638414506669,19.409681756926897,0.06996161217625632,16.26574035668401,20.930901150055917,5000,0
baseline,baseline,z_z_z,5,ok,8.63102661547655,20,50,5000,30,0.0,13.326544353442056,4929.593974787474,10.49017883173891,13.53804949401583,18.20708117702325,0.06941521769206685,15.462345927224405,19.613198878635774,5000,0
baseline,baseline,z_z_z,6,ok,8.63102661547655,20,50,5000,30,0.0,14.669757583268357,5912.6919604762315,12.026942570654866,15.000398388798471,20.141910024996598,0.06978902090527259,16.876308070068088,21.509477191603033,5000,0
baseline,baseline,z_z_z,7,ok,8.63102661547655,20,50,5000,30,0.0,14.079862528896236,5171.251614128821,12.551294522247886,14.246926052298134,19.18895479689898,0.06759127912179388,17.403633088788244,21.01233410645923,5000,0
baseline,baseline,z_z_z,8,ok,8.63102661547655,20,50,5000,30,0.0,14.892051715218527,5817.818804780295,12.537875479840181,15.193165877662453,20.337317992160063,0.07087791910008798,17.31344787045366,23.585798440211178,5000,0
baseline,baseline,z_z_z,9,ok,8.63102661547655,20,50,5000,30,0.0,14.324286019196729,5317.861685684394,11.525310432333146,14.515383351995691,19.51905943594983,0.07108672330922493,17.19653533497343,20.915897046825766,5000,0
baseline,baseline,y_z_y,0,ok,55.35812478627791,20,50,5000,30,0.0,4.931327003372728,403.3899990546485,5.007770765987763,5.076599235728581,5.919344919816829,0.06613814071429581,0.9645502185663261,0.5556720516006831,5000,0
baseline,baseline,y_z_y,1,ok,55.35812478627791,20,50,5000,30,0.0,4.699914125613944,390.3585918371483,4.6583020017420225,4.839648416156827,5.626399438075116,0.06437220906501309,0.9404144108891709,0.5518032378377778,5000,0
baseline,baseline,y_z_y,2,ok,55.35812478627791,20,50,5000,30,0.0,4.992674754926454,415.08230963127653,5.03505810377539,5.144476963072397,5.979698357922738,0.06683399681859153,0.965626827099827,0.5617841260742223,5000,0
baseline,baseline,y_z_y,3,ok,55.35812478627791,20,50,5000,30,0.0,4.5921669249955945,380.8902590221506,4.740975153581682,4.737329953869112,5.516518663654906,0.06569902475763076,0.8925473645811087,0.5344889637722269,5000,0
baseline,baseline,y_z_y,4,ok,55.35812478627791,20,50,5000,30,0.0,4.558999197117155,366.9490206106487,4.689680222755708,4.677846909876584,5.456837753707143,0.06569948303435288,0.8647030584233442,0.5337716346130993,5000,0
baseline,baseline,y_z_y,5,ok,55.35812478627791,20,50,5000,30,0.0,4.418634645781202,366.26704201693286,4.50610548327703,4.550471679630966,5.284302452387925,0.0665941573389778,0.8579399784750262,0.5264866460434342,5000,0
baseline,baseline,y_z_y,6,ok,55.35812478627791,20,50,5000,30,0.0,4.602541383173738,374.1322585385334,4.558211710282598,4.732825326845087,5.526970621370875,0.06633646116847391,0.9160319590758386,0.5477512106950735,5000,0
baseline,baseline,y_z_y,7,ok,55.35812478627791,20,50,5000,30,0.0,4.801671199752214,398.59047526103865,4.820501576702701,4.946140376151024,5.748629191869892,0.06585271803486142,0.9334342686853536,0.5437159168112751,5000,0
baseline,baseline,y_z_y,8,ok,55.35812478627791,20,50,5000,30,0.0,4.836880546071412,398.45824709453393,4.757065676724224,4.9817672404427995,5.808030993179507,0.06631204222160927,0.9790121615511425,0.5767793284342789,5000,0
baseline,baseline,y_z_y,9,ok,55.35812478627791,20,50,5000,30,0.0,4.652018790019262,378.3159578644112,4.711546373328662,4.785136772925776,5.581352369399303,0.06585371772782445,0.9457239185865318,0.5496839040009185,5000,0
baseline,baseline,x_y_x,0,ok,3.5968374195681707,20,50,5000,30,0.0,0.04630272537453829,0.005488130089934236,0.0371461534332015,0.04696889153738607,0.06343746789969898,0.06568357347985454,0.17019455678293402,0.08688883144831706,5000,0
baseline,baseline,x_y_x,1,ok,3.5968374195681707,20,50,5000,30,0.0,0.04554305081362839,0.0051608322069585785,0.03679758604262023,0.04613632477296396,0.06238822764882607,0.06482321830851598,0.16932181598464202,0.0861014506294174,5000,0
baseline,baseline,x_y_x,2,ok,3.5968374195681707,20,50,5000,30,0.0,0.045549080945159304,0.005282446543254916,0.03825739168385259,0.046141418033956855,0.062437526081222106,0.06567176033604025,0.16949737634852016,0.08722623622511529,5000,0
baseline,baseline,x_y_x,3,ok,3.5968374195681707,20,50,5000,30,0.0,0.04511140946506111,0.004923551091749502,0.037714187562586786,0.045713100708131525,0.06179695852586713,0.06564823098858413,0.16835918341876133,0.08666541694791995,5000,0
baseline,baseline,x_y_x,4,ok,3.5968374195681707,20,50,5000,30,0.0,0.04568142040574032,0.005002106881484809,0.036413923803954584,0.04623528878477861,0.06258616431380884,0.06558664925530146,0.16706117253935904,0.08580179717282288,5000,0
baseline,baseline,x_y_x,5,ok,3.5968374195681707,20,50,5000,30,0.0,0.044720249617894295,0.004624148842962258,0.03587569397396195,0.045284256722413097,0.06122957699450128,0.06573233831348278,0.1647545691659773,0.08573021790045106,5000,0
baseline,baseline,x_y_x,6,ok,3.5968374195681707,20,50,5000,30,0.0,0.04531698154931336,0.005018614000308621,0.03700229936443459,0.04587822830425854,0.062156184063522094,0.06577209393219782,0.168155668500921,0.0861651490756506,5000,0
baseline,baseline,x_y_x,7,ok,3.5968374195681707,20,50,5000,30,0.0,0.04496300789707234,0.005261571514771495,0.036144566538915915,0.045549490091035726,0.06165081327952927,0.06526539794355671,0.1649067933827884,0.08517044521374194,5000,0
baseline,baseline,x_y_x,8,ok,3.5968374195681707,20,50,5000,30,0.0,0.04629292168535462,0.005911673929571255,0.036729609841659815,0.04695418572346743,0.0633036895753148,0.06564096611049648,0.165729494250074,0.08663169667579002,5000,0
baseline,baseline,x_y_x,9,ok,3.5968374195681707,20,50,5000,30,0.0,0.04527912068419178,0.0052204880164811625,0.03539074659407334,0.04591112764950328,0.06206980752119016,0.06540519810409359,0.16411449172482648,0.08508734096676879,5000,0
baseline,baseline,x_y_y,0,rank_deficient,inf,20,50,5000,30,0.0,nan,nan,nan,nan,nan,nan,nan,nan,,
baseline,baseline,x_y_y,1,rank_deficient,inf,20,50,5000,30,0.0,nan,nan,nan,nan,nan,nan,nan,nan,,
baseline,baseline,x_y_y,2,rank_deficient,inf,20,50,5000,30,0.0,nan,nan,nan,nan,nan,nan,nan,nan,,
baseline,baseline,x_y_y,3,rank_deficient,inf,20,50,5000,30,0.0,nan,nan,nan,nan,nan,nan,nan,nan,,
baseline,baseline,x_y_y,4,rank_deficient,inf,20,50,5000,30,0.0,nan,nan,nan,nan,nan,nan,nan,nan,,
baseline,baseline,x_y_y,5,rank_deficient,inf,20,50,5000,30,0.0,nan,nan,nan,nan,nan,nan,nan,nan,,
baseline,baseline,x_y_y,6,rank_deficient,inf,20,50,5000,30,0.0,nan,nan,nan,nan,nan,nan,nan,nan,,
baseline,baseline,x_y_y,7,rank_deficient,inf,20,50,5000,30,0.0,nan,nan,nan,nan,nan,nan,nan,nan,,
baseline,baseline,x_y_y,8,rank_deficient,inf,20,50,5000,30,0.0,nan,nan,nan,nan,nan,nan,nan,nan,,
baseline,baseline,x_y_y,9,rank_deficient,inf,20,50,5000,30,0.0,nan,nan,nan,nan,nan,nan,nan,nan,,
baseline,baseline,y_z_z,0,ok,260.9603612567652,20,50,5000,30,0.0,12.42583802667306,5387.860896909735,12.803084373907675,13.397218462882174,17.720057167941334,0.08349907115300392,8.541123748984651,7.291666485003755,5000,0
baseline,baseline,y_z_z,1,ok,260.9603612567652,20,50,5000,30,0.0,12.00378354646877,5348.502133946171,12.500825078226034,12.98735573920482,17.084723157468183,0.07799705130518735,7.62032799036594,7.160030873426536,5000,0
baseline,baseline,y_z_z,2,ok,260.9603612567652,20,50,5000,30,0.0,12.088973818810247,5020.347915668203,13.360815883914835,13.003892259586301,17.2064905738841,0.08518658142549188,8.540439210547605,7.219644044594778,5000,0
baseline,baseline,y_z_z,3,ok,260.9603612567652,20,50,5000,30,0.0,11.869554912123727,4932.367246826721,12.63927091898546,12.703353673352549,16.91001734566006,0.08332927347899005,6.9075303069982645,6.820309497995992,5000,0
baseline,baseline,y_z_z,4,ok,260.9603612567652,20,50,5000,30,0.0,12.038071487467166,5014.349775948453,12.536680865806996,12.881527874240788,17.091130384132963,0.0813802642397734,7.50086568863925,7.014039239608489,5000,0
baseline,baseline,y_z_z,5,ok,260.9603612567652,20,50,5000,30,0.0,11.333214904647686,4937.830564844444,11.126815497988133,12.126115304514583,16.13933769366545,0.08354699918804401,6.797377541681795,6.364972624581027,5000,0
baseline,baseline,y_z_z,6,ok,260.9603612567652,20,50,5000,30,0.0,12.372455196985134,5627.2604524923545,13.664008798794178,13.32926777094375,17.613622751860138,0.08218128740067726,8.124565074262625,7.085679487373851,5000,0
baseline,baseline,y_z_z,7,ok,260.9603612567652,20,50,5000,30,0.0,12.039083166435313,5248.942796809511,12.227336555498677,12.934167707000269,17.109415645688056,0.07702424004261721,8.210810369177647,7.006625116314643,5000,0
baseline,baseline,y_z_z,8,ok,260.9603612567652,20,50,5000,30,0.0,12.9105934815167,5768.1117017655715,13.323566781813328,13.98393463795913,18.38554772777801,0.08308256976479629,8.504792202209888,7.625656973627728,5000,0
baseline,baseline,y_z_z,9,ok,260.9603612567652,20,50,5000,30,0.0,11.9987526495458,5037.409051046027,11.683065711119376,12.886534327033607,17.107245414128425,0.08317760194141025,8.381765498414095,7.075473200594044,5000,0
baseline,baseline,x_z_z,0,ok,281.2859780300304,20,50,5000,30,0.0,12.473480962417828,5388.978828695463,12.870294093212145,13.452614031297115,17.7812556025439,0.06984773555488372,8.541060784844237,7.263172393302128,5000,0
baseline,baseline,x_z_z,1,ok,281.2859780300304,20,50,5000,30,0.0,12.050812920035296,5349.472184436839,12.570495504594529,13.043140441305562,17.14609273577963,0.0690139102834908,7.620780619400334,7.131373818244564,5000,0
baseline,baseline,x_z_z,2,ok,281.2859780300304,20,50,5000,30,0.0,12.135587300411041,5021.255097420238,13.427911188857607,13.060199560215109,17.268179160503582,0.07029332919610759,8.523361975592632,7.191343356559021,5000,0
baseline,baseline,x_z_z,3,ok,281.2859780300304,20,50,5000,30,0.0,11.911525071299486,4933.2549985199885,12.696598837876575,12.7543510337748,16.967392497051506,0.0703468653765004,6.8807223055882805,6.792162973861631,5000,0
baseline,baseline,x_z_z,4,ok,281.2859780300304,20,50,5000,30,0.0,12.084523722753268,5015.329313449708,12.604661885248559,12.937026676317958,17.152527021727245,0.06877699577488697,7.498732414023936,6.984679017876548,5000,0
baseline,baseline,x_z_z,5,ok,281.2859780300304,20,50,5000,30,0.0,11.381640195646035,4938.802074151087,11.197073579320039,12.183756937127074,16.202145839949697,0.07202886297355192,6.796620345534865,6.335990164004307,5000,0
baseline,baseline,x_z_z,6,ok,281.2859780300304,20,50,5000,30,0.0,12.420487080328792,5628.238782443742,13.732093448531982,13.386366797029664,17.677063515330182,0.0700555296420024,8.123601331027837,7.058043796706974,5000,0
baseline,baseline,x_z_z,7,ok,281.2859780300304,20,50,5000,30,0.0,12.086038795777494,5249.955663830019,12.293063953298866,12.99216338129643,17.171772282435214,0.06814216525201883,8.19980548961256,6.978675876690101,5000,0
baseline,baseline,x_z_z,8,ok,281.2859780300304,20,50,5000,30,0.0,12.963979347808753,5769.171121996393,13.401757739899933,14.04601816485207,18.45339566898486,0.07132401614230408,8.50525871369654,7.596662434531656,5000,0
baseline,baseline,x_z_z,9,ok,281.2859780300304,20,50,5000,30,0.0,12.041902135423891,5038.359481195847,11.743407526305647,12.938158249520693,17.16461373849107,0.07099303188549554,8.381895968873481,7.045888669235817,5000,0
baseline,baseline,x_z_x,0,ok,64.42712473872164,20,50,5000,30,0.0,4.919833336555325,402.86744095352014,4.980379915717469,5.067130684210587,5.910569368265031,0.06317747037044263,0.9528068187354317,0.5513081693491526,5000,0
baseline,baseline,x_z_x,1,ok,64.42712473872164,20,50,5000,30,0.0,4.694093403310155,390.18852617290366,4.6382619895165975,4.836250339005918,5.622222676117023,0.061239042535805546,0.9121086606258533,0.5471487053020765,5000,0
baseline,baseline,x_z_x,2,ok,64.42712473872164,20,50,5000,30,0.0,4.988608218371739,414.93036860213374,5.013363021510841,5.1405595821194465,5.975826169551613,0.06384552091562964,0.9463265029101634,0.5575369841122358,5000,0
baseline,baseline,x_z_x,3,ok,64.42712473872164,20,50,5000,30,0.0,4.5849271792227455,380.57925650298523,4.7219003025028305,4.7314629814162785,5.510101057285957,0.06252792857983218,0.8844481015422533,0.5300508581938055,5000,0
baseline,baseline,x_z_x,4,ok,64.42712473872164,20,50,5000,30,0.0,4.555829692289454,366.9450893596785,4.669184278653703,4.676058441712909,5.454607599276906,0.062315835069073094,0.8613802272671809,0.5293203298735228,5000,0
baseline,baseline,x_z_x,5,ok,64.42712473872164,20,50,5000,30,0.0,4.4113598153711635,365.9014492917134,4.485643830640899,4.544317071535722,5.278242994564533,0.06374457746845372,0.846022330963146,0.5220422886095035,5000,0
baseline,baseline,x_z_x,6,ok,64.42712473872164,20,50,5000,30,0.0,4.596526598597281,373.92423848884243,4.535095888623124,4.72820462453317,5.522401562278092,0.06275188552858466,0.9030469941337269,0.543318491228162,5000,0
baseline,baseline,x_z_x,7,ok,64.42712473872164,20,50,5000,30,0.0,4.796318767918635,398.24037925922016,4.797139911210196,4.940429637120249,5.7434615664645285,0.06235472793273404,0.9236302195768783,0.5390859372754477,5000,0
baseline,baseline,x_z_x,8,ok,64.42712473872164,20,50,5000,30,0.0,4.827365840225215,398.0479166587445,4.7332182949112935,4.972469390208208,5.798857490433296,0.06352301966471317,0.966496563123898,0.5722464194249747,5000,0
baseline,baseline,x_z_x,9,ok,64.42712473872164,20,50,5000,30,0.0,4.645775951812035,378.00648248649446,4.691524185642356,4.779821786164682,5.57565291787187,0.06246513284529041,0.9262324756885008,0.5450590435047649,5000,0
baseline,baseline,y_plus_z,0,ok,13.90120303609631,20,50,5000,30,0.0,0.7446292601050586,20.078480855220736,0.5872417817132294,0.7888866570184291,1.0480225476189537,0.06325573362429177,0.42073762032313444,0.48493891359428365,5000,0
baseline,baseline,y_plus_z,1,ok,13.90120303609631,20,50,5000,30,0.0,0.7438482744666267,21.279146176379207,0.597858277019846,0.7941748431208815,1.0497728483040618,0.06132737624361817,0.37751044148572865,0.4986567193224282,5000,0
baseline,baseline,y_plus_z,2,ok,13.90120303609631,20,50,5000,30,0.0,0.7463424751669426,20.096937472107363,0.6245908637046544,0.7954482105676232,1.0574226272928078,0.06313786734145929,0.43352247264095,0.5009335062532568,5000,0
baseline,baseline,y_plus_z,3,ok,13.90120303609631,20,50,5000,30,0.0,0.7194844411512588,20.581273617287003,0.577891963461992,0.7706830601386995,1.0202856819786659,0.06237735966871452,0.35896606485586174,0.48315198586688046,5000,0
baseline,baseline,y_plus_z,4,ok,13.90120303609631,20,50,5000,30,0.0,0.7275473201053079,19.364061980909177,0.5778368595339637,0.7699091018947188,1.025929929983012,0.062358107456050915,0.35550287040183853,0.4771373413405892,5000,0
baseline,baseline,y_plus_z,5,ok,13.90120303609631,20,50,5000,30,0.0,0.6766573148514397,18.32952346942212,0.5135092812798586,0.7162071228697143,0.95398995707381,0.06326032323443716,0.3453920808672804,0.46170761091679735,5000,0
baseline,baseline,y_plus_z,6,ok,13.90120303609631,20,50,5000,30,0.0,0.731347863977447,19.605833753530074,0.5889902636200899,0.77407706065899,1.0344282697782081,0.06259802328970604,0.3854063475069745,0.49763590491546394,5000,0
baseline,baseline,y_plus_z,7,ok,13.90120303609631,20,50,5000,30,0.0,0.7147138318596206,19.314889741452628,0.547043975403529,0.7572173360508319,1.0053432693306448,0.062280331910453415,0.4185528466454705,0.47676562007453577,5000,0
baseline,baseline,y_plus_z,8,ok,13.90120303609631,20,50,5000,30,0.0,0.8038451458879482,24.397661229664674,0.6066149593829059,0.865950389068744,1.1327200049099637,0.06267851338348185,0.4087144939892485,0.5356820026909461,5000,0
baseline,baseline,y_plus_z,9,ok,13.90120303609631,20,50,5000,30,0.0,0.723927705236936,19.420455798635782,0.5541511174170423,0.7641857953446309,1.0169917937489839,0.06300251366285245,0.39291733246312727,0.48078341152998344,5000,0
baseline,baseline,x_plus_z,0,ok,33.17345746870676,20,50,5000,30,0.0,1.9087615282149581,138.8542080650844,1.8957736064333637,2.0624757583041777,2.633605127739971,0.06339630397547005,0.7165924686824056,0.6277238280316171,5000,0
baseline,baseline,x_plus_z,1,ok,33.17345746870676,20,50,5000,30,0.0,1.9433966812454695,145.88792423342056,2.0902012411152753,2.123274550950558,2.67933094442432,0.06154026967610885,0.6563712538635198,0.6080722686881455,5000,0
baseline,baseline,x_plus_z,2,ok,33.17345746870676,20,50,5000,30,0.0,1.9137495448071085,139.17470769115116,2.06962945352092,2.0866436336258127,2.6421847190840015,0.06379511728847337,0.7428566546078157,0.6330972791117798,5000,0
baseline,baseline,x_plus_z,3,ok,33.17345746870676,20,50,5000,30,0.0,1.8928309534878711,142.19243565309918,1.8856991506832659,2.0600867173484496,2.609139313918861,0.06275500070238398,0.6471345237071223,0.6138040660318025,5000,0
baseline,baseline,x_plus_z,4,ok,33.17345746870676,20,50,5000,30,0.0,1.8734694167422574,133.70526906842215,1.860011017673855,2.0235264324968183,2.5737459776517646,0.06273523009282295,0.6185722646953077,0.6142451846277954,5000,0
baseline,baseline,x_plus_z,5,ok,33.17345746870676,20,50,5000,30,0.0,1.676114675827019,114.28588570381382,1.674936332046874,1.8142922777152881,2.323879157394932,0.0634821687757188,0.6219137609345547,0.5626648623595507,5000,0
baseline,baseline,x_plus_z,6,ok,33.17345746870676,20,50,5000,30,0.0,1.8735854284713371,137.5182614656913,1.938800618881022,2.030493564136946,2.594273635137757,0.06326998932090531,0.668858117961722,0.6161085519746236,5000,0
baseline,baseline,x_plus_z,7,ok,33.17345746870676,20,50,5000,30,0.0,1.84841444307017,134.52008737044721,1.7877110211750569,1.9956213831265264,2.5421312335529618,0.06225397642821078,0.7109362661227325,0.6021523073002297,5000,0
baseline,baseline,x_plus_z,8,ok,33.17345746870676,20,50,5000,30,0.0,2.0235239073743707,150.1253241906099,2.149406255366762,2.1922473081610194,2.7744941791053668,0.06316464477178982,0.7058337477497909,0.631171946044251,5000,0
baseline,baseline,x_plus_z,9,ok,33.17345746870676,20,50,5000,30,0.0,1.847929148227976,134.4190956689637,1.8691731262304423,2.0057330276903653,2.5465454652603854,0.06238422362983921,0.7052845895285221,0.6037704520342906,5000,0
baseline,baseline,x_plus_y,0,ok,2.562258516347068,20,50,5000,30,0.0,0.09026938447384197,0.1086789834996918,0.07779344504646957,0.09254012873431906,0.12394448392690624,0.0644507486251967,0.1858323304264706,0.11937355003832908,5000,0
baseline,baseline,x_plus_y,1,ok,2.562258516347068,20,50,5000,30,0.0,0.09012749860849696,0.11774857488213111,0.07501553561243596,0.0928646116808629,0.12388027278492945,0.063262189023078,0.1829365049699766,0.11843949514841888,5000,0
baseline,baseline,x_plus_y,2,ok,2.562258516347068,20,50,5000,30,0.0,0.09056642763628317,0.11813668476732332,0.07995337820460964,0.09345799690421089,0.12484356016331821,0.06441453743191719,0.18331987076926595,0.12006896766282939,5000,0
baseline,baseline,x_plus_y,3,ok,2.562258516347068,20,50,5000,30,0.0,0.08875340644647624,0.11046233964791818,0.07626594561181478,0.09108085486956477,0.12224399399411079,0.06395103842398847,0.18241625487554755,0.11682699725478962,5000,0
baseline,baseline,x_plus_y,4,ok,2.562258516347068,20,50,5000,30,0.0,0.08777763555487494,0.09860359038849552,0.07772744105813313,0.08960676044641012,0.12068160507327334,0.063904048052964,0.18304347904510124,0.11746091149546041,5000,0
baseline,baseline,x_plus_y,5,ok,2.562258516347068,20,50,5000,30,0.0,0.08603858486489574,0.10599390575462121,0.07006538360739398,0.08821073856223474,0.1183769728585763,0.06432257701465227,0.17877875922536485,0.11275507367981467,5000,0
baseline,baseline,x_plus_y,6,ok,2.562258516347068,20,50,5000,30,0.0,0.09342012544782874,0.1450097614999162,0.07694011809416297,0.09657896807886081,0.12777613567672824,0.06412200241647537,0.18211645626531628,0.1185208988930664,5000,0
baseline,baseline,x_plus_y,7,ok,2.562258516347068,20,50,5000,30,0.0,0.08947877062112511,0.11254372343390005,0.07455945574362043,0.09151507964739881,0.12272418654210919,0.06374089228060964,0.18218629964224436,0.1157498414139181,5000,0
baseline,baseline,x_plus_y,8,ok,2.562258516347068,20,50,5000,30,0.0,0.09232795501475329,0.12112397052606022,0.0794203402035572,0.09520203929144305,0.12721644839031254,0.06442624681462474,0.182530024583144,0.12077026078191834,5000,0
baseline,baseline,x_plus_y,9,ok,2.562258516347068,20,50,5000,30,0.0,0.08834833948667083,0.11054208099341145,0.07179230109812597,0.0904498393615364,0.12141580186070118,0.06374678049216784,0.18192142846954404,0.11606429810660333,5000,0
k,k=20,x_x_x,0,ok,3.090816180484919,20,20,5000,30,0.0,0.06809195364810357,0.08723770479790668,0.07225403930306624,0.07146536071672749,0.09342532503690446,0.03549748995604593,0.1674335302200773,0.0828873490015301,5000,0
k,k=20,x_x_x,1,ok,3.090816180484919,20,20,5000,30,0.0,0.06889335459169368,0.08682467490256063,0.07103140230662688,0.07210080738419807,0.09382510180532827,0.03502187840014563,0.16673016002534694,0.08224947186303745,5000,0
k,k=20,x_x_x,2,ok,3.090816180484919,20,20,5000,30,0.0,0.06938360320331143,0.09202866097906812,0.07687976753121836,0.07234121198849014,0.09438152076107008,0.03568643294232884,0.16882807280612108,0.08411606042269296,5000,0
k,k=20,x_x_x,3,ok,3.090816180484919,20,20,5000,30,0.0,0.06644059425725408,0.07525247396387413,0.07190613283726131,0.0690361059223983,0.09134539793802524,0.035380534817023315,0.1654645737464547,0.08192108373162584,5000,0
k,k=20,x_x_x,4,ok,3.090816180484919,20,20,5000,30,0.0,0.06449869548501361,0.061411509424269456,0.07317313579482894,0.0667573512222817,0.08804570398443268,0.03522589678624582,0.16588968533679824,0.08060813562614114,5000,0
k,k=20,x_x_x,5,ok,3.090816180484919,20,20,5000,30,0.0,0.06453987721909055,0.07877686439293183,0.06444861372729895,0.06685541944147831,0.08775572196916333,0.03558099452106262,0.16240282542830584,0.07795004623868988,5000,0
k,k=20,x_x_x,6,ok,3.090816180484919,20,20,5000,30,0.0,0.0670144952581001,0.08341414426358768,0.07432232553526864,0.07008677062907236,0.09188582776544622,0.035491017923772114,0.1666379572415383,0.08216398868773299,5000,0
k,k=20,x_x_x,7,ok,3.090816180484919,20,20,5000,30,0.0,0.06503611119641416,0.06654208203899159,0.07162665770404886,0.06735196327430842,0.0892821800028221,0.03533427654522067,0.16682852444976343,0.08070207607430438,5000,0
k,k=20,x_x_x,8,ok,3.090816180484919,20,20,5000,30,0.0,0.0710295336417436,0.10610520978491494,0.07453476217413814,0.07389233424658334,0.09641452479655273,0.0356987763860165,0.16587318983753954,0.08406666634171965,5000,0
k,k=20,x_x_x,9,ok,3.090816180484919,20,20,5000,30,0.0,0.06602489836886169,0.08019689922789652,0.06697381631140918,0.06859939333965624,0.09007719867259369,0.03515388512781786,0.16451227968696722,0.0802501058456156,5000,0
k,k=20,y_y_y,0,ok,3.44652416507327,20,20,5000,30,0.0,0.026982605966528034,0.0023544700810997576,0.03025485940835128,0.027749136059957855,0.037779934239025106,0.03697872074281286,0.13770410875670103,0.05445498053663125,5000,0
k,k=20,y_y_y,1,ok,3.44652416507327,20,20,5000,30,0.0,0.026491895467408107,0.0022733694852119864,0.029804145889791862,0.027184838128597334,0.03705365314486068,0.03628088213902565,0.13807861477468805,0.053955554618770885,5000,0
k,k=20,y_y_y,2,ok,3.44652416507327,20,20,5000,30,0.0,0.026255420549147028,0.0019554429873745696,0.0313863418448679,0.02683094171081908,0.03676047293253109,0.03697157480138412,0.13807188931082298,0.05497358638104225,5000,0
k,k=20,y_y_y,3,ok,3.44652416507327,20,20,5000,30,0.0,0.026420379291359198,0.002002653463506286,0.030453383044595547,0.027030359823425023,0.03687416567028539,0.03654192542575098,0.13942548386851333,0.054751516069986406,5000,0
k,k=20,y_y_y,4,ok,3.44652416507327,20,20,5000,30,0.0,0.026513605949743273,0.00203090188700817,0.029233438979653782,0.02717874804202122,0.03709892264394257,0.03652661956134656,0.13821432552820734,0.05372416102094626,5000,0
k,k=20,y_y_y,5,ok,3.44652416507327,20,20,5000,30,0.0,0.02609629952408083,0.0019501654024416937,0.028965680943687663,0.026715482106897035,0.03645376401638411,0.036312709780305444,0.13746198812005525,0.05364562428582559,5000,0
k,k=20,y_y_y,6,ok,3.44652416507327,20,20,5000,30,0.0,0.02589104448947614,0.002020246979965331,0.029850696689151676,0.02648922129654818,0.03637194928852243,0.0365328207790728,0.13635680130341812,0.053654769988613384,5000,0
k,k=20,y_y_y,7,ok,3.44652416507327,20,20,5000,30,0.0,0.025643983925562372,0.001963306498439562,0.029539180352582038,0.02622323211308954,0.03603662024466145,0.036278718602310016,0.13385363392199992,0.05306626250764132,5000,0
k,k=20,y_y_y,8,ok,3.44652416507327,20,20,5000,30,0.0,0.026232262747287405,0.0019515756380611969,0.03002502255845908,0.026809009880584336,0.036682184358914724,0.03694999833725593,0.13708439651838009,0.054010018532009596,5000,0
k,k=20,y_y_y,9,ok,3.44652416507327,20,20,5000,30,0.0,0.02594443529993771,0.0019219330528089686,0.02858057084555402,0.026481300176326737,0.0363058658321656,0.03634892169372934,0.13401331807608147,0.05289487950735163,5000,0
k,k=20,z_z_z,0,ok,8.63102661547655,20,20,5000,30,0.0,9.039312228345764,2111.6735837034175,9.469534072669173,9.295810019955201,12.541456608880964,0.04001038320504561,10.30501849783606,13.162877199603376,5000,0
k,k=20,z_z_z,1,ok,8.63102661547655,20,20,5000,30,0.0,9.136289127954655,2509.940245744198,9.254976522879733,9.43888399057458,12.664793583624542,0.04004262421261695,9.902009775870322,13.41475155071097,5000,0
k,k=20,z_z_z,2,ok,8.63102661547655,20,20,5000,30,0.0,9.274007330837353,2444.082097548551,9.640458910290187,9.594166632398485,12.849740455255796,0.042620310075409465,10.295611486738313,13.454468391372691,5000,0
k,k=20,z_z_z,3,ok,8.63102661547655,20,20,5000,30,0.0,8.94606165390113,2334.992271399526,8.180480026993905,9.258619302318603,12.412814425666765,0.04160353014110951,9.799871701804566,12.822648885192969,5000,0
k,k=20,z_z_z,4,ok,8.63102661547655,20,20,5000,30,0.0,8.775093649877832,2017.2880728640612,8.920264051115103,8.973253577900568,12.160320103952758,0.0411412607371896,9.751286692232927,12.507266955569268,5000,0
k,k=20,z_z_z,5,ok,8.63102661547655,20,20,5000,30,0.0,8.31996622906537,2064.684643307925,7.527064396263381,8.583612840500054,11.550505592428875,0.04243596470323209,9.260400668103879,11.779440730442296,5000,0
k,k=20,z_z_z,6,ok,8.63102661547655,20,20,5000,30,0.0,9.056144589251076,2541.0215013268016,8.912490087978046,9.362359830092164,12.626170763483888,0.04097207322683011,10.105444880088664,13.20068146555466,5000,0
k,k=20,z_z_z,7,ok,8.63102661547655,20,20,5000,30,0.0,8.838668084680105,2204.511077749604,9.274305038809633,9.10576934904374,12.253803169022811,0.0383663207978137,10.246037807252522,12.71382496720064,5000,0
k,k=20,z_z_z,8,ok,8.63102661547655,20,20,5000,30,0.0,9.303891385605084,2469.086346268776,9.50077380283255,9.604573872086089,12.841105385790144,0.041656141963364604,10.435914793630898,14.525679601718869,5000,0
k,k=20,z_z_z,9,ok,8.63102661547655,20,20,5000,30,0.0,9.098222908329626,2415.1115143681445,8.374594347761775,9.397436209234694,12.619837238610247,0.04142840017748836,10.050114030199289,12.766570025547944,5000,0
k,k=20,y_z_y,0,ok,55.35812478627791,20,20,5000,30,0.0,4.206468056434357,370.45008454299915,4.00477505167157,4.415206583989592,5.254881217152727,0.03802110641762428,0.5727365232863363,0.27457873087001805,5000,0
k,k=20,y_z_y,1,ok,55.35812478627791,20,20,5000,30,0.0,4.03793900060665,362.6885283905565,3.874565473346213,4.2492946419101365,5.032177923762147,0.03683052239067252,0.5377508927884903,0.26824850375499065,5000,0
k,k=20,y_z_y,2,ok,55.35812478627791,20,20,5000,30,0.0,4.34240733481696,388.59027495735137,4.152944116775894,4.564899809414036,5.410060467889037,0.03802927546498177,0.5540842621231584,0.2766013257961442,5000,0
k,k=20,y_z_y,3,ok,55.35812478627791,20,20,5000,30,0.0,4.002778265499936,356.0973333542343,3.928399416119941,4.188938286695968,4.973130041075318,0.0377193125369602,0.5305058382078498,0.2620717568754137,5000,0
k,k=20,y_z_y,4,ok,55.35812478627791,20,20,5000,30,0.0,3.8563013262153736,338.8662579786902,3.8289695612542607,4.066149765414114,4.833835704661631,0.0374572372298151,0.5050125177620655,0.2635771522306568,5000,0
k,k=20,y_z_y,5,ok,55.35812478627791,20,20,5000,30,0.0,3.7585493977453153,340.1070376443776,3.6756366553688675,3.9514366650616024,4.672725347387175,0.038289956823821455,0.4983630817249957,0.26094739155716085,5000,0
k,k=20,y_z_y,6,ok,55.35812478627791,20,20,5000,30,0.0,3.926212710557937,345.25197404937137,3.7392381332413,4.125783401567498,4.908105896184533,0.03783404422399131,0.5456646032384046,0.2693047513097572,5000,0
k,k=20,y_z_y,7,ok,55.35812478627791,20,20,5000,30,0.0,4.099509123442731,367.15381092106105,3.9319880112006387,4.30774066597105,5.098057617614057,0.03764191737280123,0.5392166248811394,0.26881995441162393,5000,0
k,k=20,y_z_y,8,ok,55.35812478627791,20,20,5000,30,0.0,4.0961505179140225,365.02325224436305,3.8645512732929563,4.314401715105038,5.134931089908629,0.03802110641762428,0.5642673904664179,0.27913335146270346,5000,0
k,k=20,y_z_y,9,ok,55.35812478627791,20,20,5000,30,0.0,3.9213603896174667,346.6495722050924,3.764705902039008,4.125465017613426,4.899781450461257,0.03764096277653742,0.5297543895755947,0.26752410585713543,5000,0
k,k=20,x_y_x,0,ok,3.5968374195681707,20,20,5000,30,0.0,0.026873987358148135,0.0022297369657657885,0.030369041316823973,0.0276084370031887,0.03769997973710977,0.0370596202354489,0.13684700992625237,0.054784988021774984,5000,0
k,k=20,x_y_x,1,ok,3.5968374195681707,20,20,5000,30,0.0,0.026334303876096043,0.001999396380235817,0.03016005491589468,0.026978759506031076,0.03690234218267582,0.036483261721083904,0.13675232691127473,0.054287353990898395,5000,0
k,k=20,x_y_x,2,ok,3.5968374195681707,20,20,5000,30,0.0,0.026404884039880516,0.002139219333959305,0.03145118484854125,0.027061070631183303,0.037079244360367226,0.037183992575429994,0.13708974612110963,0.05535934716730051,5000,0
k,k=20,x_y_x,3,ok,3.5968374195681707,20,20,5000,30,0.0,0.026512891539786913,0.0021659556202860866,0.030443141689541302,0.027205222558986504,0.03715454679573143,0.036657388945135136,0.13959568753518137,0.055084288542024344,5000,0
k,k=20,x_y_x,4,ok,3.5968374195681707,20,20,5000,30,0.0,0.0264637591110152,0.002017898125660255,0.029324023459378314,0.027163289851775404,0.03716172997262869,0.036670344718298234,0.13693821305626974,0.05404943673206872,5000,0
k,k=20,x_y_x,5,ok,3.5968374195681707,20,20,5000,30,0.0,0.026027074380106485,0.001920876289262243,0.029015106163583083,0.026664129331467643,0.036483177067443175,0.03649711822154443,0.13655682397463437,0.05396059962792231,5000,0
k,k=20,x_y_x,6,ok,3.5968374195681707,20,20,5000,30,0.0,0.025870509794638667,0.00189342881646864,0.03004981823911006,0.026429546822340343,0.03638607174279941,0.036708378035579844,0.13619093315773145,0.0540534729722137,5000,0
k,k=20,x_y_x,7,ok,3.5968374195681707,20,20,5000,30,0.0,0.025718447397004133,0.002032302673482542,0.02958943984800069,0.026331680794083594,0.03621988507806633,0.036584916772783214,0.1341681218231678,0.05341569957015956,5000,0
k,k=20,x_y_x,8,ok,3.5968374195681707,20,20,5000,30,0.0,0.026434230312244726,0.002240073530636211,0.029908960037709188,0.02710722573016219,0.03710354068883899,0.03714455603380364,0.1362665971219578,0.05439263898605887,5000,0
k,k=20,x_y_x,9,ok,3.5968374195681707,20,20,5000,30,0.0,0.02598030485772286,0.00201492255355068,0.028702859429290767,0.02656146657781536,0.03648152407180846,0.036547329407322506,0.13398479201433144,0.05320473395689521,5000,0
k,k=20,x_y_y,0,rank_deficient,inf,20,20,5000,30,0.0,nan,nan,nan,nan,nan,nan,nan,nan,,
k,k=20,x_y_y,1,rank_deficient,inf,20,20,5000,30,0.0,nan,nan,nan,nan,nan,nan,nan,nan,,
k,k=20,x_y_y,2,rank_deficient,inf,20,20,5000,30,0.0,nan,nan,nan,nan,nan,nan,nan,nan,,
k,k=20,x_y_y,3,rank_deficient,inf,20,20,5000,30,0.0,nan,nan,nan,nan,nan,nan,nan,nan,,
k,k=20,x_y_y,4,rank_deficient,inf,20,20,5000,30,0.0,nan,nan,nan,nan,nan,nan,nan,nan,,
k,k=20,x_y_y,5,rank_deficient,inf,20,20,5000,30,0.0,nan,nan,nan,nan,nan,nan,nan,nan,,
k,k=20,x_y_y,6,rank_deficient,inf,20,20,5000,30,0.0,nan,nan,nan,nan,nan,nan,nan,nan,,
k,k=20,x_y_y,7,rank_deficient,inf,20,20,5000,30,0.0,nan,nan,nan,nan,nan,nan,nan,nan,,
k,k=20,x_y_y,8,rank_deficient,inf,20,20,5000,30,0.0,nan,nan,nan,nan,nan,nan,nan,nan,,
k,k=20,x_y_y,9,rank_deficient,inf,20,20,5000,30,0.0,nan,nan,nan,nan,nan,nan,nan,nan,,
k,k=20,y_z_z,0,ok,260.9603612567652,20,20,5000,30,0.0,7.08047164859022,1601.0284124244877,8.385448453884784,7.4393986144863975,9.90594705609314,0.046652686735647014,5.03470385249634,3.80129784335812,5000,0
k,k=20,y_z_z,1,ok,260.9603612567652,20,20,5000,30,0.0,7.043509567439993,1788.9256668824084,8.376335746951774,7.482156857888783,9.800122389237208,0.045236557683428595,4.293811270655592,3.715291157006183,5000,0
k,k=20,y_z_z,2,ok,260.9603612567652,20,20,5000,30,0.0,7.095383828510065,1701.5948297274836,9.42991512123112,7.500638916880652,9.922730761232708,0.04728753541484662,4.707926985034528,3.7602657661158,5000,0
k,k=20,y_z_z,3,ok,260.9603612567652,20,20,5000,30,0.0,7.355212341890834,2027.4724670272544,8.246965900411551,7.752677984903357,10.230086281626782,0.0458747112185639,3.938364595426022,3.5750601824509345,5000,0
k,k=20,y_z_z,4,ok,260.9603612567652,20,20,5000,30,0.0,6.843442578371963,1542.3653719103859,8.20397082913419,7.160245187812313,9.570540977616028,0.04574877396405134,4.065676810839371,3.5753182512912316,5000,0
k,k=20,y_z_z,5,ok,260.9603612567652,20,20,5000,30,0.0,6.366151772907234,1414.7248652737146,7.422346472044305,6.684803540779009,8.977529167934067,0.04673009888363257,3.531463831650884,3.298917229114473,5000,0
k,k=20,y_z_z,6,ok,260.9603612567652,20,20,5000,30,0.0,6.888386934088814,1601.5205994185328,9.42130993815324,7.264400741359175,9.648330204077167,0.046100927264483185,4.732074652352967,3.7500955312508215,5000,0
k,k=20,y_z_z,7,ok,260.9603612567652,20,20,5000,30,0.0,6.905887361088439,1643.0779227395183,8.344775109827328,7.271048667424216,9.685050949968751,0.044169120271568454,4.713536186326605,3.6046368587288815,5000,0
k,k=20,y_z_z,8,ok,260.9603612567652,20,20,5000,30,0.0,7.157332791631024,1782.408870462593,8.829132824551937,7.612496749221861,10.0817137507385,0.046646675407878174,4.917922063761871,3.996661015499481,5000,0
k,k=20,y_z_z,9,ok,260.9603612567652,20,20,5000,30,0.0,6.906724948136721,1626.1899055858603,7.709179133382268,7.267588529045112,9.655153445038252,0.047079659017492156,4.547935555734686,3.638204274781121,5000,0
k,k=20,x_z_z,0,ok,281.2859780300304,20,20,5000,30,0.0,7.102822179194755,1601.4407017379028,8.411596867146043,7.466060044108622,9.939048993917847,0.041418800330721796,5.034883085727026,3.7845663846755064,5000,0
k,k=20,x_z_z,1,ok,281.2859780300304,20,20,5000,30,0.0,7.058877571903204,1789.0020751585673,8.399578426183748,7.50148162407782,9.824441419674544,0.03972611343801068,4.28771219200388,3.6996024068501954,5000,0
k,k=20,x_z_z,2,ok,281.2859780300304,20,20,5000,30,0.0,7.112349642628772,1701.76088871594,9.459520302611333,7.522560326962577,9.949774294613327,0.04249775836241765,4.681229099719612,3.7439176971564514,5000,0
k,k=20,x_z_z,3,ok,281.2859780300304,20,20,5000,30,0.0,7.370087359942312,2027.4411627411403,8.279007652883339,7.77189087197795,10.252964903165866,0.040812680697335124,3.911677459579855,3.5586306409690223,5000,0
k,k=20,x_z_z,4,ok,281.2859780300304,20,20,5000,30,0.0,6.862906685997657,1542.5885554584308,8.235397241504945,7.1845778885207885,9.600864006381777,0.041069075583395794,4.01348142951642,3.558079709475744,5000,0
k,k=20,x_z_z,5,ok,281.2859780300304,20,20,5000,30,0.0,6.387552987995815,1415.0083365658832,7.454979214672307,6.711778468833619,9.010936500564162,0.04220999051344626,3.5287840746244226,3.282155087200653,5000,0
k,k=20,x_z_z,6,ok,281.2859780300304,20,20,5000,30,0.0,6.906813258627007,1601.8023157055068,9.4452934026608,7.287375611808387,9.676821405496524,0.04120286701095015,4.732343476591523,3.7342165341619418,5000,0
k,k=20,x_z_z,7,ok,281.2859780300304,20,20,5000,30,0.0,6.925798847531932,1643.3269958528736,8.37080175614422,7.29580330863507,9.716522309598885,0.039723631062525876,4.711234730726978,3.588479026367231,5000,0
k,k=20,x_z_z,8,ok,281.2859780300304,20,20,5000,30,0.0,7.175877638794172,1782.642287908171,8.862333439526617,7.636412849912344,10.11198322277344,0.04207284659688447,4.917814310282358,3.9809303894723387,5000,0
k,k=20,x_z_z,9,ok,281.2859780300304,20,20,5000,30,0.0,6.925731929556202,1626.477034106168,7.7341128361876645,7.2912309447075385,9.68529924189552,0.04149894242653803,4.545606245219034,3.619981762426657,5000,0
k,k=20,x_z_x,0,ok,64.42712473872164,20,20,5000,30,0.0,4.142562388060178,365.4726233277941,3.932185774825934,4.35304762978361,5.183702883501315,0.03700012039148008,0.5708942824221495,0.27215561827817863,5000,0
k,k=20,x_z_x,1,ok,64.42712473872164,20,20,5000,30,0.0,4.001420309007403,359.73404275430556,3.820532321878057,4.21278772399191,4.989380528003053,0.03598321077285849,0.5290820252867292,0.26560998309627487,5000,0
k,k=20,x_z_x,2,ok,64.42712473872164,20,20,5000,30,0.0,4.279848901748879,383.76223877566855,4.072506089586115,4.504781364272112,5.339263556969325,0.03673809617013904,0.54778345913328,0.27417295627618193,5000,0
k,k=20,x_z_x,3,ok,64.42712473872164,20,20,5000,30,0.0,3.9615388289040077,352.9357663566468,3.8626720386733533,4.151448116630867,4.929216973241164,0.03629953810256201,0.5241311441909651,0.25950004160243245,5000,0
k,k=20,x_z_x,4,ok,64.42712473872164,20,20,5000,30,0.0,3.809151606291999,335.02095774222073,3.7647776599392078,4.018673881105952,4.780824999718917,0.03627851078011472,0.5001800823025582,0.26143831162102277,5000,0
k,k=20,x_z_x,5,ok,64.42712473872164,20,20,5000,30,0.0,3.70737685479145,336.8010491464565,3.6129726256386916,3.90583376393503,4.622930614670052,0.037205922517908406,0.4935373231383625,0.2584855439336256,5000,0
k,k=20,x_z_x,6,ok,64.42712473872164,20,20,5000,30,0.0,3.877656387953992,341.88594318215206,3.693690156036729,4.076984775843933,4.850887700030373,0.036554009969631,0.5456754095455104,0.2671367347300148,5000,0
k,k=20,x_z_x,7,ok,64.42712473872164,20,20,5000,30,0.0,4.054007296753185,363.893038785533,3.8748510903577333,4.267604003099806,5.051043633686664,0.036331386301190614,0.5368276027569626,0.2664207996961985,5000,0
k,k=20,x_z_x,8,ok,64.42712473872164,20,20,5000,30,0.0,4.03963296389072,360.0470617049204,3.7922751801982786,4.253898753462228,5.063312868966366,0.03692688536602851,0.563670597697614,0.2765914765472969,5000,0
k,k=20,x_z_x,9,ok,64.42712473872164,20,20,5000,30,0.0,3.849981041580417,342.33547874047684,3.6826314860875353,4.0712615204358125,4.83513105590915,0.03674749418434466,0.52405581233876,0.2651108821105092,5000,0
k,k=20,y_plus_z,0,ok,13.90120303609631,20,20,5000,30,0.0,0.41842035559508506,6.263137492918111,0.41987831256335867,0.44246042151364784,0.5778081999251002,0.036536645682010954,0.24585606597131654,0.2703765364769678,5000,0
k,k=20,y_plus_z,1,ok,13.90120303609631,20,20,5000,30,0.0,0.4084996701577221,6.299347126723544,0.44032354798994383,0.4318686784190122,0.5684823901789048,0.03587776161197479,0.23001113963814968,0.2767200551376001,5000,0
k,k=20,y_plus_z,2,ok,13.90120303609631,20,20,5000,30,0.0,0.4231582140831159,6.378993636848837,0.45122734367701467,0.44728302066426534,0.5894916183333518,0.03644211684492899,0.2568714516120873,0.28300608687819184,5000,0
k,k=20,y_plus_z,3,ok,13.90120303609631,20,20,5000,30,0.0,0.40270176110223327,5.676301562750991,0.4294754073795084,0.4174192832396542,0.5515078674960504,0.03629575629527424,0.21672657396784606,0.26981990083022045,5000,0
k,k=20,y_plus_z,4,ok,13.90120303609631,20,20,5000,30,0.0,0.4086580775581878,6.057002436340607,0.38704158292022467,0.4324099945598794,0.570157961237842,0.03623811543621601,0.21860736975292616,0.2640795090005465,5000,0
k,k=20,y_plus_z,5,ok,13.90120303609631,20,20,5000,30,0.0,0.3877409042137642,5.917738052421329,0.3624161132922388,0.40934992248147317,0.539341635831491,0.03635051917406278,0.21666295591002932,0.2557447528871925,5000,0
k,k=20,y_plus_z,6,ok,13.90120303609631,20,20,5000,30,0.0,0.425066954563736,6.6912018504051884,0.42651934254669005,0.44955457300132784,0.5946922257939271,0.03628362383776873,0.22243329633926387,0.27358422142390637,5000,0
k,k=20,y_plus_z,7,ok,13.90120303609631,20,20,5000,30,0.0,0.42505251824688356,7.154461400185814,0.3972524113667299,0.44560208508590304,0.5873440377341421,0.03620288977264243,0.25517822975880994,0.2700462198252547,5000,0
k,k=20,y_plus_z,8,ok,13.90120303609631,20,20,5000,30,0.0,0.45328981975448585,8.333567329156745,0.455225734595826,0.4813323270514312,0.6266378089766371,0.036462921283134435,0.2504915666290236,0.29965482833877366,5000,0
k,k=20,y_plus_z,9,ok,13.90120303609631,20,20,5000,30,0.0,0.4108572783384737,6.343222462396762,0.39492183342014264,0.4326639660254261,0.5680401551660337,0.03625416272711082,0.23951503807186614,0.2648011234791023,5000,0
k,k=20,x_plus_z,0,ok,33.17345746870676,20,20,5000,30,0.0,0.8900111025132424,35.06028583856172,1.0407155304729636,0.9493530989637431,1.277856667391691,0.0355578092593414,0.42035797765148714,0.3466848348401843,5000,0
k,k=20,x_plus_z,1,ok,33.17345746870676,20,20,5000,30,0.0,0.9428854899014721,43.15753561474738,1.1836135087063515,1.0197286213661678,1.3549664670496695,0.03426851046174263,0.3745849297220781,0.34517118935361735,5000,0
k,k=20,x_plus_z,2,ok,33.17345746870676,20,20,5000,30,0.0,0.899922841673664,35.674222111289005,1.194308205309152,0.9678856726895345,1.2907464832858047,0.03553323185342995,0.41158722694872535,0.3553423368082886,5000,0
k,k=20,x_plus_z,3,ok,33.17345746870676,20,20,5000,30,0.0,0.8764159010891887,35.04830225319209,1.0521050560862513,0.9430215504213234,1.2469654312650582,0.034553528662283395,0.37138737044426195,0.3402439255029879,5000,0
k,k=20,x_plus_z,4,ok,33.17345746870676,20,20,5000,30,0.0,0.8918742843729156,36.412409048587186,0.9951922267284156,0.9672232550499155,1.287904607875389,0.03475287280457494,0.3708132560420189,0.3389867456836408,5000,0
k,k=20,x_plus_z,5,ok,33.17345746870676,20,20,5000,30,0.0,0.8584957923342761,35.67785884712215,0.9810222043540309,0.920545657441886,1.2189232305186652,0.03568300960355835,0.34884315402794386,0.31355942397004405,5000,0
k,k=20,x_plus_z,6,ok,33.17345746870676,20,20,5000,30,0.0,0.9151714578310756,37.114155917175914,1.2112510489768171,0.9763355105115704,1.296672651935857,0.035488614739764245,0.39549255435089975,0.33872884100059636,5000,0
k,k=20,x_plus_z,7,ok,33.17345746870676,20,20,5000,30,0.0,0.8626553989975542,34.19576694823733,0.9977796365083966,0.9295390390798333,1.235271820463202,0.03478660751272693,0.3930701835106123,0.3305178569151233,5000,0
k,k=20,x_plus_z,8,ok,33.17345746870676,20,20,5000,30,0.0,0.9458910634342447,41.8222237394899,1.2185281489276822,1.032940097954628,1.3579523063150696,0.03555261387842254,0.4051185529517767,0.3608680290369815,5000,0
k,k=20,x_plus_z,9,ok,33.17345746870676,20,20,5000,30,0.0,0.8737955342777451,35.881148457885764,1.0248649058973969,0.9376475361716718,1.2529379040011772,0.035198464632229205,0.39780836854943874,0.33640958505366114,5000,0
k,k=20,x_plus_y,0,ok,2.562258516347068,20,20,5000,30,0.0,0.055650325487792744,0.04259073714263966,0.06082813579995416,0.05770012244285285,0.07592736079109272,0.03528493646838668,0.1661654715391445,0.07357727346960537,5000,0
k,k=20,x_plus_y,1,ok,2.562258516347068,20,20,5000,30,0.0,0.054768740138009954,0.043253719122001454,0.06015561616732809,0.05685325285532149,0.07477017682449755,0.034740165952855465,0.16478379599216803,0.07324109894281317,5000,0
k,k=20,x_plus_y,2,ok,2.562258516347068,20,20,5000,30,0.0,0.05575862537751734,0.047391367948117456,0.06349957850760318,0.05803734223182366,0.07634157570094952,0.035324534120361795,0.1662033669962639,0.07442571657737238,5000,0
k,k=20,x_plus_y,3,ok,2.562258516347068,20,20,5000,30,0.0,0.05392532833464109,0.04169660404181085,0.05899936265540493,0.05591634229320671,0.07423459245231487,0.035074454078122014,0.16519823949073234,0.07276180341219766,5000,0
k,k=20,x_plus_y,4,ok,2.562258516347068,20,20,5000,30,0.0,0.052815295281973616,0.032329733026879456,0.0597767597238151,0.05428649812787621,0.07219560432201753,0.034921458052020134,0.16225188752483843,0.0717965224320528,5000,0
k,k=20,x_plus_y,5,ok,2.562258516347068,20,20,5000,30,0.0,0.05194428728102694,0.03580747885917582,0.05481159775488495,0.05363402206669169,0.07126957679710445,0.035012850887680955,0.15554020341862057,0.06944664803049158,5000,0
k,k=20,x_plus_y,6,ok,2.562258516347068,20,20,5000,30,0.0,0.05662525448390825,0.060865106688184165,0.06098903942642633,0.05916556174506985,0.07769010895877902,0.035017992880253174,0.16272130852732342,0.07314246677033795,5000,0
k,k=20,x_plus_y,7,ok,2.562258516347068,20,20,5000,30,0.0,0.0534447107929005,0.04150917990423575,0.05854205109218674,0.055246584121222714,0.07352789948772717,0.03499712536323564,0.16438879689634336,0.07119206159084893,5000,0
k,k=20,x_plus_y,8,ok,2.562258516347068,20,20,5000,30,0.0,0.054205136701933915,0.03914371897632308,0.0645739339539837,0.05613682766143525,0.07449294684238034,0.03518155950375834,0.16340045612998977,0.07434736694005802,5000,0
k,k=20,x_plus_y,9,ok,2.562258516347068,20,20,5000,30,0.0,0.05253576060882695,0.034856423818358545,0.05779590798508386,0.0542704119248895,0.07212211875935272,0.034881583796054876,0.1627723139326662,0.0707041525446544,5000,0
k,k=100,x_x_x,0,ok,3.090816180484919,20,100,5000,30,0.0,0.17230327422100186,0.45183662212004366,0.13005635136245247,0.17886945792853376,0.23720040798262945,0.1051094178330885,0.24122779047410686,0.2068570564318785,5000,0
k,k=100,x_x_x,1,ok,3.090816180484919,20,100,5000,30,0.0,0.17134818510325614,0.4602832315216436,0.1263933754494768,0.1778052275119421,0.23421846509048738,0.10260932245823165,0.2353491260267031,0.20370853661359475,5000,0
k,k=100,x_x_x,2,ok,3.090816180484919,20,100,5000,30,0.0,0.1715011966139994,0.4514662008970623,0.1292533422605086,0.17781527783297055,0.23526633542376557,0.10498917553495683,0.24232165031442116,0.20642289313527898,5000,0
k,k=100,x_x_x,3,ok,3.090816180484919,20,100,5000,30,0.0,0.16842543255097672,0.4277562600746928,0.1224257036053682,0.1736958598750728,0.23054620798788927,0.10397323470235095,0.23058608084120927,0.20049121440499265,5000,0
k,k=100,x_x_x,4,ok,3.090816180484919,20,100,5000,30,0.0,0.16781583895620752,0.41933376646825443,0.1314698865342127,0.1727781411453286,0.23030403228582869,0.10359777928506009,0.23325544221471273,0.20216711897710485,5000,0
k,k=100,x_x_x,5,ok,3.090816180484919,20,100,5000,30,0.0,0.1623907464653907,0.4222575800726682,0.11473844519414511,0.167941629833781,0.2233217233304931,0.10453361900342241,0.2318039799015066,0.19421247135044054,5000,0
k,k=100,x_x_x,6,ok,3.090816180484919,20,100,5000,30,0.0,0.17591793826258778,0.5199990887990338,0.1311097422011348,0.1830826292654964,0.24099058615045546,0.10451152500738967,0.23747651316305035,0.2045087802623458,5000,0
k,k=100,x_x_x,7,ok,3.090816180484919,20,100,5000,30,0.0,0.16980204661324827,0.44987703644410276,0.12561051388273597,0.17540348655931406,0.23247891123358266,0.10272908547748355,0.2451021400424512,0.20229443542857498,5000,0
k,k=100,x_x_x,8,ok,3.090816180484919,20,100,5000,30,0.0,0.17792494375658213,0.4992517202690464,0.13473883537639597,0.18533808429702167,0.24393249319832713,0.10377879358962164,0.23781311006862002,0.20877752364821917,5000,0
k,k=100,x_x_x,9,ok,3.090816180484919,20,100,5000,30,0.0,0.16871562125464942,0.4395565793767192,0.12105256317075477,0.17431135083820984,0.23111457112453762,0.10359888184893841,0.2386176572059031,0.20226558567411818,5000,0
k,k=100,y_y_y,0,ok,3.44652416507327,20,100,5000,30,0.0,0.07292230592973901,0.012973141599223038,0.04271675346638795,0.07398193698128332,0.10007678926203101,0.1079150814196291,0.20585838052785663,0.1292279547620819,5000,0
k,k=100,y_y_y,1,ok,3.44652416507327,20,100,5000,30,0.0,0.07135814265149772,0.011954267948464693,0.043241367324593945,0.0723146172953333,0.0978970109743964,0.10611491158017086,0.2004829883760086,0.12767677633841756,5000,0
k,k=100,y_y_y,2,ok,3.44652416507327,20,100,5000,30,0.0,0.07166596109485053,0.012258448464570235,0.04465906683636241,0.07263871984299729,0.09849591407766371,0.10790598343457808,0.2054124167516115,0.1294287815644816,5000,0
k,k=100,y_y_y,3,ok,3.44652416507327,20,100,5000,30,0.0,0.07109958693475789,0.011634694554540604,0.043749608046811925,0.0720981297228316,0.09769376009605808,0.10830715836388011,0.2042989124401267,0.12842870810820223,5000,0
k,k=100,y_y_y,4,ok,3.44652416507327,20,100,5000,30,0.0,0.07183086727064203,0.012065984800858576,0.04254474866965833,0.07283494708149574,0.09863296393535255,0.10733434951192805,0.20307164198142394,0.12773066931061366,5000,0
k,k=100,y_y_y,5,ok,3.44652416507327,20,100,5000,30,0.0,0.0706547765064872,0.011218418522133964,0.04195428280240631,0.07159420069878236,0.09693282584430654,0.10746038627842787,0.1956674173865392,0.12738081953688699,5000,0
k,k=100,y_y_y,6,ok,3.44652416507327,20,100,5000,30,0.0,0.07182174795154789,0.012036181079632606,0.04298618299564041,0.07271904167766263,0.0985224363239577,0.1078622931616322,0.20128334052169244,0.1283982091916742,5000,0
k,k=100,y_y_y,7,ok,3.44652416507327,20,100,5000,30,0.0,0.07126479603226753,0.012186038176640929,0.041609556717412614,0.072195401774948,0.09782162590132559,0.10698790862279012,0.1993421080004755,0.12725848730878925,5000,0
k,k=100,y_y_y,8,ok,3.44652416507327,20,100,5000,30,0.0,0.07213651196649976,0.012762705592563723,0.042977452007448416,0.07320064884016726,0.09903491197173854,0.1076206336947266,0.19932177915740654,0.12857437627748358,5000,0
k,k=100,y_y_y,9,ok,3.44652416507327,20,100,5000,30,0.0,0.0714195783087415,0.012023946394607382,0.04150168795715403,0.07236524739479225,0.09804342691872173,0.10718642029709574,0.19854396133861232,0.1270289752131935,5000,0
k,k=100,z_z_z,0,ok,8.63102661547655,20,100,5000,30,0.0,21.083550521318962,10873.31757958526,14.60197035751139,21.402894411028882,29.30368182499146,0.10755264464902503,27.981374676485437,33.425700357560416,5000,0
k,k=100,z_z_z,1,ok,8.63102661547655,20,100,5000,30,0.0,20.506371009226555,10789.686606536294,14.080366023096628,20.85308735820273,28.44074783486617,0.1106018773384307,25.84787476320869,33.38356013804926,5000,0
k,k=100,z_z_z,2,ok,8.63102661547655,20,100,5000,30,0.0,20.921057187527364,10863.353523874333,15.262442356323747,21.320640133255438,29.09506011725386,0.11692072545143162,28.166280934139873,33.664736960831675,5000,0
k,k=100,z_z_z,3,ok,8.63102661547655,20,100,5000,30,0.0,20.257793181641038,10704.5315225283,13.623555963606382,20.568634228662432,28.142538101873296,0.11259067614481105,25.55959569790679,32.17122663489946,5000,0
k,k=100,z_z_z,4,ok,8.63102661547655,20,100,5000,30,0.0,20.536698418412566,10644.977410745054,14.633408078066717,20.77511759381034,28.54719429099557,0.11354463369872235,25.727253302672626,32.57303396987202,5000,0
k,k=100,z_z_z,5,ok,8.63102661547655,20,100,5000,30,0.0,19.178354309956934,9827.247591757427,12.369133327687223,19.486648294646834,26.682797671002984,0.11287583138950341,24.226175478725086,30.331089763670676,5000,0
k,k=100,z_z_z,6,ok,8.63102661547655,20,100,5000,30,0.0,20.999558255930488,11434.863034803107,14.11246561235566,21.404069256441627,29.157961546842092,0.11502570426262905,27.354539346684717,33.12098458309443,5000,0
k,k=100,z_z_z,7,ok,8.63102661547655,20,100,5000,30,0.0,20.308880304303266,10611.93474428745,14.023228989540334,20.587987797254087,28.226230117627395,0.1068848959033259,27.77464426884833,32.48489069133128,5000,0
k,k=100,z_z_z,8,ok,8.63102661547655,20,100,5000,30,0.0,21.263435561273077,11255.815849946517,14.563560862269995,21.690123431531042,29.60294534519006,0.11763768293218121,27.673579177502855,35.9826673910725,5000,0
k,k=100,z_z_z,9,ok,8.63102661547655,20,100,5000,30,0.0,20.53032040564449,10564.945822824711,13.459665022962401,20.837823506075758,28.51312239191797,0.11647157537595058,27.457522983252638,32.297429632387086,5000,0
k,k=100,y_z_y,0,ok,55.35812478627791,20,100,5000,30,0.0,5.122295332400853,406.58457722304456,5.245717107380477,5.249330495618019,6.165960481068684,0.10803590265055818,1.3224588219203226,1.0310655790982262,5000,0
k,k=100,y_z_y,1,ok,55.35812478627791,20,100,5000,30,0.0,4.902485377489554,394.48997234624403,4.929996558643297,5.027859894401624,5.888842632589974,0.1057069714108349,1.2811127758530363,1.0268861425301918,5000,0
k,k=100,y_z_y,2,ok,55.35812478627791,20,100,5000,30,0.0,5.207605475684848,419.90793705190515,5.300676584718651,5.340832303951612,6.247972818492246,0.10825872563543668,1.3104133999338161,1.0432707400248482,5000,0
k,k=100,y_z_y,3,ok,55.35812478627791,20,100,5000,30,0.0,4.780765926102321,384.1925939891769,4.983315283430955,4.9063990532697686,5.758712631278923,0.10740694521321775,1.2803852866126337,0.983737794728693,5000,0
k,k=100,y_z_y,4,ok,55.35812478627791,20,100,5000,30,0.0,4.737302693317752,371.27030695143407,4.940419014089885,4.843195443873979,5.694334660629872,0.10731864320084764,1.2688415184319097,0.9947634576842483,5000,0
k,k=100,y_z_y,5,ok,55.35812478627791,20,100,5000,30,0.0,4.612506838611087,369.1508691692259,4.756011810841436,4.722406295836244,5.533288561822922,0.10841120600142809,1.2666815538991891,0.9601810474083832,5000,0
k,k=100,y_z_y,6,ok,55.35812478627791,20,100,5000,30,0.0,4.805145958771489,379.419766577903,4.814153509825224,4.925253158790124,5.801356330185672,0.10741099547152791,1.291341357356194,1.0221431056051515,5000,0
k,k=100,y_z_y,7,ok,55.35812478627791,20,100,5000,30,0.0,4.996706574521383,401.92572749913995,5.102693081464365,5.1255140085664115,5.9999259727224565,0.10720411879115474,1.285211815687262,0.9954351991879962,5000,0
k,k=100,y_z_y,8,ok,55.35812478627791,20,100,5000,30,0.0,5.072920614737492,405.08807406965855,5.02512944590676,5.1995567583339835,6.107241466350071,0.10832196326242213,1.3104592226557539,1.081445257616815,5000,0
k,k=100,y_z_y,9,ok,55.35812478627791,20,100,5000,30,0.0,4.843938855447277,382.82882157919016,5.002560973055595,4.96614485022259,5.83235162774446,0.10793871861736393,1.291025717427025,1.0198784494574185,5000,0
k,k=100,x_y_x,0,ok,3.5968374195681707,20,100,5000,30,0.0,0.07315223414499152,0.01281603344833193,0.043126421434736925,0.07422378243430515,0.10047822123926053,0.1080026138251954,0.20721456746505337,0.13028620161341375,5000,0
k,k=100,x_y_x,1,ok,3.5968374195681707,20,100,5000,30,0.0,0.07174283055712205,0.012273030168681533,0.043493887413941175,0.07278978080926662,0.09856387398698825,0.10664372982345477,0.20202583137591434,0.1287124177026307,5000,0
k,k=100,x_y_x,2,ok,3.5968374195681707,20,100,5000,30,0.0,0.07207143384031153,0.012178896165611276,0.044862168711150265,0.07298173148770097,0.09895139905567782,0.10793577205216995,0.20690763067069856,0.13060876297533786,5000,0
k,k=100,x_y_x,3,ok,3.5968374195681707,20,100,5000,30,0.0,0.07136568765171855,0.011424095729542146,0.04420337791933034,0.07229252374871604,0.09795831183338428,0.10813607167847641,0.20418863735090928,0.12947974124346526,5000,0
k,k=100,x_y_x,4,ok,3.5968374195681707,20,100,5000,30,0.0,0.07212518750667768,0.012021635173639371,0.04286295124129977,0.07310026874987002,0.09907367812138629,0.1072956464865279,0.20289598947652063,0.12872844307243153,5000,0
k,k=100,x_y_x,5,ok,3.5968374195681707,20,100,5000,30,0.0,0.07099437206814088,0.011112424835721193,0.04219921963879832,0.0718807060950243,0.09738804723340806,0.10754174258393276,0.1969818616683884,0.1284326798216345,5000,0
k,k=100,x_y_x,6,ok,3.5968374195681707,20,100,5000,30,0.0,0.07223399693163944,0.012231357770577203,0.04321634396561704,0.07318606621054391,0.0991992197791488,0.10781824046453964,0.20350253688308775,0.12949784917307977,5000,0
k,k=100,x_y_x,7,ok,3.5968374195681707,20,100,5000,30,0.0,0.07173558073326064,0.012282832446939677,0.04182442963883493,0.07265203712534539,0.09842312072839049,0.10736457138161,0.20121869630439768,0.12828496824720428,5000,0
k,k=100,x_y_x,8,ok,3.5968374195681707,20,100,5000,30,0.0,0.07280824689234015,0.013090197026228293,0.042934108868123266,0.07384019186892893,0.09981700176329175,0.107681910097385,0.201254528146453,0.12974073210052617,5000,0
k,k=100,x_y_x,9,ok,3.5968374195681707,20,100,5000,30,0.0,0.07185177780919844,0.012022916018071877,0.04170972020724467,0.07273769980299924,0.09848882044953608,0.10716304094527575,0.20040331907783188,0.1281064220074899,5000,0
k,k=100,x_y_y,0,rank_deficient,inf,20,100,5000,30,0.0,nan,nan,nan,nan,nan,nan,nan,nan,,
k,k=100,x_y_y,1,rank_deficient,inf,20,100,5000,30,0.0,nan,nan,nan,nan,nan,nan,nan,nan,,
k,k=100,x_y_y,2,rank_deficient,inf,20,100,5000,30,0.0,nan,nan,nan,nan,nan,nan,nan,nan,,
k,k=100,x_y_y,3,rank_deficient,inf,20,100,5000,30,0.0,nan,nan,nan,nan,nan,nan,nan,nan,,
k,k=100,x_y_y,4,rank_deficient,inf,20,100,5000,30,0.0,nan,nan,nan,nan,nan,nan,nan,nan,,
k,k=100,x_y_y,5,rank_deficient,inf,20,100,5000,30,0.0,nan,nan,nan,nan,nan,nan,nan,nan,,
k,k=100,x_y_y,6,rank_deficient,inf,20,100,5000,30,0.0,nan,nan,nan,nan,nan,nan,nan,nan,,
k,k=100,x_y_y,7,rank_deficient,inf,20,100,5000,30,0.0,nan,nan,nan,nan,nan,nan,nan,nan,,
k,k=100,x_y_y,8,rank_deficient,inf,20,100,5000,30,0.0,nan,nan,nan,nan,nan,nan,nan,nan,,
k,k=100,x_y_y,9,rank_deficient,inf,20,100,5000,30,0.0,nan,nan,nan,nan,nan,nan,nan,nan,,
k,k=100,y_z_z,0,ok,260.9603612567652,20,100,5000,30,0.0,20.10856482921653,11805.166056034876,21.282409879792304,21.230189596709973,27.24435041913385,0.12487672427200269,11.833682371657819,11.130688272881041,5000,0
k,k=100,y_z_z,1,ok,260.9603612567652,20,100,5000,30,0.0,19.648812308130392,11816.750864930958,21.06746052213765,20.73201720389998,26.561906701099353,0.12360223814794276,10.153544821828234,10.841168019889805,5000,0
k,k=100,y_z_z,2,ok,260.9603612567652,20,100,5000,30,0.0,19.26220606356497,11090.380505398936,20.78158011467629,20.39320848950032,26.304523857889173,0.12838591585628986,12.783685887801928,11.115116409015888,5000,0
k,k=100,y_z_z,3,ok,260.9603612567652,20,100,5000,30,0.0,18.885711974307835,10795.555032134513,19.635950052394858,19.963637468333776,25.728804768143476,0.12597634132805238,9.738389637701655,10.39431046866974,5000,0
k,k=100,y_z_z,4,ok,260.9603612567652,20,100,5000,30,0.0,19.73517187842264,11649.65334151828,21.162817683984716,20.75815802873454,26.734578992239864,0.12451908437092132,9.80593375333773,10.647799381527346,5000,0
k,k=100,y_z_z,5,ok,260.9603612567652,20,100,5000,30,0.0,18.390365079730753,10981.758466924923,18.465023317152497,19.372672090687097,24.940064390497845,0.12676831655836268,9.414179882088709,9.791336105239496,5000,0
k,k=100,y_z_z,6,ok,260.9603612567652,20,100,5000,30,0.0,20.668136629974853,13197.506182618237,22.52467504008065,21.816731918961555,27.80550585281792,0.12603632181745048,10.973704859506912,10.69805448640197,5000,0
k,k=100,y_z_z,7,ok,260.9603612567652,20,100,5000,30,0.0,19.35750481198582,11339.741721152854,20.03766275242673,20.363281231345702,26.194447672757324,0.12311448291364997,11.46505162399405,10.792191798495018,5000,0
k,k=100,y_z_z,8,ok,260.9603612567652,20,100,5000,30,0.0,20.49349075723389,12098.509893938422,22.02971090698466,21.618837576458027,27.601827245249158,0.12774240776422552,11.423735897247928,11.39226580095551,5000,0
k,k=100,y_z_z,9,ok,260.9603612567652,20,100,5000,30,0.0,19.48299165080938,11438.750857627616,19.931298240248754,20.532234343683037,26.46855163643877,0.12784277436223634,11.434567200669488,10.840003911233406,5000,0
k,k=100,x_z_z,0,ok,281.2859780300304,20,100,5000,30,0.0,20.1403810928852,11806.300452497911,21.33234581903767,21.26151219075578,27.277035179589433,0.10411124648392844,11.833678791470051,11.094143494395443,5000,0
k,k=100,x_z_z,1,ok,281.2859780300304,20,100,5000,30,0.0,19.672956412906387,11817.179955427164,21.11660610544993,20.7545146790977,26.583915910022498,0.10565597596196447,10.159787052090191,10.804760006129984,5000,0
k,k=100,x_z_z,2,ok,281.2859780300304,20,100,5000,30,0.0,19.287167615241906,11090.90002195085,20.832672484445403,20.41732571946077,26.32897729267067,0.10791018512481612,12.782190555190313,11.078314179872214,5000,0
k,k=100,x_z_z,3,ok,281.2859780300304,20,100,5000,30,0.0,18.913581908950878,10796.041210043866,19.68529150321153,19.99044421527143,25.756288781256774,0.10761044591609137,9.718325952314808,10.357430923633297,5000,0
k,k=100,x_z_z,4,ok,281.2859780300304,20,100,5000,30,0.0,19.76354285380392,11650.081864678627,21.212538577787015,20.784831800081495,26.7621266127988,0.10765051571968204,9.8061543524005,10.60993661097882,5000,0
k,k=100,x_z_z,5,ok,281.2859780300304,20,100,5000,30,0.0,18.423345286620183,10982.659803679948,18.515600923731014,19.404840932798617,24.973076096246942,0.10795106972687302,9.40464204758073,9.754985556467751,5000,0
k,k=100,x_z_z,6,ok,281.2859780300304,20,100,5000,30,0.0,20.696365357024042,13198.00554626891,22.574649049770994,21.84357897968654,27.83286286432322,0.10790460941391775,10.974339211971392,10.662649326486415,5000,0
k,k=100,x_z_z,7,ok,281.2859780300304,20,100,5000,30,0.0,19.38397893264519,11340.396728564714,20.08161928181707,20.388482005438238,26.21994057296511,0.10501010450111192,11.468632742227976,10.756155335899331,5000,0
k,k=100,x_z_z,8,ok,281.2859780300304,20,100,5000,30,0.0,20.522819774477608,12099.021553502771,22.083984852030888,21.64620965970549,27.629714903827615,0.10940270606426172,11.413325642916824,11.355393341232974,5000,0
k,k=100,x_z_z,9,ok,281.2859780300304,20,100,5000,30,0.0,19.510016044662716,11439.463349926562,19.979828297044794,20.557966974088842,26.494735898386942,0.10804134066389869,11.430125863130625,10.802753570882636,5000,0
k,k=100,x_z_x,0,ok,64.42712473872164,20,100,5000,30,0.0,5.122312641144774,406.684665322648,5.232455145911972,5.250535595367566,6.167393415074014,0.10220413471086665,1.2933083420714095,1.023605694164564,5000,0
k,k=100,x_z_x,1,ok,64.42712473872164,20,100,5000,30,0.0,4.900580950406009,394.5546719103811,4.917421353072911,5.027013105598414,5.888733588563552,0.10074700507238508,1.261301750341156,1.0196128747044122,5000,0
k,k=100,x_z_x,2,ok,64.42712473872164,20,100,5000,30,0.0,5.207026797591113,420.00952604347515,5.290388991054799,5.341296665169047,6.248556698634927,0.10274223347764963,1.2847034504818142,1.0356825269115886,5000,0
k,k=100,x_z_x,3,ok,64.42712473872164,20,100,5000,30,0.0,4.780067101780904,384.27656460222846,4.9718494694421045,4.907005581711422,5.759959273730973,0.10145985424255236,1.2628406279154818,0.9763054815395668,5000,0
k,k=100,x_z_x,4,ok,64.42712473872164,20,100,5000,30,0.0,4.7359699771528145,371.349685320491,4.930769066823506,4.842442866383941,5.693720482669732,0.10124484993456656,1.2355788542795751,0.9873969744970765,5000,0
k,k=100,x_z_x,5,ok,64.42712473872164,20,100,5000,30,0.0,4.613075471198429,369.25161702867246,4.74597094456459,4.723681705889826,5.535188173498329,0.10274918583023324,1.2215686191435677,0.9526416463582679,5000,0
k,k=100,x_z_x,6,ok,64.42712473872164,20,100,5000,30,0.0,4.804443580236203,379.4929493131029,4.801797461493311,4.925244245724842,5.802140535081912,0.10183490882144816,1.2712025651961196,1.0146169393325097,5000,0
k,k=100,x_z_x,7,ok,64.42712473872164,20,100,5000,30,0.0,4.996485980288354,402.04560348409234,5.090649581471346,5.125607479295346,6.001119423784083,0.10120857963961079,1.2726109917600934,0.9878061129613656,5000,0
k,k=100,x_z_x,8,ok,64.42712473872164,20,100,5000,30,0.0,5.072209898144576,405.21842087383254,5.012402798778357,5.199956548989877,6.108072995503178,0.10223284092320609,1.281542392744083,1.0741099983755809,5000,0
k,k=100,x_z_x,9,ok,64.42712473872164,20,100,5000,30,0.0,4.841713436597286,382.887172684657,4.994411833143332,4.964532407955288,5.830955746810753,0.10179689791970387,1.2706572032342311,1.012225485016845,5000,0
k,k=100,y_plus_z,0,ok,13.90120303609631,20,100,5000,30,0.0,1.1480884986688753,40.195864468947896,1.0400324925491222,1.2015984833889393,1.5363350893456587,0.10026652052439786,0.6024434352021002,0.7218467762264261,5000,0
k,k=100,y_plus_z,1,ok,13.90120303609631,20,100,5000,30,0.0,1.1236838224201033,40.71921467984629,1.0366761084512877,1.1822109740927973,1.500853148495025,0.09921211589305026,0.5718918056485316,0.7366885692868608,5000,0
k,k=100,y_plus_z,2,ok,13.90120303609631,20,100,5000,30,0.0,1.1629876107143728,41.59074628704252,1.0868613314739188,1.2212885983564752,1.5571874297037225,0.10038813294969498,0.6299010232870148,0.7322144468457712,5000,0
k,k=100,y_plus_z,3,ok,13.90120303609631,20,100,5000,30,0.0,1.140454971770701,41.27725683584,1.0367525255054446,1.1909609812688426,1.5106138199226404,0.10024548296388593,0.5691636563279391,0.7106589796716485,5000,0
k,k=100,y_plus_z,4,ok,13.90120303609631,20,100,5000,30,0.0,1.1048713810517816,38.355247177685285,1.0373220195804012,1.153888231819698,1.4851199116364615,0.1000026443013783,0.5488885828845481,0.7149251827981808,5000,0
k,k=100,y_plus_z,5,ok,13.90120303609631,20,100,5000,30,0.0,1.0429966865594047,36.49019386735834,0.9398718932259102,1.0925256361175382,1.3903178731548866,0.10014813379615636,0.5472723937817118,0.676271531306218,5000,0
k,k=100,y_plus_z,6,ok,13.90120303609631,20,100,5000,30,0.0,1.1327105809203917,40.6959003255154,1.0070040253560386,1.190175133748796,1.519988752926399,0.10000246475520744,0.5725184674112044,0.7383174816240707,5000,0
k,k=100,y_plus_z,7,ok,13.90120303609631,20,100,5000,30,0.0,1.0983536650951424,38.69932744203227,1.001485840110203,1.1498444946861017,1.4654630360396472,0.09997931025269191,0.618591585289679,0.7038379585296946,5000,0
k,k=100,y_plus_z,8,ok,13.90120303609631,20,100,5000,30,0.0,1.2229258775333256,45.14591448920276,1.0652111880355362,1.2834987483910865,1.6218584066895547,0.10038733760460397,0.6129685570141037,0.7943368070355008,5000,0
k,k=100,y_plus_z,9,ok,13.90120303609631,20,100,5000,30,0.0,1.0965268571922433,38.1037614378221,0.9623502582487198,1.1485806154199545,1.4666817009476996,0.10017240084409512,0.5900582549716038,0.7150643827426737,5000,0
k,k=100,x_plus_z,0,ok,33.17345746870676,20,100,5000,30,0.0,2.610829722635104,205.98723890212355,2.7077295196831153,2.821348388638353,3.5312165565513927,0.10258569573482093,1.0300621333989763,0.99241921399696,5000,0
k,k=100,x_plus_z,1,ok,33.17345746870676,20,100,5000,30,0.0,2.5421034401819043,202.98964893840943,2.819359681203291,2.7524541467190202,3.4286247628840036,0.09883217478131161,0.9740064556027148,0.9597891351943797,5000,0
k,k=100,x_plus_z,2,ok,33.17345746870676,20,100,5000,30,0.0,2.5939289199311935,204.81363055694825,2.88228905547104,2.817656182919378,3.5154110684856335,0.10229229677784496,1.070794546281967,0.9909398170867487,5000,0
k,k=100,x_plus_z,3,ok,33.17345746870676,20,100,5000,30,0.0,2.4960390738111453,197.95478815795366,2.6723975863991787,2.6982426680919724,3.3635476866750107,0.10015708136039779,0.9719756428608669,0.9743864606858417,5000,0
k,k=100,x_plus_z,4,ok,33.17345746870676,20,100,5000,30,0.0,2.522099605077968,197.6236604500543,2.634142090330246,2.714308347674085,3.4039227654983537,0.1011544222085409,0.9655145552145461,0.9876816633523223,5000,0
k,k=100,x_plus_z,5,ok,33.17345746870676,20,100,5000,30,0.0,2.2370635886575276,165.62718279501343,2.358079071183292,2.4048821424119744,3.0285488308259874,0.10156339922154779,0.9685233948670611,0.8913389452789419,5000,0
k,k=100,x_plus_z,6,ok,33.17345746870676,20,100,5000,30,0.0,2.5247527114747084,201.07126967038926,2.643722705301843,2.7320887440762576,3.4236942394972436,0.10139470286317159,0.9961854718720707,0.9921188807202268,5000,0
k,k=100,x_plus_z,7,ok,33.17345746870676,20,100,5000,30,0.0,2.458208161632207,192.04493643067852,2.49676771632065,2.653191616456784,3.3214878194689197,0.0994137035186502,1.038803200028432,0.9639860943788572,5000,0
k,k=100,x_plus_z,8,ok,33.17345746870676,20,100,5000,30,0.0,2.651142970260611,209.7639818761386,2.909421296131326,2.852726838590653,3.5560824545792444,0.10158076888339863,1.033965962317529,0.9978070577491585,5000,0
k,k=100,x_plus_z,9,ok,33.17345746870676,20,100,5000,30,0.0,2.4603816700167083,192.02318902638652,2.62200592396461,2.66070145404741,3.3316434457563067,0.10159168211858291,1.0406802503220014,0.9557554560251283,5000,0
k,k=100,x_plus_y,0,ok,2.562258516347068,20,100,5000,30,0.0,0.14142566164169768,0.2585555743385409,0.10899893975477964,0.14629239853619125,0.19490596834581836,0.10706529331553767,0.2321684457272333,0.1782222225553448,5000,0
k,k=100,x_plus_y,1,ok,2.562258516347068,20,100,5000,30,0.0,0.13954427674026582,0.257413057820334,0.10460400231807229,0.14426457265711737,0.19121753819791307,0.1041938314182779,0.2237385987707841,0.1768732161293733,5000,0
k,k=100,x_plus_y,2,ok,2.562258516347068,20,100,5000,30,0.0,0.14033029333251626,0.2524860006177943,0.10868480194103959,0.1447298874093679,0.19220134866213956,0.10729148070436001,0.23291180375974715,0.17858754626829804,5000,0
k,k=100,x_plus_y,3,ok,2.562258516347068,20,100,5000,30,0.0,0.13819708949666298,0.24616960218570538,0.10392727964060086,0.14190064355658158,0.1891217075146182,0.10595053968846574,0.22283804474675145,0.1729206020338127,5000,0
k,k=100,x_plus_y,4,ok,2.562258516347068,20,100,5000,30,0.0,0.13794122677863163,0.23930605133877206,0.10809814402437923,0.1419960085282012,0.18969775399710023,0.10562353765710968,0.22443588921542423,0.17544514200527453,5000,0
k,k=100,x_plus_y,5,ok,2.562258516347068,20,100,5000,30,0.0,0.13316010999440708,0.23059478293735175,0.09757413468056395,0.1368471433964797,0.18283014641224846,0.10682505946605697,0.22062881106950094,0.1690587225432168,5000,0
k,k=100,x_plus_y,6,ok,2.562258516347068,20,100,5000,30,0.0,0.14309373583892754,0.2906403313077418,0.10993434831355775,0.14855637945608763,0.1965974270900984,0.10712007220924824,0.22423023385959295,0.1771968132580327,5000,0
k,k=100,x_plus_y,7,ok,2.562258516347068,20,100,5000,30,0.0,0.1387708688799375,0.25092527589353725,0.10382260742747085,0.14285985008428614,0.190285181554185,0.1050144939250762,0.22803438099054513,0.17403644823540476,5000,0
k,k=100,x_plus_y,8,ok,2.562258516347068,20,100,5000,30,0.0,0.1440487168147824,0.27026653809025236,0.11110338517264286,0.14880707543417038,0.19701523424133044,0.10627841802596835,0.2251657966568773,0.1794515829689416,5000,0
k,k=100,x_plus_y,9,ok,2.562258516347068,20,100,5000,30,0.0,0.13802737546263738,0.24945512033559836,0.09961703248411416,0.1422789114874463,0.18944588691801587,0.10577606748945842,0.22257725557601046,0.17518799466217036,5000,0
horizon,n=5,x_x_x,0,ok,3.090816180484919,5,50,5000,30,0.0,0.0785721133960157,0.05698914697613899,0.05232580098816069,0.08018776584453938,0.10798234932136358,0.06640683596979952,0.19197687003770017,0.13587392183483338,5000,0
horizon,n=5,x_x_x,1,ok,3.090816180484919,5,50,5000,30,0.0,0.07938369648398651,0.06112614161777973,0.05340544270393533,0.08105126165162319,0.10911884543736962,0.06543704414628172,0.18808726028330214,0.13543649823326173,5000,0
horizon,n=5,x_x_x,2,ok,3.090816180484919,5,50,5000,30,0.0,0.08038104211190969,0.06186247612866049,0.05528788224681132,0.08197128058354461,0.11039249532822992,0.06636586667817809,0.19343949910273242,0.13711364811181107,5000,0
horizon,n=5,x_x_x,3,ok,3.090816180484919,5,50,5000,30,0.0,0.07750678954278147,0.055627338116964686,0.05239530743647499,0.07884552186648008,0.10618633431394724,0.06590575139333554,0.19229249951825492,0.13256594896896623,5000,0
horizon,n=5,x_x_x,4,ok,3.090816180484919,5,50,5000,30,0.0,0.07473271737569878,0.05000542414337746,0.052907913962915276,0.07608151494291485,0.10285278509926275,0.06586822642529234,0.18728482070847763,0.13154412216863326,5000,0
horizon,n=5,x_x_x,5,ok,3.090816180484919,5,50,5000,30,0.0,0.0748028807821268,0.05261279665386656,0.050553907005590384,0.07630511377543335,0.10277228588423007,0.06612889407633743,0.18815157245644626,0.13024145892357386,5000,0
horizon,n=5,x_x_x,6,ok,3.090816180484919,5,50,5000,30,0.0,0.07978409228199476,0.06128813596533787,0.053460901112956025,0.0812983569853641,0.1100837169981387,0.06638404479251885,0.18959894581595438,0.1361125282677253,5000,0
horizon,n=5,x_x_x,7,ok,3.090816180484919,5,50,5000,30,0.0,0.0767134503642169,0.054455748467104284,0.050083132253158316,0.07813358120085731,0.10568963544033806,0.06549280186322452,0.19000731324138087,0.13246214564061956,5000,0
horizon,n=5,x_x_x,8,ok,3.090816180484919,5,50,5000,30,0.0,0.07965146188921565,0.06224043950198243,0.051740609536446915,0.08136473774882025,0.10956226139890107,0.06587879800103391,0.19114127455069366,0.1351474881553946,5000,0
horizon,n=5,x_x_x,9,ok,3.090816180484919,5,50,5000,30,0.0,0.07690820804996856,0.054656092419168884,0.05142506336707206,0.07822457493341956,0.10573100737062383,0.06583044460747546,0.19174691709603772,0.1330100875994574,5000,0
horizon,n=5,y_y_y,0,ok,3.44652416507327,5,50,5000,30,0.0,0.04301294137415454,0.0036639016454414644,0.031261703001376075,0.04352486291491052,0.05889945324590146,0.06603671945457953,0.1688420641893856,0.08616540141959404,5000,0
horizon,n=5,y_y_y,1,ok,3.44652416507327,5,50,5000,30,0.0,0.042481153827449734,0.0035557026615882846,0.03110694371302345,0.04294201415434273,0.05818815145401644,0.06477604875917528,0.16804529841760638,0.08536133428023109,5000,0
horizon,n=5,y_y_y,2,ok,3.44652416507327,5,50,5000,30,0.0,0.04249219630767833,0.0035241206866999074,0.032248770064202924,0.04295501724956391,0.05825174722991726,0.06575444780877138,0.16802204730507544,0.08631973512333914,5000,0
horizon,n=5,y_y_y,3,ok,3.44652416507327,5,50,5000,30,0.0,0.042128955129891,0.003402425551390113,0.031427412782419735,0.042582068099998815,0.05770257201736124,0.065676659027842,0.16705570176070494,0.08548117166155833,5000,0
horizon,n=5,y_y_y,4,ok,3.44652416507327,5,50,5000,30,0.0,0.042309337908716056,0.003413903915971361,0.030457355841774354,0.04275471285960775,0.05794445388661343,0.06522530208235194,0.16683848077166816,0.0848153727139917,5000,0
horizon,n=5,y_y_y,5,ok,3.44652416507327,5,50,5000,30,0.0,0.04199125308519649,0.0033350514651295468,0.0308558823302511,0.04244548246395354,0.05751520749789788,0.06545937660274623,0.16614099332615695,0.08502813120630114,5000,0
horizon,n=5,y_y_y,6,ok,3.44652416507327,5,50,5000,30,0.0,0.04257851882862072,0.003527847821299676,0.031095911681362394,0.04302025631319666,0.05841426697742202,0.06587257030586363,0.16806801974271313,0.08589999087290683,5000,0
horizon,n=5,y_y_y,7,ok,3.44652416507327,5,50,5000,30,0.0,0.04163065845814107,0.003374431589887874,0.030294546382557134,0.0420496665864257,0.05714039914591353,0.06517002702192022,0.16469540711615296,0.08411877312499112,5000,0
horizon,n=5,y_y_y,8,ok,3.44652416507327,5,50,5000,30,0.0,0.042528919339479276,0.0036275403094295894,0.030826487019543377,0.04297630810925807,0.05824679077711354,0.06531353651267521,0.16553368087683965,0.08524333248771117,5000,0
horizon,n=5,y_y_y,9,ok,3.44652416507327,5,50,5000,30,0.0,0.04204609572119736,0.0034575345558137344,0.030006628511120327,0.042501182756411696,0.057648593792576,0.0653268444718785,0.1656918380120105,0.08431204575705635,5000,0
horizon,n=5,z_z_z,0,ok,8.63102661547655,5,50,5000,30,0.0,12.142057348764492,3665.4104178059565,7.927422687152729,12.316467221156246,16.55081204708636,0.06828278470146673,17.142194636674127,21.115489386540656,5000,0
horizon,n=5,z_z_z,1,ok,8.63102661547655,5,50,5000,30,0.0,12.674825670023896,4337.904138353855,7.994120687166412,12.836888037299236,17.073451830447333,0.06872336317648514,16.442762066971607,21.328935110244515,5000,0
horizon,n=5,z_z_z,2,ok,8.63102661547655,5,50,5000,30,0.0,12.792052226147007,4120.384416906727,8.355480373682552,13.002990088854467,17.380585707974202,0.07277416332528384,17.46069775502379,21.988819605251365,5000,0
horizon,n=5,z_z_z,3,ok,8.63102661547655,5,50,5000,30,0.0,11.767146593770402,3705.197757921939,7.784942156138884,11.90260475388081,15.94875476839931,0.07158604591748174,16.385607217354675,20.49531960420893,5000,0
horizon,n=5,z_z_z,4,ok,8.63102661547655,5,50,5000,30,0.0,11.628766127814314,3555.9114521272836,7.577786140930135,11.75316554533086,15.904346835926727,0.0704275113620581,16.028293359739003,20.29638885608918,5000,0
horizon,n=5,z_z_z,5,ok,8.63102661547655,5,50,5000,30,0.0,11.283564839138004,3450.834783221923,7.017990254715197,11.465008967225474,15.363614886395514,0.06871750688584752,15.995879273095177,19.454143748901547,5000,0
horizon,n=5,z_z_z,6,ok,8.63102661547655,5,50,5000,30,0.0,13.164155012564784,4483.796243700512,7.664666361475048,13.355555611809573,17.90788841900208,0.07177145872692178,17.320915022811487,21.98045980526743,5000,0
horizon,n=5,z_z_z,7,ok,8.63102661547655,5,50,5000,30,0.0,11.679945413566593,3651.3796984834253,7.357535648655367,11.827165208312232,15.900567410331563,0.06781733662468081,16.516046322973196,20.20450022857462,5000,0
horizon,n=5,z_z_z,8,ok,8.63102661547655,5,50,5000,30,0.0,12.772532953871336,4294.40382143409,8.175068276472771,13.024122921478192,17.415820835784572,0.06925915104072414,17.36170326870417,22.2919288594602,5000,0
horizon,n=5,z_z_z,9,ok,8.63102661547655,5,50,5000,30,0.0,12.227755493558142,3889.32583010502,7.27888629361886,12.391359799594275,16.653756171245774,0.0702839056386554,16.984687868462977,20.816886272703158,5000,0
horizon,n=5,y_z_y,0,ok,55.35812478627791,5,50,5000,30,0.0,1.4591815454512127,37.54138066356328,1.4532612929730129,1.496222821981644,1.799678701803636,0.0662177742523041,0.9361187450729935,0.5456121030039154,5000,0
horizon,n=5,y_z_y,1,ok,55.35812478627791,5,50,5000,30,0.0,1.4267536610598244,37.917841288901805,1.392790320598859,1.4626124643836624,1.7565674027581624,0.06451521331218536,0.905452988120603,0.5376843646574815,5000,0
horizon,n=5,y_z_y,2,ok,55.35812478627791,5,50,5000,30,0.0,1.494533822196042,39.041252117862136,1.4808722263091052,1.5330487432552935,1.8446020645648284,0.0671531852846396,0.9695662277671899,0.5663466718221304,5000,0
horizon,n=5,y_z_y,3,ok,55.35812478627791,5,50,5000,30,0.0,1.390296769553883,36.23132988673095,1.3914800135878362,1.4288029902880197,1.7127760514881436,0.06571863322400359,0.9228638430398391,0.5329961681637633,5000,0
horizon,n=5,y_z_y,4,ok,55.35812478627791,5,50,5000,30,0.0,1.34383104560851,34.50743655066606,1.3582154881501618,1.3793292969134794,1.6655251724555782,0.06605708223351592,0.8633850568197747,0.5317858495780506,5000,0
horizon,n=5,y_z_y,5,ok,55.35812478627791,5,50,5000,30,0.0,1.3467047240063494,34.951603142840625,1.3439314852560336,1.3835938586511443,1.6593674744763376,0.066562764461231,0.891059839118166,0.5180872125570132,5000,0
horizon,n=5,y_z_y,6,ok,55.35812478627791,5,50,5000,30,0.0,1.4491202000946293,38.324255493339436,1.398271260165819,1.4857704828300808,1.786121769703567,0.06665309778008988,0.951550312918842,0.5595341457393909,5000,0
horizon,n=5,y_z_y,7,ok,55.35812478627791,5,50,5000,30,0.0,1.3701014162289757,34.54477289120273,1.3447820928258185,1.403922442489383,1.6949258319408798,0.0659717198051569,0.9099222574415798,0.5178675221897504,5000,0
horizon,n=5,y_z_y,8,ok,55.35812478627791,5,50,5000,30,0.0,1.458584606983589,38.42863702243053,1.4256858978195508,1.4984287961437108,1.7955528486319519,0.06584951920451665,0.9568757536700251,0.5546764582621225,5000,0
horizon,n=5,y_z_y,9,ok,55.35812478627791,5,50,5000,30,0.0,1.431077456828159,36.75852066084563,1.427834702303776,1.467501137708619,1.7650057834482875,0.06594229275610433,0.9354844452749016,0.5417268085546637,5000,0
horizon,n=5,x_y_x,0,ok,3.5968374195681707,5,50,5000,30,0.0,0.04304307274178918,0.003588301053982775,0.03169264299325099,0.04355465467643288,0.05902155479459302,0.0663608256169884,0.16914693336991363,0.08679233115488824,5000,0
horizon,n=5,x_y_x,1,ok,3.5968374195681707,5,50,5000,30,0.0,0.04272051285848904,0.0036713582581860437,0.031367433218309086,0.04320188601440838,0.058534766237044185,0.06493858496513677,0.1678848224386505,0.08597985410362333,5000,0
horizon,n=5,x_y_x,2,ok,3.5968374195681707,5,50,5000,30,0.0,0.0427002872367456,0.0035544012496075395,0.03257269068337014,0.043150837015324676,0.05853414605306964,0.06578800296835503,0.16814520245576342,0.08702928621560783,5000,0
horizon,n=5,x_y_x,3,ok,3.5968374195681707,5,50,5000,30,0.0,0.04223459569704189,0.003413789469831029,0.03180966188010493,0.042705332744062435,0.05793198071458065,0.06581067956016906,0.16653886406245602,0.08608271135200353,5000,0
horizon,n=5,x_y_x,4,ok,3.5968374195681707,5,50,5000,30,0.0,0.04252543259293118,0.003473551286546279,0.030713056895774526,0.04297474978127916,0.058275111278918164,0.0652399521901268,0.16681898196040304,0.08540244376216147,5000,0
horizon,n=5,x_y_x,5,ok,3.5968374195681707,5,50,5000,30,0.0,0.042116549882596215,0.003339457813072964,0.03124806322829669,0.042578999600127426,0.05774207146152214,0.06564151379590363,0.1652890415603424,0.08563523902071064,5000,0
horizon,n=5,x_y_x,6,ok,3.5968374195681707,5,50,5000,30,0.0,0.042774249332154,0.0035594784132687834,0.03146348219988373,0.04322553328945176,0.05873212645863697,0.06601448445504271,0.16776750169310634,0.08656709157991879,5000,0
horizon,n=5,x_y_x,7,ok,3.5968374195681707,5,50,5000,30,0.0,0.04184302312896898,0.003395548417356565,0.03055841650237784,0.04225948554113145,0.05743255637449337,0.06513622199559717,0.16375316418547778,0.0847539365040727,5000,0
horizon,n=5,x_y_x,8,ok,3.5968374195681707,5,50,5000,30,0.0,0.042718881444344686,0.003658967618968974,0.0311226016560893,0.043175166512052734,0.05854818884522481,0.0653184515272966,0.16518883358454162,0.08590077308006232,5000,0
horizon,n=5,x_y_x,9,ok,3.5968374195681707,5,50,5000,30,0.0,0.04223921244537978,0.0035265913920846303,0.030204026755367125,0.04270996589694047,0.05800375251813887,0.06535401316384996,0.16481175481533994,0.08492201974544594,5000,0
horizon,n=5,x_y_y,0,rank_deficient,inf,5,50,5000,30,0.0,nan,nan,nan,nan,nan,nan,nan,nan,,
horizon,n=5,x_y_y,1,rank_deficient,inf,5,50,5000,30,0.0,nan,nan,nan,nan,nan,nan,nan,nan,,
horizon,n=5,x_y_y,2,rank_deficient,inf,5,50,5000,30,0.0,nan,nan,nan,nan,nan,nan,nan,nan,,
horizon,n=5,x_y_y,3,rank_deficient,inf,5,50,5000,30,0.0,nan,nan,nan,nan,nan,nan,nan,nan,,
horizon,n=5,x_y_y,4,rank_deficient,inf,5,50,5000,30,0.0,nan,nan,nan,nan,nan,nan,nan,nan,,
horizon,n=5,x_y_y,5,rank_deficient,inf,5,50,5000,30,0.0,nan,nan,nan,nan,nan,nan,nan,nan,,
horizon,n=5,x_y_y,6,rank_deficient,inf,5,50,5000,30,0.0,nan,nan,nan,nan,nan,nan,nan,nan,,
horizon,n=5,x_y_y,7,rank_deficient,inf,5,50,5000,30,0.0,nan,nan,nan,nan,nan,nan,nan,nan,,
horizon,n=5,x_y_y,8,rank_deficient,inf,5,50,5000,30,0.0,nan,nan,nan,nan,nan,nan,nan,nan,,
horizon,n=5,x_y_y,9,rank_deficient,inf,5,50,5000,30,0.0,nan,nan,nan,nan,nan,nan,nan,nan,,
horizon,n=5,y_z_z,0,ok,260.9603612567652,5,50,5000,30,0.0,5.817066174999604,964.6291042402111,4.305572340435025,6.005097800174913,8.111517321771057,0.08242773749703733,8.649234948660506,7.091287066390493,5000,0
horizon,n=5,y_z_z,1,ok,260.9603612567652,5,50,5000,30,0.0,5.885995935106411,1036.612815989396,4.414734229132963,6.110050213732954,8.229035563350061,0.07864323706892903,7.1362623302483446,6.99854139528129,5000,0
horizon,n=5,y_z_z,2,ok,260.9603612567652,5,50,5000,30,0.0,5.917978242604078,959.4240070335683,4.770199300713453,6.1046257777377635,8.287088594303626,0.08793785872437757,8.90608319873171,7.098543269316104,5000,0
horizon,n=5,y_z_z,3,ok,260.9603612567652,5,50,5000,30,0.0,5.603729496216342,943.9087974456005,4.296108059750605,5.798722621259861,7.821390479027138,0.08345465467075375,7.679644382597721,6.702286580337336,5000,0
horizon,n=5,y_z_z,4,ok,260.9603612567652,5,50,5000,30,0.0,5.4731862174065,871.985204734497,4.186413446007584,5.616387793609533,7.633627607965819,0.08322265145428331,6.986147668545124,6.778066920486034,5000,0
horizon,n=5,y_z_z,5,ok,260.9603612567652,5,50,5000,30,0.0,5.262734965245133,841.551404455604,3.9710750289616676,5.42650661188905,7.350241726144616,0.08323243604683406,7.34269802134998,6.531716313451447,5000,0
horizon,n=5,y_z_z,6,ok,260.9603612567652,5,50,5000,30,0.0,6.014367402901199,1024.0470196002266,4.527511131056111,6.210525912944174,8.4015576606641,0.08476355927451465,8.493284531489332,7.142762345426629,5000,0
horizon,n=5,y_z_z,7,ok,260.9603612567652,5,50,5000,30,0.0,5.712938046208682,971.3493885780688,4.086990442199366,5.891724114407586,7.9712043898629465,0.07937218854341707,7.577785857845784,6.836154099656141,5000,0
horizon,n=5,y_z_z,8,ok,260.9603612567652,5,50,5000,30,0.0,5.886966900256225,997.0623643659428,4.413259557301678,6.0808282461728655,8.222392516819262,0.08175062975032456,8.127219476343706,7.090635775864721,5000,0
horizon,n=5,y_z_z,9,ok,260.9603612567652,5,50,5000,30,0.0,5.719363471461038,927.2961009797461,4.226282900845671,5.90415128651937,8.001132231193415,0.08265826399957073,7.863027449810112,6.930541374772323,5000,0
horizon,n=5,x_z_z,0,ok,281.2859780300304,5,50,5000,30,0.0,5.809310309890089,964.6265462723084,4.3115692544406174,5.99738778210798,8.10114447658698,0.06924653488636476,8.649839121584261,7.063016328364202,5000,0
horizon,n=5,x_z_z,1,ok,281.2859780300304,5,50,5000,30,0.0,5.879222784853834,1036.6168045000636,4.421476292341752,6.103486475245976,8.21965868327854,0.0685117454915427,7.1389395042680155,6.97115818473146,5000,0
horizon,n=5,x_z_z,2,ok,281.2859780300304,5,50,5000,30,0.0,5.9105999565035505,959.419210791279,4.776195082405899,6.097284827397576,8.276971958024186,0.07252859438620068,8.87151676183552,7.069863002868433,5000,0
horizon,n=5,x_z_z,3,ok,281.2859780300304,5,50,5000,30,0.0,5.596692926911038,943.907677882376,4.300635252254889,5.791865057539372,7.81177956187097,0.07078939164555179,7.663450778583548,6.674507288019727,5000,0
horizon,n=5,x_z_z,4,ok,281.2859780300304,5,50,5000,30,0.0,5.466106715257057,871.9849735072579,4.193626885250451,5.6093932018079995,7.623912267769646,0.07008621606575996,6.948337368179458,6.748986501880526,5000,0
horizon,n=5,x_z_z,5,ok,281.2859780300304,5,50,5000,30,0.0,5.256566624384231,841.5521714812317,3.977360662607707,5.420557927308457,7.341497745300191,0.07136724851523224,7.348774663862953,6.502434556688851,5000,0
horizon,n=5,x_z_z,6,ok,281.2859780300304,5,50,5000,30,0.0,6.007257494876221,1024.038686871374,4.533650832157188,6.203506798970455,8.391878277676003,0.07135511043286333,8.473339448430949,7.114337424463553,5000,0
horizon,n=5,x_z_z,7,ok,281.2859780300304,5,50,5000,30,0.0,5.706657729698918,971.3478831579993,4.091448751302851,5.885630004524504,7.9624672511599695,0.06951426436419061,7.577014721265644,6.807455692703066,5000,0
horizon,n=5,x_z_z,8,ok,281.2859780300304,5,50,5000,30,0.0,5.880495739227442,997.0597093105963,4.420387757343868,6.0745227602469924,8.21349074409267,0.07011569248857247,8.126297528649703,7.0622271027565935,5000,0
horizon,n=5,x_z_z,9,ok,281.2859780300304,5,50,5000,30,0.0,5.711904118329895,927.2948447468825,4.232475162011255,5.896893532861992,7.991089212663097,0.07080380794578733,7.862082817513265,6.9012914614986105,5000,0
horizon,n=5,x_z_x,0,ok,64.42712473872164,5,50,5000,30,0.0,1.4557223658572769,37.537960689226956,1.4465237671350166,1.4930160071787713,1.7961436852134662,0.06302396408087746,0.9383056859278027,0.5411060838172989,5000,0
horizon,n=5,x_z_x,1,ok,64.42712473872164,5,50,5000,30,0.0,1.423820560392253,37.91032681008914,1.3874379561295387,1.459610825840713,1.7530174972576824,0.06114881498226882,0.8964651428420305,0.5328596050848806,5000,0
horizon,n=5,x_z_x,2,ok,64.42712473872164,5,50,5000,30,0.0,1.4912976259507857,39.03019221666036,1.4742075479204,1.529722361461241,1.840607699580911,0.06445555313838508,0.9557268041260822,0.5620454791795806,5000,0
horizon,n=5,x_z_x,3,ok,64.42712473872164,5,50,5000,30,0.0,1.3868081188923387,36.219805015085385,1.3840005513115927,1.4251927680187466,1.70891759457771,0.06249650589633653,0.9132574696266056,0.5285002807406981,5000,0
horizon,n=5,x_z_x,4,ok,64.42712473872164,5,50,5000,30,0.0,1.3413199728540826,34.500148884693,1.3523761516098618,1.3765853018055616,1.662332802278443,0.06268694862589566,0.8676312991805689,0.5273335111404954,5000,0
horizon,n=5,x_z_x,5,ok,64.42712473872164,5,50,5000,30,0.0,1.342940970418607,34.93437726330156,1.3375843800026586,1.3799693171184444,1.6553806338448405,0.06368211054711892,0.8800848810579842,0.5134704292963427,5000,0
horizon,n=5,x_z_x,6,ok,64.42712473872164,5,50,5000,30,0.0,1.4456056755897975,38.310884275208494,1.3919625615185298,1.4822834395035391,1.782015774261702,0.06344744799751349,0.9382858360524285,0.5548002311308051,5000,0
horizon,n=5,x_z_x,7,ok,64.42712473872164,5,50,5000,30,0.0,1.367028855469882,34.538520636546494,1.337745637668212,1.4010095611907596,1.691530123391238,0.06227083468641863,0.9020810579211226,0.5135165917035706,5000,0
horizon,n=5,x_z_x,8,ok,64.42712473872164,5,50,5000,30,0.0,1.454965793463892,38.41529207474453,1.4195455284703573,1.4948509149826337,1.7914410433597627,0.06297415656244867,0.9467358799607783,0.5502492251010819,5000,0
horizon,n=5,x_z_x,9,ok,64.42712473872164,5,50,5000,30,0.0,1.4285630008821535,36.751575654359,1.421212825131245,1.4646711260649343,1.7618262475299653,0.06239197431661603,0.9236302195768783,0.5372337010010195,5000,0
horizon,n=5,y_plus_z,0,ok,13.90120303609631,5,50,5000,30,0.0,0.43050778698812353,6.3747785580455,0.2836115285982874,0.44376249553443997,0.5994534217946214,0.06358489722580758,0.3896901300789959,0.4845265419110505,5000,0
horizon,n=5,y_plus_z,1,ok,13.90120303609631,5,50,5000,30,0.0,0.44124760258372087,7.033027032912824,0.29324586564796673,0.459670499282957,0.6186625086867144,0.06139123208113084,0.3818495794923201,0.48697778640552825,5000,0
horizon,n=5,y_plus_z,2,ok,13.90120303609631,5,50,5000,30,0.0,0.4411502117193879,6.182526836261938,0.309243244799871,0.455964666500413,0.6136599995313532,0.06329542663319135,0.42155828724551647,0.5054014822379889,5000,0
horizon,n=5,y_plus_z,3,ok,13.90120303609631,5,50,5000,30,0.0,0.41218032411791067,6.26043931239818,0.2912406293148888,0.4282494897905774,0.5782554518954092,0.06274346079943313,0.35645954462986895,0.47939590165348656,5000,0
horizon,n=5,y_plus_z,4,ok,13.90120303609631,5,50,5000,30,0.0,0.41473012324313113,5.883689761052799,0.29506212632983214,0.4265534709590722,0.5758982059351188,0.061969628223756255,0.3467506922338712,0.468699272421163,5000,0
horizon,n=5,y_plus_z,5,ok,13.90120303609631,5,50,5000,30,0.0,0.39751280188911303,5.592246489792559,0.2703432002207593,0.4102679869034668,0.5533176969355094,0.06311873904561643,0.34569611353406093,0.44889357063423196,5000,0
horizon,n=5,y_plus_z,6,ok,13.90120303609631,5,50,5000,30,0.0,0.45694169286952635,6.835364338213584,0.3063286086257882,0.4711892615055424,0.6358532341130427,0.06315852252321336,0.4023417658892188,0.5032657356916579,5000,0
horizon,n=5,y_plus_z,7,ok,13.90120303609631,5,50,5000,30,0.0,0.4141653594437903,6.191993974066929,0.252231820724307,0.42760086481071485,0.5775803423361112,0.06237515544842914,0.38123947561672616,0.4605577240051598,5000,0
horizon,n=5,y_plus_z,8,ok,13.90120303609631,5,50,5000,30,0.0,0.46107262939254795,7.068284697484198,0.3037067192341667,0.47712081238866877,0.6397706279556674,0.062440800703489,0.3917690307530064,0.5034461561644364,5000,0
horizon,n=5,y_plus_z,9,ok,13.90120303609631,5,50,5000,30,0.0,0.4244600916013775,6.298612303881955,0.279688764245938,0.4386094805884227,0.5914254029013027,0.06255227041532835,0.4021217703708338,0.4727961370111997,5000,0
horizon,n=5,x_plus_z,0,ok,33.17345746870676,5,50,5000,30,0.0,0.7404075869554833,17.970659135301812,0.6383896306337434,0.77711137879281,1.0118848737519126,0.06350066214485686,0.6830212366723,0.6123620008404858,5000,0
horizon,n=5,x_plus_z,1,ok,33.17345746870676,5,50,5000,30,0.0,0.7381353705201329,18.382309237759824,0.67869551647612,0.7749863389771201,1.0117870562239992,0.061379554174105386,0.6360909058580545,0.5929153784962963,5000,0
horizon,n=5,x_plus_z,2,ok,33.17345746870676,5,50,5000,30,0.0,0.751993532462128,18.441604499363066,0.6715967183112452,0.7940229349780549,1.03458857643802,0.06392403186095105,0.728359468261373,0.6262944690527811,5000,0
horizon,n=5,x_plus_z,3,ok,33.17345746870676,5,50,5000,30,0.0,0.6958277819107126,16.394836904322187,0.6078378284213816,0.7318182463320473,0.95726721838901,0.062385260926619925,0.6553888791035574,0.582894099535213,5000,0
horizon,n=5,x_plus_z,4,ok,33.17345746870676,5,50,5000,30,0.0,0.7233439446693086,17.79655012262006,0.6609124394567396,0.7596507427811497,0.9874025475875781,0.06248888894020997,0.6165789192181887,0.5915809323661809,5000,0
horizon,n=5,x_plus_z,5,ok,33.17345746870676,5,50,5000,30,0.0,0.6667571182036358,15.528354792322745,0.5959063668454917,0.7000147716550735,0.9156410075862886,0.06304012723608336,0.6197585002188932,0.5622202885314023,5000,0
horizon,n=5,x_plus_z,6,ok,33.17345746870676,5,50,5000,30,0.0,0.8016047222136005,20.8134266551276,0.7116167806903119,0.8457608412375702,1.094773665454824,0.06379515052778065,0.6927209820037633,0.6189393941604129,5000,0
horizon,n=5,x_plus_z,7,ok,33.17345746870676,5,50,5000,30,0.0,0.7099654633837301,17.046838224867432,0.6087919933512906,0.7415054957078359,0.9691796798784142,0.06188355975022228,0.6479224585053307,0.5774763031621709,5000,0
horizon,n=5,x_plus_z,8,ok,33.17345746870676,5,50,5000,30,0.0,0.7498594194779656,18.337811899150434,0.6576513004294205,0.7887322552471544,1.0273868959054624,0.0626032828134306,0.7041289678387821,0.6131064077213492,5000,0
horizon,n=5,x_plus_z,9,ok,33.17345746870676,5,50,5000,30,0.0,0.7292299835792443,17.7564248203478,0.6327100009829546,0.7661392831778453,1.0006818046389017,0.062335202256878296,0.662538153201071,0.6018992395194069,5000,0
horizon,n=5,x_plus_y,0,ok,2.562258516347068,5,50,5000,30,0.0,0.06746733060077288,0.033930489458215314,0.04690244356484429,0.06862782284718437,0.0928315840458373,0.06453334054133605,0.18343845541625264,0.11837757539413596,5000,0
horizon,n=5,x_plus_y,1,ok,2.562258516347068,5,50,5000,30,0.0,0.06759407861237464,0.03554698325311236,0.04860541656409722,0.06875650213566513,0.09283441239834525,0.06325926445219247,0.18219311924415685,0.11810682631429288,5000,0
horizon,n=5,x_plus_y,2,ok,2.562258516347068,5,50,5000,30,0.0,0.06798028031695197,0.03603801861991052,0.05035135494863138,0.06929804978786473,0.09365687824624248,0.06435047476372718,0.1833203958345123,0.1186706485058888,5000,0
horizon,n=5,x_plus_y,3,ok,2.562258516347068,5,50,5000,30,0.0,0.0652273066941761,0.031552035452158796,0.04804665982369196,0.06628203691165341,0.08974206399160924,0.0636750351056051,0.18122984903186945,0.115156956588604,5000,0
horizon,n=5,x_plus_y,4,ok,2.562258516347068,5,50,5000,30,0.0,0.06446462392336373,0.029897897072214602,0.04818558073610425,0.06553092305757105,0.08882623612350156,0.06369538928599416,0.1811097443048073,0.11490843582332524,5000,0
horizon,n=5,x_plus_y,5,ok,2.562258516347068,5,50,5000,30,0.0,0.06384987912789988,0.030180348199104503,0.04609861407473538,0.06508471738479468,0.08810413315803442,0.0638457323577154,0.17940213473046582,0.1138879898201667,5000,0
horizon,n=5,x_plus_y,6,ok,2.562258516347068,5,50,5000,30,0.0,0.06905983607186875,0.039398098023617024,0.04785511913884488,0.07027746867682293,0.0950694963834768,0.06440473157491533,0.18239541895185918,0.11881931655340264,5000,0
horizon,n=5,x_plus_y,7,ok,2.562258516347068,5,50,5000,30,0.0,0.06578030296902611,0.03325218793312648,0.04594128236104804,0.06679300195570449,0.09053390651807995,0.06347218211449693,0.18192199567638712,0.11530560271548058,5000,0
horizon,n=5,x_plus_y,8,ok,2.562258516347068,5,50,5000,30,0.0,0.06708823687596446,0.03520981814060647,0.047624412502150465,0.0683173579216703,0.09252464276495945,0.06383931416421151,0.18025184830153917,0.11735849169625083,5000,0
horizon,n=5,x_plus_y,9,ok,2.562258516347068,5,50,5000,30,0.0,0.06588720602372278,0.032798592695524494,0.04621409441375492,0.06700870597953731,0.09080415151434133,0.06343498750902837,0.18203828255281876,0.11510660257065625,5000,0
horizon,n=10,x_x_x,0,ok,3.090816180484919,10,50,5000,30,0.0,0.09408652710815105,0.12592963464465284,0.06454998778941022,0.0966572358252206,0.12948639009117396,0.06637807553592695,0.1900264194787009,0.13556656691921096,5000,0
horizon,n=10,x_x_x,1,ok,3.090816180484919,10,50,5000,30,0.0,0.095252556855136,0.13070024642094355,0.06728076773402326,0.09800035251235743,0.13083362646202082,0.0655049824514477,0.1886167159978362,0.1355200985613174,5000,0
horizon,n=10,x_x_x,2,ok,3.090816180484919,10,50,5000,30,0.0,0.09608622413293827,0.13092021312603272,0.07095419129997767,0.0986872855319118,0.1316823006932811,0.06628419242163468,0.19343957812418433,0.1357512270588597,5000,0
horizon,n=10,x_x_x,3,ok,3.090816180484919,10,50,5000,30,0.0,0.0925924599422801,0.12276012902955966,0.06494976183045831,0.09467105006711564,0.12673848925493297,0.06598501289776222,0.1929590620171466,0.13162853002938238,5000,0
horizon,n=10,x_x_x,4,ok,3.090816180484919,10,50,5000,30,0.0,0.08957369482796153,0.10701803166562215,0.06960414165217212,0.09171071319435233,0.1237835673661265,0.06597958446090244,0.18886555489148565,0.13352659727782434,5000,0
horizon,n=10,x_x_x,5,ok,3.090816180484919,10,50,5000,30,0.0,0.08955631127556356,0.11660658617259932,0.06552260002084535,0.09207636594075838,0.12363183846431154,0.06630999008888508,0.1889099082919499,0.13056597761872638,5000,0
horizon,n=10,x_x_x,6,ok,3.090816180484919,10,50,5000,30,0.0,0.09578279482796431,0.13408023336545147,0.06813352660923218,0.0983646130774325,0.13249046628479805,0.06619978280709277,0.18978176473129016,0.13559130741855174,5000,0
horizon,n=10,x_x_x,7,ok,3.090816180484919,10,50,5000,30,0.0,0.09072283311138736,0.11397913072279835,0.06287736570462994,0.09296563932657625,0.1249242918181079,0.06544642184543473,0.19044611980909507,0.13284414710525672,5000,0
horizon,n=10,x_x_x,8,ok,3.090816180484919,10,50,5000,30,0.0,0.09360317406479875,0.127848062391216,0.06624802820407917,0.0964653516420968,0.12911193272599697,0.06603496937000236,0.1881234360424061,0.13484465818858538,5000,0
horizon,n=10,x_x_x,9,ok,3.090816180484919,10,50,5000,30,0.0,0.09085210329419734,0.11519388557634912,0.06695790205804776,0.0930359311206477,0.12516440677076301,0.06584233799082827,0.1916150214655472,0.1323748364803665,5000,0
horizon,n=10,y_y_y,0,ok,3.44652416507327,10,50,5000,30,0.0,0.04410105072799861,0.004386128622584273,0.032704560318301774,0.04469446466508059,0.06036938460248804,0.06589775057816208,0.16881280263822085,0.08595962885867484,5000,0
horizon,n=10,y_y_y,1,ok,3.44652416507327,10,50,5000,30,0.0,0.043671980678062036,0.0042140847947798885,0.0326895043984507,0.04418800403782139,0.059775313084654474,0.06504809325989333,0.1685350906519951,0.08550426666648137,5000,0
horizon,n=10,y_y_y,2,ok,3.44652416507327,10,50,5000,30,0.0,0.043357184255940345,0.004058872537791491,0.03425854309250413,0.043853764145775444,0.05940009313854125,0.06548144091679073,0.16855058467265602,0.08630141850183885,5000,0
horizon,n=10,y_y_y,3,ok,3.44652416507327,10,50,5000,30,0.0,0.04291501615336687,0.003841039887917558,0.03338029880393317,0.04339881916139044,0.05875968865239194,0.0657358781013369,0.1664272194788091,0.08559239388211722,5000,0
horizon,n=10,y_y_y,4,ok,3.44652416507327,10,50,5000,30,0.0,0.04345952211823394,0.003973523959670193,0.032032611428088054,0.04393711980597233,0.05950942573326302,0.06525609227981766,0.16718485754624085,0.08474100276008176,5000,0
horizon,n=10,y_y_y,5,ok,3.44652416507327,10,50,5000,30,0.0,0.04305333504006985,0.0037972628529192947,0.0326123660451324,0.04355543762234422,0.05893303232467417,0.06575365881440735,0.16661725861751225,0.08540824297802303,5000,0
horizon,n=10,y_y_y,6,ok,3.44652416507327,10,50,5000,30,0.0,0.043399845905144126,0.00411096689741234,0.03289542144057176,0.04388196554220327,0.05953216003139032,0.0656504695431796,0.16815030015436624,0.08573467776602521,5000,0
horizon,n=10,y_y_y,7,ok,3.44652416507327,10,50,5000,30,0.0,0.042508185671621235,0.003925951496632436,0.03190200717514673,0.042983066349228854,0.058361219525779426,0.06488456536062585,0.16460845790425446,0.08398961881450946,5000,0
horizon,n=10,y_y_y,8,ok,3.44652416507327,10,50,5000,30,0.0,0.043342980933985024,0.004071736257362261,0.032316097317813694,0.04381885911749138,0.059340844037835586,0.06543703666094756,0.16553368087683965,0.08501483773053237,5000,0
horizon,n=10,y_y_y,9,ok,3.44652416507327,10,50,5000,30,0.0,0.04293046200152575,0.0039277471740931744,0.031691495369116085,0.04343399800772631,0.058862200567028615,0.06541521325419092,0.1648368162111205,0.08438111068268829,5000,0
horizon,n=10,z_z_z,0,ok,8.63102661547655,10,50,5000,30,0.0,13.460311628920898,4893.416536142538,10.156319906661812,13.702410315605754,18.366900654332536,0.0674249144367488,16.687360512055882,20.831270818823366,5000,0
horizon,n=10,z_z_z,1,ok,8.63102661547655,10,50,5000,30,0.0,14.181004948099956,5675.685329710989,10.356226321568556,14.404452030894527,19.08325649595473,0.06904763416072726,16.19240277139559,21.50879799309743,5000,0
horizon,n=10,z_z_z,2,ok,8.63102661547655,10,50,5000,30,0.0,14.175518498058413,5525.439154500064,10.637912673398779,14.466641637822674,19.265963404743612,0.07259628576299017,17.462534760569262,21.543371961071387,5000,0
horizon,n=10,z_z_z,3,ok,8.63102661547655,10,50,5000,30,0.0,12.95173505611279,4870.123441183669,9.48592560087534,13.138804384421327,17.50704571559037,0.07218362540735816,16.19240277139559,20.27010206284088,5000,0
horizon,n=10,z_z_z,4,ok,8.63102661547655,10,50,5000,30,0.0,13.493429842979593,4946.7668926094875,9.964350277450276,13.666903212817502,18.46197983037791,0.06950779840792734,16.538912678218683,20.84911012808423,5000,0
horizon,n=10,z_z_z,5,ok,8.63102661547655,10,50,5000,30,0.0,12.757238486097211,4677.779918132179,8.923795167867391,12.993005893437497,17.360042094615793,0.0695715723573293,16.1154048216236,19.66681971036904,5000,0
horizon,n=10,z_z_z,6,ok,8.63102661547655,10,50,5000,30,0.0,14.54532564775277,5978.82695740823,9.774129395761802,14.784977909732165,19.783744836259,0.07094769862593486,17.166002618127575,21.608412110455177,5000,0
horizon,n=10,z_z_z,7,ok,8.63102661547655,10,50,5000,30,0.0,13.176295230209966,5014.989985824589,9.758354643739253,13.360743033359093,17.912373974265833,0.06783033743008407,16.70427430241394,20.189710461122687,5000,0
horizon,n=10,z_z_z,8,ok,8.63102661547655,10,50,5000,30,0.0,13.875826243868202,5508.033431254858,9.823266548888013,14.16243154877018,18.86420294501844,0.07013510158413556,16.787792354914803,21.93321202093538,5000,0
horizon,n=10,z_z_z,9,ok,8.63102661547655,10,50,5000,30,0.0,13.681488577648217,5282.956345994988,9.268739956789515,13.905545609853784,18.60155418586155,0.07089135696168106,17.117196187878537,20.583510341069196,5000,0
horizon,n=10,y_z_y,0,ok,55.35812478627791,10,50,5000,30,0.0,2.7627653945809727,136.36340580689344,2.754733677348908,2.8378781130072945,3.3316874233184093,0.06622451992669104,0.9117340551032906,0.5445151499340781,5000,0
horizon,n=10,y_z_y,1,ok,55.35812478627791,10,50,5000,30,0.0,2.7306386856792653,137.79397886780947,2.706477455901913,2.8060785087476567,3.2885091074881267,0.06484138434929954,0.9375103313976731,0.546217347681669,5000,0
horizon,n=10,y_z_y,2,ok,55.35812478627791,10,50,5000,30,0.0,2.8348317474873928,141.60641861148565,2.8830350247477927,2.9051289501768065,3.4212955351699565,0.06677671633731476,0.9625457677784591,0.5545356837971261,5000,0
horizon,n=10,y_z_y,3,ok,55.35812478627791,10,50,5000,30,0.0,2.613925231780963,130.64214322260037,2.6395321146824315,2.6873877326816755,3.147404894236994,0.06605311319852186,0.9025989087514594,0.5289680297621693,5000,0
horizon,n=10,y_z_y,4,ok,55.35812478627791,10,50,5000,30,0.0,2.5710150440359247,125.2120679484258,2.6111361603241594,2.636529917256633,3.11124267999706,0.06582456248762683,0.8887458365785661,0.5372253931542855,5000,0
horizon,n=10,y_z_y,5,ok,55.35812478627791,10,50,5000,30,0.0,2.533980493066104,124.85898838440505,2.564512075798714,2.601873819680248,3.0568222593841536,0.06661616190834632,0.9033028878832772,0.5215761932671554,5000,0
horizon,n=10,y_z_y,6,ok,55.35812478627791,10,50,5000,30,0.0,2.714450980459075,136.5424933580497,2.629329179340222,2.786327638663762,3.267098687665157,0.06643495818894779,0.9404144108891709,0.5569368207078441,5000,0
horizon,n=10,y_z_y,7,ok,55.35812478627791,10,50,5000,30,0.0,2.6142259739504827,127.86227547193184,2.5886152486851657,2.6809921575654085,3.1595105038805595,0.06575908964606805,0.8925371444494357,0.525637678834374,5000,0
horizon,n=10,y_z_y,8,ok,55.35812478627791,10,50,5000,30,0.0,2.7177195022755654,135.7498058875545,2.6589746653386763,2.7880767470229135,3.261670512030186,0.06606164303724463,0.9301926166709121,0.5528250574780088,5000,0
horizon,n=10,y_z_y,9,ok,55.35812478627791,10,50,5000,30,0.0,2.6961092296331994,131.80828447950296,2.721871529849349,2.767895936569103,3.245362099911971,0.06601879447691827,0.9520223676899354,0.5431093412458174,5000,0
horizon,n=10,x_y_x,0,ok,3.5968374195681707,10,50,5000,30,0.0,0.043975217337631684,0.0041147246855885245,0.03327083566929962,0.04453778705591973,0.060308495161926864,0.06626429467021451,0.16890833879682202,0.08657374297434363,5000,0
horizon,n=10,x_y_x,1,ok,3.5968374195681707,10,50,5000,30,0.0,0.04379933681364925,0.004181320026527125,0.0331002831368839,0.044313796971023535,0.059975444618924255,0.06514548570514726,0.16852477074731956,0.08614491372661137,5000,0
horizon,n=10,x_y_x,2,ok,3.5968374195681707,10,50,5000,30,0.0,0.04356622804369127,0.004140379235047545,0.034582036232127016,0.044070773777286194,0.059726199792140514,0.0654837487631604,0.16849983095120807,0.08699584423780204,5000,0
horizon,n=10,x_y_x,3,ok,3.5968374195681707,10,50,5000,30,0.0,0.04301463118563471,0.0038372908055789765,0.03370857244515774,0.04352626046162343,0.059003805813595954,0.06586613802228626,0.16610864592280472,0.0862410159783445,5000,0
horizon,n=10,x_y_x,4,ok,3.5968374195681707,10,50,5000,30,0.0,0.043633988185869374,0.003993292436275225,0.0323414747009441,0.04411761621557027,0.059788146533016166,0.06524526505549674,0.1669410563985558,0.08531567342852266,5000,0
horizon,n=10,x_y_x,5,ok,3.5968374195681707,10,50,5000,30,0.0,0.043114206253702894,0.0037115436240594,0.033087301115759124,0.04359838490290305,0.05906315551623262,0.06578533749700746,0.16568531350143556,0.08600854791757342,5000,0
horizon,n=10,x_y_x,6,ok,3.5968374195681707,10,50,5000,30,0.0,0.04353391055339066,0.004061126306813195,0.033300759860854054,0.044015077359419424,0.059770719053608125,0.06587949710450869,0.16856705893310997,0.08640223240654561,5000,0
horizon,n=10,x_y_x,7,ok,3.5968374195681707,10,50,5000,30,0.0,0.042799045253401294,0.0040066025321836875,0.03209977856129406,0.043262912598344125,0.05872371769076259,0.06495756743946515,0.16376373178583606,0.08464656649853848,5000,0
horizon,n=10,x_y_x,8,ok,3.5968374195681707,10,50,5000,30,0.0,0.04361122583029448,0.004193982669071177,0.03260921122524697,0.04410924506161345,0.059727357248338546,0.06560308594648788,0.1647698883394088,0.08566631258935171,5000,0
horizon,n=10,x_y_x,9,ok,3.5968374195681707,10,50,5000,30,0.0,0.04323315895723516,0.004069967850571323,0.031875957054238985,0.04373363668212142,0.0592884830000512,0.06549924163802961,0.16376076342362725,0.08499072270630342,5000,0
horizon,n=10,x_y_y,0,rank_deficient,inf,10,50,5000,30,0.0,nan,nan,nan,nan,nan,nan,nan,nan,,
horizon,n=10,x_y_y,1,rank_deficient,inf,10,50,5000,30,0.0,nan,nan,nan,nan,nan,nan,nan,nan,,
horizon,n=10,x_y_y,2,rank_deficient,inf,10,50,5000,30,0.0,nan,nan,nan,nan,nan,nan,nan,nan,,
horizon,n=10,x_y_y,3,rank_deficient,inf,10,50,5000,30,0.0,nan,nan,nan,nan,nan,nan,nan,nan,,
horizon,n=10,x_y_y,4,rank_deficient,inf,10,50,5000,30,0.0,nan,nan,nan,nan,nan,nan,nan,nan,,
horizon,n=10,x_y_y,5,rank_deficient,inf,10,50,5000,30,0.0,nan,nan,nan,nan,nan,nan,nan,nan,,
horizon,n=10,x_y_y,6,rank_deficient,inf,10,50,5000,30,0.0,nan,nan,nan,nan,nan,nan,nan,nan,,
horizon,n=10,x_y_y,7,rank_deficient,inf,10,50,5000,30,0.0,nan,nan,nan,nan,nan,nan,nan,nan,,
horizon,n=10,x_y_y,8,rank_deficient,inf,10,50,5000,30,0.0,nan,nan,nan,nan,nan,nan,nan,nan,,
horizon,n=10,x_y_y,9,rank_deficient,inf,10,50,5000,30,0.0,nan,nan,nan,nan,nan,nan,nan,nan,,
horizon,n=10,y_z_z,0,ok,260.9603612567652,10,50,5000,30,0.0,8.72107129581938,2647.49572209271,7.472808342448383,9.168512152173221,12.24648287182928,0.08229176982000086,7.7457522510161505,7.106974305692391,5000,0
horizon,n=10,y_z_z,1,ok,260.9603612567652,10,50,5000,30,0.0,8.904904801859248,2858.1455645705814,7.8798270184191495,9.429344899672616,12.516098267479986,0.07839824208522958,7.476964945845737,7.088574637568524,5000,0
horizon,n=10,y_z_z,2,ok,260.9603612567652,10,50,5000,30,0.0,8.665379749046657,2483.0009598846473,8.494225608088621,9.09023018180864,12.212147000904839,0.0865273532413002,8.793622227312238,6.9482424076231455,5000,0
horizon,n=10,y_z_z,3,ok,260.9603612567652,10,50,5000,30,0.0,8.358495112873578,2520.4296286345257,7.5600619546403,8.789583216255034,11.795182809402398,0.08526845215836026,7.504539878958287,6.5539968246421045,5000,0
horizon,n=10,y_z_z,4,ok,260.9603612567652,10,50,5000,30,0.0,8.538640481292424,2559.0819599022243,7.898689452001356,8.939747927110723,12.029911923329559,0.08058256168240585,7.482924726524684,6.983973044242974,5000,0
horizon,n=10,y_z_z,5,ok,260.9603612567652,10,50,5000,30,0.0,8.109745643067976,2420.873942496004,7.350590615405972,8.508378619026049,11.417807015588338,0.08468849630700082,7.5689180923049415,6.541482937698041,5000,0
horizon,n=10,y_z_z,6,ok,260.9603612567652,10,50,5000,30,0.0,8.95163038248523,2734.4458712348437,7.849486633442761,9.389173028197215,12.624246857129028,0.08442803686300934,8.266386552451017,7.0722535604000285,5000,0
horizon,n=10,y_z_z,7,ok,260.9603612567652,10,50,5000,30,0.0,8.628165909944812,2731.167145179128,7.29714168753336,9.085236744287805,12.185160791997001,0.07989788303294795,7.622507831961788,6.896462926990414,5000,0
horizon,n=10,y_z_z,8,ok,260.9603612567652,10,50,5000,30,0.0,8.780315233570311,2758.116075119099,7.860857074108973,9.251898087216341,12.365907176204974,0.08234246378429802,7.896261802244644,7.033377095885831,5000,0
horizon,n=10,y_z_z,9,ok,260.9603612567652,10,50,5000,30,0.0,8.462624385848702,2473.964392812369,7.62964047307625,8.904085575154912,11.937383069224161,0.08209844590181992,8.132868113915835,6.914095274829034,5000,0
horizon,n=10,x_z_z,0,ok,281.2859780300304,10,50,5000,30,0.0,8.726606247018134,2647.563606406019,7.493388488494943,9.175156720933892,12.253242542196427,0.0683350294882977,7.744732550225544,7.078487482442281,5000,0
horizon,n=10,x_z_z,1,ok,281.2859780300304,10,50,5000,30,0.0,8.911974114770631,2858.226808232763,7.900976882995843,9.43775730002381,12.524634355174836,0.06926720111264972,7.476792782347918,7.060968160392847,5000,0
horizon,n=10,x_z_z,2,ok,281.2859780300304,10,50,5000,30,0.0,8.671587799544639,2483.067615530765,8.515553000744509,9.097718339439913,12.219858971251266,0.07220545672989662,8.77345839309584,6.919317488446954,5000,0
horizon,n=10,x_z_z,3,ok,281.2859780300304,10,50,5000,30,0.0,8.364399552040656,2520.506771561972,7.579577772842429,8.79625254176218,11.80232529243078,0.07160028217670439,7.499923415876945,6.525788354497286,5000,0
horizon,n=10,x_z_z,4,ok,281.2859780300304,10,50,5000,30,0.0,8.5450244328463,2559.166447793318,7.918836508558136,8.947661032222348,12.037991743878903,0.06871913968135883,7.477817083004197,6.955037476544848,5000,0
horizon,n=10,x_z_z,5,ok,281.2859780300304,10,50,5000,30,0.0,8.118442072367884,2420.961808189889,7.373443284702606,8.518421999288632,11.4281567133209,0.07275151796633972,7.5650267952788255,6.512270978293543,5000,0
horizon,n=10,x_z_z,6,ok,281.2859780300304,10,50,5000,30,0.0,8.958297783633519,2734.497183173554,7.871101745734272,9.396675563707396,12.631747122328914,0.0712874705617806,8.266572567258335,7.043612004960748,5000,0
horizon,n=10,x_z_z,7,ok,281.2859780300304,10,50,5000,30,0.0,8.636013645552815,2731.249891523069,7.3155830144173075,9.094349170792121,12.194584339186903,0.0698081305229644,7.623701028056447,6.867821144637134,5000,0
horizon,n=10,x_z_z,8,ok,281.2859780300304,10,50,5000,30,0.0,8.788243049666397,2758.201552531927,7.884532611121633,9.261253714063983,12.375668831974952,0.07125798557346834,7.895362372677249,7.005087148402113,5000,0
horizon,n=10,x_z_z,9,ok,281.2859780300304,10,50,5000,30,0.0,8.469166972946903,2474.0480161014043,7.6493945489277975,8.91181135843887,11.94545387162373,0.0700289882442374,8.117257831238103,6.884891951790699,5000,0
horizon,n=10,x_z_x,0,ok,64.42712473872164,10,50,5000,30,0.0,2.757792503723289,136.3176012922815,2.741821078361582,2.8331967321316975,3.327129252977414,0.06321574458656445,0.9004727230850974,0.540207266703962,5000,0
horizon,n=10,x_z_x,1,ok,64.42712473872164,10,50,5000,30,0.0,2.72584522805985,137.75164548463667,2.695110662669209,2.8015410463595587,3.2842406167319416,0.061461668161808536,0.9208601032673904,0.5415525645495629,5000,0
horizon,n=10,x_z_x,2,ok,64.42712473872164,10,50,5000,30,0.0,2.829710158651982,141.54827620959398,2.8689850651844053,2.9005765688599676,3.4164041346913567,0.06380168168583414,0.9439979601033189,0.550330069039656,5000,0
horizon,n=10,x_z_x,3,ok,64.42712473872164,10,50,5000,30,0.0,2.608695539651897,130.55103949663868,2.6272605769670196,2.682680215651086,3.142253085368782,0.06305199442785683,0.8991138050419231,0.5245983058592605,5000,0
horizon,n=10,x_z_x,4,ok,64.42712473872164,10,50,5000,30,0.0,2.5669197825449044,125.19440247451975,2.5971638506081924,2.6325665181885167,3.107144381754972,0.062344261199740916,0.8898917520126205,0.5326699786932446,5000,0
horizon,n=10,x_z_x,5,ok,64.42712473872164,10,50,5000,30,0.0,2.5302521437659578,124.86122539762884,2.552762894476855,2.5987747186126997,3.053201672293659,0.06388378954253993,0.8926411380008197,0.5169270947572392,5000,0
horizon,n=10,x_z_x,6,ok,64.42712473872164,10,50,5000,30,0.0,2.7084170751066425,136.4529124052662,2.6158221437184985,2.7812291751789404,3.2617506486063306,0.06316651261132283,0.9209443871643241,0.5523053946095126,5000,0
horizon,n=10,x_z_x,7,ok,64.42712473872164,10,50,5000,30,0.0,2.6093317856439353,127.7574867205372,2.576627750068849,2.676602553920971,3.1549762422590844,0.0621187983724199,0.8879400222925286,0.5212327603242182,5000,0
horizon,n=10,x_z_x,8,ok,64.42712473872164,10,50,5000,30,0.0,2.7128188264180486,135.7055891829316,2.648163162983408,2.783459279076905,3.256822856590655,0.0630620152263921,0.9152072564913706,0.548277621088552,5000,0
horizon,n=10,x_z_x,9,ok,64.42712473872164,10,50,5000,30,0.0,2.691490070921332,131.74868137492157,2.7107450592321256,2.7634706639989837,3.240646707507204,0.0624408572056571,0.9340589881493558,0.5386697768393914,5000,0
horizon,n=10,y_plus_z,0,ok,13.90120303609631,10,50,5000,30,0.0,0.640869588109365,16.957946341654203,0.4657958974082032,0.674496803920291,0.9001142035426964,0.06329388133404283,0.3902070067618823,0.4705865667393504,5000,0
horizon,n=10,y_plus_z,1,ok,13.90120303609631,10,50,5000,30,0.0,0.6595286290683511,18.073609114778286,0.499721410510439,0.6998732743882227,0.9278750054651679,0.06177035670622819,0.3863392068076839,0.482647100586418,5000,0
horizon,n=10,y_plus_z,2,ok,13.90120303609631,10,50,5000,30,0.0,0.63895199706853,15.656558258315444,0.506930923724657,0.6721750616546011,0.8958370535902468,0.06291837103547238,0.41726254359105086,0.4903288816186994,5000,0
horizon,n=10,y_plus_z,3,ok,13.90120303609631,10,50,5000,30,0.0,0.5960834437359148,15.529601899085844,0.4647679236589389,0.6302890133847597,0.8402701120212532,0.06267869624640736,0.3458965182775526,0.47110801263276114,5000,0
horizon,n=10,y_plus_z,4,ok,13.90120303609631,10,50,5000,30,0.0,0.633757580327046,15.790521808130672,0.47578147651050257,0.6649921070465586,0.8898752046147663,0.06237735966871452,0.3553081518516211,0.4719543238159894,5000,0
horizon,n=10,y_plus_z,5,ok,13.90120303609631,10,50,5000,30,0.0,0.5857575977726733,14.391431578459516,0.44012625855743154,0.613488438576993,0.8225909480915369,0.06340185021078754,0.3483232832726205,0.4528808614501724,5000,0
horizon,n=10,y_plus_z,6,ok,13.90120303609631,10,50,5000,30,0.0,0.6583785146280408,16.543944642062897,0.4766155165914431,0.6900661283314595,0.9235784544082509,0.06286771709326615,0.40207139547077253,0.4918722417509927,5000,0
horizon,n=10,y_plus_z,7,ok,13.90120303609631,10,50,5000,30,0.0,0.6157710588758579,15.628166083921101,0.42298817742009487,0.6458934839884227,0.8639484945039716,0.06198770990391264,0.38534227850616243,0.455703756927052,5000,0
horizon,n=10,y_plus_z,8,ok,13.90120303609631,10,50,5000,30,0.0,0.6641951691933818,17.97684399286774,0.466890559088249,0.7009954581934482,0.9330699159291098,0.06247169852860332,0.3755059360380568,0.5028573338496036,5000,0
horizon,n=10,y_plus_z,9,ok,13.90120303609631,10,50,5000,30,0.0,0.6146962219445008,15.66435141120796,0.46262233350219506,0.6466130688192782,0.8635009180015418,0.06289839537874428,0.42043090156098917,0.4670818522167992,5000,0
horizon,n=10,x_plus_z,0,ok,33.17345746870676,10,50,5000,30,0.0,1.250272444688087,60.15442520328053,1.1823587928129635,1.3384845444113753,1.7070255838549044,0.06328785328453261,0.6519955544714763,0.6024967004498308,5000,0
horizon,n=10,x_plus_z,1,ok,33.17345746870676,10,50,5000,30,0.0,1.275570747414176,63.12624314264669,1.2592861688158241,1.3734490944154114,1.743069768963357,0.06155956363323238,0.6335337010207412,0.6065464574410062,5000,0
horizon,n=10,x_plus_z,2,ok,33.17345746870676,10,50,5000,30,0.0,1.2664497641092156,63.830659399514786,1.230769376794274,1.3811417427243784,1.7527663706424341,0.06327193773452951,0.7270647340572238,0.6345349276983112,5000,0
horizon,n=10,x_plus_z,3,ok,33.17345746870676,10,50,5000,30,0.0,1.1392283755537296,53.278930985001914,1.0910008133361142,1.2266394246849082,1.5728963228363184,0.06275931708274081,0.662402963877382,0.5734586989537693,5000,0
horizon,n=10,x_plus_z,4,ok,33.17345746870676,10,50,5000,30,0.0,1.2957455440597696,64.19950873660311,1.2264720412897727,1.3852189618924127,1.7552953759219785,0.06280892449696462,0.6463830817591117,0.6097242288460013,5000,0
horizon,n=10,x_plus_z,5,ok,33.17345746870676,10,50,5000,30,0.0,1.1459469404406357,54.973796949670046,1.0809605328206664,1.2304580743986753,1.5714474379633523,0.06405831360949946,0.6484209921617811,0.5724289921477482,5000,0
horizon,n=10,x_plus_z,6,ok,33.17345746870676,10,50,5000,30,0.0,1.3486335809293644,70.59766588484165,1.3054018735571495,1.4570251722432965,1.8394447896716097,0.06358597977840835,0.6833254462393569,0.6165793179884851,5000,0
horizon,n=10,x_plus_z,7,ok,33.17345746870676,10,50,5000,30,0.0,1.2237981643016806,60.859959337388005,1.1456902835041147,1.306487674183592,1.658257625745459,0.06181860492802545,0.629885295157038,0.5798268202997426,5000,0
horizon,n=10,x_plus_z,8,ok,33.17345746870676,10,50,5000,30,0.0,1.2675874092717503,62.070717478216906,1.1800110913038673,1.360803174755606,1.7258811657823396,0.06285941992566385,0.6718330193539208,0.6090562411288132,5000,0
horizon,n=10,x_plus_z,9,ok,33.17345746870676,10,50,5000,30,0.0,1.233531397024297,60.16604305135559,1.1861444893942,1.3308297009429528,1.69744459424167,0.06214511709605049,0.6875863444217968,0.5994674277868116,5000,0
horizon,n=10,x_plus_y,0,ok,2.562258516347068,10,50,5000,30,0.0,0.07860394518532075,0.07072626721334369,0.0588013831250055,0.08051802639606494,0.10851602561212008,0.06441374924920512,0.1821369460926032,0.11787873336931388,5000,0
horizon,n=10,x_plus_y,1,ok,2.562258516347068,10,50,5000,30,0.0,0.07942050050540908,0.07292240257639797,0.06068015832221877,0.08132603902656595,0.10927156169740379,0.0633734689732792,0.18191761203715662,0.11773533551767994,5000,0
horizon,n=10,x_plus_y,2,ok,2.562258516347068,10,50,5000,30,0.0,0.07999535731481902,0.07666599946007413,0.06424664399013946,0.08219264931032244,0.11018150915823731,0.0641599899553634,0.18329889414560557,0.11792350838583075,5000,0
horizon,n=10,x_plus_y,3,ok,2.562258516347068,10,50,5000,30,0.0,0.07621554243902795,0.06809618918103982,0.05930926890554223,0.07791092473482238,0.1050460419384899,0.06373680605429165,0.18191093893184349,0.11425899967007756,5000,0
horizon,n=10,x_plus_y,4,ok,2.562258516347068,10,50,5000,30,0.0,0.0761062706956105,0.06227914071199965,0.06102024856049795,0.07769344051388175,0.10521084054547435,0.06381387111849868,0.18216633470663526,0.11648553745078993,5000,0
horizon,n=10,x_plus_y,5,ok,2.562258516347068,10,50,5000,30,0.0,0.07505018119424947,0.06431168056122315,0.057968091248363024,0.07697053978409349,0.10371427998277813,0.0641706559510002,0.18110349289409208,0.11366583760608874,5000,0
horizon,n=10,x_plus_y,6,ok,2.562258516347068,10,50,5000,30,0.0,0.0814183866843245,0.08278847925564436,0.05929510847308659,0.08328965998528333,0.11220943543545472,0.06414116376384353,0.18219228066914284,0.11871895779242404,5000,0
horizon,n=10,x_plus_y,7,ok,2.562258516347068,10,50,5000,30,0.0,0.07593149457128612,0.06621423179118503,0.05550175756131473,0.07738046403826349,0.10471889413329259,0.06359476435732786,0.1805704424323327,0.11569403914247407,5000,0
horizon,n=10,x_plus_y,8,ok,2.562258516347068,10,50,5000,30,0.0,0.07811485181273388,0.07101278584637241,0.0602560331125648,0.08009064128619743,0.10790516880866378,0.0640089906225195,0.17958156297185832,0.11680562562328806,5000,0
horizon,n=10,x_plus_y,9,ok,2.562258516347068,10,50,5000,30,0.0,0.07677835271266795,0.06834995062131416,0.058414383192431966,0.07861497806597262,0.10590129149450868,0.06354379876076867,0.18190505522985173,0.11476046421499025,5000,0
horizon,n=40,x_x_x,0,ok,3.090816180484919,40,50,5000,30,0.0,0.08647798134135794,0.06520699405285438,0.07792522621145843,0.08865782478798927,0.11838422237653892,0.06631733945229606,0.19333720404305213,0.13340415976195344,5000,0
horizon,n=40,x_x_x,1,ok,3.090816180484919,40,50,5000,30,0.0,0.0878012664162945,0.0729013516626897,0.07748476797375912,0.09042106008650007,0.12030534502310584,0.06567641142835445,0.19564864987656008,0.13705437760336844,5000,0
horizon,n=40,x_x_x,2,ok,3.090816180484919,40,50,5000,30,0.0,0.08977402898514658,0.07304755866028195,0.08250611903334065,0.09216612484024625,0.12314614137308344,0.06698782462233813,0.19587824026518327,0.14028407931727466,5000,0
horizon,n=40,x_x_x,3,ok,3.090816180484919,40,50,5000,30,0.0,0.08641711912198857,0.06857243964954485,0.07359468104868581,0.08901924985575448,0.11871886928303248,0.06644194549690276,0.19410900878564263,0.1346250237120288,5000,0
horizon,n=40,x_x_x,4,ok,3.090816180484919,40,50,5000,30,0.0,0.0814978587040452,0.055888942414245704,0.07348980815256452,0.08329489539573601,0.11231280809426539,0.06621381520387884,0.18845018221908966,0.13204822148647372,5000,0
horizon,n=40,x_x_x,5,ok,3.090816180484919,40,50,5000,30,0.0,0.0831273426433699,0.0588801320045885,0.07322046404737691,0.08521219394010386,0.11389111638351865,0.06675646464058377,0.18928564770506595,0.13165851402937337,5000,0
horizon,n=40,x_x_x,6,ok,3.090816180484919,40,50,5000,30,0.0,0.08803955122270334,0.07379219655172456,0.07567082383022646,0.09045572629548458,0.12103917655298582,0.0664230574981644,0.19411868547276734,0.1382931536642411,5000,0
horizon,n=40,x_x_x,7,ok,3.090816180484919,40,50,5000,30,0.0,0.08504681044408191,0.06482159169580352,0.07461994878548824,0.0870135321138486,0.1164765077125559,0.06596759582405928,0.19869678628970544,0.1344662086234367,5000,0
horizon,n=40,x_x_x,8,ok,3.090816180484919,40,50,5000,30,0.0,0.08382884973514676,0.060963574683081334,0.07402333581398521,0.08584717702453272,0.11439388548069533,0.0664424228992202,0.1940896385822385,0.13964133273889356,5000,0
horizon,n=40,x_x_x,9,ok,3.090816180484919,40,50,5000,30,0.0,0.08405337343996015,0.06166804844969141,0.07495464216121117,0.08586206770633062,0.1150838164883869,0.06612785929002937,0.19142795985585312,0.13079305882801806,5000,0
horizon,n=40,y_y_y,0,ok,3.44652416507327,40,50,5000,30,0.0,0.04764681044840279,0.006483676747726901,0.04025426099450241,0.04856793027445309,0.06517718612719238,0.06548234246865503,0.16914486770341922,0.08572733519092819,5000,0
horizon,n=40,y_y_y,1,ok,3.44652416507327,40,50,5000,30,0.0,0.04745261851121083,0.006434962546887219,0.04028213259769669,0.04832783527452501,0.06487634333620916,0.06491258458545418,0.16834338446228145,0.08586080332957285,5000,0
horizon,n=40,y_y_y,2,ok,3.44652416507327,40,50,5000,30,0.0,0.047632133617981465,0.006474452065621123,0.04151720937761619,0.048520797317849335,0.06522893208344245,0.06590083040630107,0.16962103715534307,0.08700459139233822,5000,0
horizon,n=40,y_y_y,3,ok,3.44652416507327,40,50,5000,30,0.0,0.04669396453426688,0.005760349175802098,0.040544793248310826,0.047458741585085895,0.06384390933696382,0.06558286687558018,0.16822467219205336,0.086281580371998,5000,0
horizon,n=40,y_y_y,4,ok,3.44652416507327,40,50,5000,30,0.0,0.04677709078162855,0.005783355243555708,0.03905560558368204,0.047550179865587426,0.06392265036701736,0.06558262081206181,0.16758526803650547,0.08528743917968411,5000,0
horizon,n=40,y_y_y,5,ok,3.44652416507327,40,50,5000,30,0.0,0.04679217122921648,0.005681120848626696,0.03937569626600675,0.0475658725889556,0.06398120955566776,0.06583464194415321,0.16721246049568805,0.08573717242790778,5000,0
horizon,n=40,y_y_y,6,ok,3.44652416507327,40,50,5000,30,0.0,0.04696077951148745,0.005826168829840742,0.039790651446776244,0.04772557015525248,0.06432875315283305,0.06585959597453003,0.16931355133271647,0.08615939515481538,5000,0
horizon,n=40,y_y_y,7,ok,3.44652416507327,40,50,5000,30,0.0,0.04623318708482292,0.006083686401103617,0.039231191285391875,0.047048073816872545,0.06334703335963408,0.06523462701658558,0.16545840576045645,0.0845135352747413,5000,0
horizon,n=40,y_y_y,8,ok,3.44652416507327,40,50,5000,30,0.0,0.04631811275058698,0.005479879129512976,0.039203800502681366,0.04700192457076239,0.06331441536283369,0.0657271773968672,0.16806801974271313,0.08644319148039685,5000,0
horizon,n=40,y_y_y,9,ok,3.44652416507327,40,50,5000,30,0.0,0.04673961770086076,0.00576336596373555,0.03901808028523236,0.04755521147389646,0.0639822985079293,0.06571703151746548,0.16564035355189438,0.08448847588868463,5000,0
horizon,n=40,z_z_z,0,ok,8.63102661547655,40,50,5000,30,0.0,15.064613218718266,5258.353175361264,14.25123861389807,15.2208496274099,20.82889174542534,0.06831462300052374,18.826076372571585,20.678641208426246,5000,0
horizon,n=40,z_z_z,1,ok,8.63102661547655,40,50,5000,30,0.0,15.010418175207162,5152.017823792094,14.445965747223143,15.217466558122283,20.662987224172642,0.06829127080588604,17.462534760569262,22.332008114168733,5000,0
horizon,n=40,z_z_z,2,ok,8.63102661547655,40,50,5000,30,0.0,16.060144417605958,5853.062380025743,15.058861464281225,16.25838407274793,22.205755793499502,0.0744422598809891,19.013640916560462,22.563938537650575,5000,0
horizon,n=40,z_z_z,3,ok,8.63102661547655,40,50,5000,30,0.0,14.928812406089026,5210.806767098134,13.885743924404347,15.090189424690228,20.588326284030018,0.07604660461551213,17.21368767493294,20.819564597862133,5000,0
horizon,n=40,z_z_z,4,ok,8.63102661547655,40,50,5000,30,0.0,14.213506149107696,4962.143682109587,13.113401594068884,14.348346498007492,19.635682256972178,0.07153966062705876,15.709466252702946,19.89200612868924,5000,0
horizon,n=40,z_z_z,5,ok,8.63102661547655,40,50,5000,30,0.0,14.560524458983481,5224.13597015223,13.032440763480297,14.736415788084551,20.187237333317807,0.07071834856419391,15.6294767914011,20.126972245824607,5000,0
horizon,n=40,z_z_z,6,ok,8.63102661547655,40,50,5000,30,0.0,15.519336980837071,5558.0779862663,14.952588979453532,15.74233394435003,21.4891056668482,0.0726789385270211,17.31344787045366,21.683537017911895,5000,0
horizon,n=40,z_z_z,7,ok,8.63102661547655,40,50,5000,30,0.0,14.775441965285228,5107.243416673863,14.541887532985994,14.954124369830271,20.369285031651224,0.06927779557322206,18.03405776740616,21.325256369501517,5000,0
horizon,n=40,z_z_z,8,ok,8.63102661547655,40,50,5000,30,0.0,14.741454161743404,5387.408353022207,13.232350768393738,14.913186022410873,20.337437690521323,0.06940580749530169,17.247646946578485,23.308492377189495,5000,0
horizon,n=40,z_z_z,9,ok,8.63102661547655,40,50,5000,30,0.0,14.771456622102013,5206.5621310126035,13.050286386515834,14.935079244006058,20.428134086382872,0.0720943254069703,17.122932455732027,19.663614086133776,5000,0
horizon,n=40,y_z_y,0,ok,55.35812478627791,40,50,5000,30,0.0,6.303545280029537,635.9541500442594,6.261329332438925,6.603946044569884,7.6252714331914,0.0658134569962138,0.9787328112975815,0.5458340518171967,5000,0
horizon,n=40,y_z_y,1,ok,55.35812478627791,40,50,5000,30,0.0,6.477483502181858,662.0545350442217,6.466728018169025,6.81571823306267,7.848896098827451,0.06551457152138332,0.9613277617879429,0.5605417056475326,5000,0
horizon,n=40,y_z_y,2,ok,55.35812478627791,40,50,5000,30,0.0,6.39443646622997,648.338061932828,6.310041228631881,6.686765119767515,7.716854823433244,0.06801116235504301,0.9933661420146793,0.569980831795891,5000,0
horizon,n=40,y_z_y,3,ok,55.35812478627791,40,50,5000,30,0.0,5.9976114785520265,608.7162180579954,6.051379351586285,6.275146906614362,7.25960948550727,0.06658276023860404,0.9422870954514903,0.5376790074291226,5000,0
horizon,n=40,y_z_y,4,ok,55.35812478627791,40,50,5000,30,0.0,6.011872538966794,624.9166510047303,6.144424743344327,6.275223175903724,7.241530977994573,0.06639126907495085,0.8489615429997039,0.5249587336117727,5000,0
horizon,n=40,y_z_y,5,ok,55.35812478627791,40,50,5000,30,0.0,5.733875736546553,571.2542732151989,5.729330543691506,6.01359603409446,6.966648964201397,0.06722106670565725,0.85377265839622,0.5206051338239744,5000,0
horizon,n=40,y_z_y,6,ok,55.35812478627791,40,50,5000,30,0.0,6.30647319052913,640.1162360182994,6.297032192064545,6.628479672674303,7.649060183833272,0.0665430599390269,0.9688582366731994,0.5629950411254838,5000,0
horizon,n=40,y_z_y,7,ok,55.35812478627791,40,50,5000,30,0.0,6.3686439382973665,659.2286035541001,6.427436767724657,6.69227158173774,7.7169654298251755,0.06613546662565851,0.9434951135512091,0.544991144520814,5000,0
horizon,n=40,y_z_y,8,ok,55.35812478627791,40,50,5000,30,0.0,6.130608842466706,619.1746209986987,6.062985580557233,6.422496734983816,7.42002644984051,0.06574580998546645,0.958054918509374,0.5781054752260428,5000,0
horizon,n=40,y_z_y,9,ok,55.35812478627791,40,50,5000,30,0.0,6.153121649594365,632.5762974419237,6.153706225292513,6.4252157122000835,7.416974227733603,0.0660132879010036,0.9214502793082993,0.5221834506417312,5000,0
horizon,n=40,x_y_x,0,ok,3.5968374195681707,40,50,5000,30,0.0,0.04783275167002199,0.006422143059357124,0.04034750601426015,0.04879307872278171,0.0654392052748366,0.06555419099797717,0.1690115444798991,0.08633970628436355,5000,0
horizon,n=40,x_y_x,1,ok,3.5968374195681707,40,50,5000,30,0.0,0.047543248288694405,0.006236330661026946,0.040527731095045705,0.04842543432041398,0.06496361409445671,0.06499038908666427,0.16872206332675474,0.08654916648681428,5000,0
horizon,n=40,x_y_x,2,ok,3.5968374195681707,40,50,5000,30,0.0,0.0477186606757039,0.006283425411467569,0.041732659932763747,0.04860068133589483,0.06539615380549965,0.0663155298680358,0.1694467962888285,0.08773562648834081,5000,0
horizon,n=40,x_y_x,3,ok,3.5968374195681707,40,50,5000,30,0.0,0.04676482800357606,0.005641473816248705,0.040815930156263405,0.047523707963967446,0.06400361672104912,0.06575932901065917,0.16782691651008297,0.08692154872287956,5000,0
horizon,n=40,x_y_x,4,ok,3.5968374195681707,40,50,5000,30,0.0,0.0468994809190417,0.005659427483876261,0.03918420257786048,0.04769190751881631,0.06410711737788019,0.06560958219723328,0.16688699652418668,0.08584528105354593,5000,0
horizon,n=40,x_y_x,5,ok,3.5968374195681707,40,50,5000,30,0.0,0.046866077445608036,0.005575861744813452,0.039722069410861,0.047642906741299604,0.06412182059080246,0.06616928401931832,0.16710261996618742,0.08634964635305668,5000,0
horizon,n=40,x_y_x,6,ok,3.5968374195681707,40,50,5000,30,0.0,0.047251837769800124,0.005787740022259818,0.039888193012288846,0.048010328770816506,0.06467828664090057,0.06596250193911987,0.16962668173306303,0.08684448463851466,5000,0
horizon,n=40,x_y_x,7,ok,3.5968374195681707,40,50,5000,30,0.0,0.04648532609101789,0.005987997193818271,0.03930329085254849,0.04729945638916761,0.06367958531978432,0.0653905016261564,0.1650354121967619,0.0851873068237551,5000,0
horizon,n=40,x_y_x,8,ok,3.5968374195681707,40,50,5000,30,0.0,0.046571393475735204,0.005479497734814549,0.039403347138919416,0.047282922208918686,0.06372656904031374,0.06577628635789243,0.16755094795890565,0.08713391226368934,5000,0
horizon,n=40,x_y_x,9,ok,3.5968374195681707,40,50,5000,30,0.0,0.046941297952301626,0.005713876555696153,0.03910434112749046,0.04776408648256726,0.06427390851825619,0.06571123699424657,0.16474328463398652,0.08513518903130719,5000,0
horizon,n=40,x_y_y,0,rank_deficient,inf,40,50,5000,30,0.0,nan,nan,nan,nan,nan,nan,nan,nan,,
horizon,n=40,x_y_y,1,rank_deficient,inf,40,50,5000,30,0.0,nan,nan,nan,nan,nan,nan,nan,nan,,
horizon,n=40,x_y_y,2,rank_deficient,inf,40,50,5000,30,0.0,nan,nan,nan,nan,nan,nan,nan,nan,,
horizon,n=40,x_y_y,3,rank_deficient,inf,40,50,5000,30,0.0,nan,nan,nan,nan,nan,nan,nan,nan,,
horizon,n=40,x_y_y,4,rank_deficient,inf,40,50,5000,30,0.0,nan,nan,nan,nan,nan,nan,nan,nan,,
horizon,n=40,x_y_y,5,rank_deficient,inf,40,50,5000,30,0.0,nan,nan,nan,nan,nan,nan,nan,nan,,
horizon,n=40,x_y_y,6,rank_deficient,inf,40,50,5000,30,0.0,nan,nan,nan,nan,nan,nan,nan,nan,,
horizon,n=40,x_y_y,7,rank_deficient,inf,40,50,5000,30,0.0,nan,nan,nan,nan,nan,nan,nan,nan,,
horizon,n=40,x_y_y,8,rank_deficient,inf,40,50,5000,30,0.0,nan,nan,nan,nan,nan,nan,nan,nan,,
horizon,n=40,x_y_y,9,rank_deficient,inf,40,50,5000,30,0.0,nan,nan,nan,nan,nan,nan,nan,nan,,
horizon,n=40,y_z_z,0,ok,260.9603612567652,40,50,5000,30,0.0,9.897841061413997,2641.3700066516117,11.540775859562151,10.7456793134761,14.422265265485475,0.08196365665262287,8.897867000855342,6.8872179985538535,5000,0
horizon,n=40,y_z_z,1,ok,260.9603612567652,40,50,5000,30,0.0,10.126680593659668,2769.6723002755816,12.640267423255954,10.997346832611694,14.752924827023081,0.07859309246958249,8.895490740586206,7.284478767653205,5000,0
horizon,n=40,y_z_z,2,ok,260.9603612567652,40,50,5000,30,0.0,10.147623450571729,2585.4514619062033,12.674020606993464,10.97510855829096,14.781960621476415,0.08777034985278387,9.247923979119724,7.395316339192603,5000,0
horizon,n=40,y_z_z,3,ok,260.9603612567652,40,50,5000,30,0.0,9.921860326168332,2643.521442676926,12.277901805844067,10.791594995253705,14.500759772081063,0.08774938024210459,8.218853042249252,6.925082240702366,5000,0
horizon,n=40,y_z_z,4,ok,260.9603612567652,40,50,5000,30,0.0,9.211605354312224,2376.3048486477865,10.076784452202395,9.986296289823397,13.408166982366861,0.08339587628288997,6.280599606015131,6.756997234068983,5000,0
horizon,n=40,y_z_z,5,ok,260.9603612567652,40,50,5000,30,0.0,9.482099033714533,2404.5261958512997,11.026320407672134,10.344042695528476,13.823023669869336,0.08464996023842551,6.564741500915237,6.562357628505472,5000,0
horizon,n=40,y_z_z,6,ok,260.9603612567652,40,50,5000,30,0.0,9.996846285563832,2545.752549400583,12.104476841839109,10.825728674252662,14.526247201207617,0.08559749788968699,8.420243852246724,7.38769208843745,5000,0
horizon,n=40,y_z_z,7,ok,260.9603612567652,40,50,5000,30,0.0,9.476316641967474,2351.7405497869545,10.557388518861794,10.252133681187392,13.783616604222892,0.08002652922482703,8.883743974409148,7.123204202419691,5000,0
horizon,n=40,y_z_z,8,ok,260.9603612567652,40,50,5000,30,0.0,9.303088089822884,2384.776444227521,11.06069261903851,10.155420476631562,13.546713448219245,0.08118350065469451,8.303084507718633,7.504714695522422,5000,0
horizon,n=40,y_z_z,9,ok,260.9603612567652,40,50,5000,30,0.0,9.895849177599814,2683.9091168695154,10.726793469746429,10.819157450920532,14.506147530144549,0.08674865367319862,7.791344925171528,6.673371443740846,5000,0
horizon,n=40,x_z_z,0,ok,281.2859780300304,40,50,5000,30,0.0,10.165242509749639,2663.927619810689,11.828902500664233,11.059289687105286,14.763138440332815,0.06946807079645828,8.89840426965513,6.859828845249695,5000,0
horizon,n=40,x_z_z,1,ok,281.2859780300304,40,50,5000,30,0.0,10.445207644034163,2798.4363413575065,12.990509931975486,11.371907480934846,15.164558643343673,0.06857263509723427,8.89547704840441,7.2560510846975665,5000,0
horizon,n=40,x_z_z,2,ok,281.2859780300304,40,50,5000,30,0.0,10.46815808590619,2613.9628377708873,13.03031285282452,11.350864424890569,15.190209266000146,0.07343219550634747,9.244172409989952,7.366218397359091,5000,0
horizon,n=40,x_z_z,3,ok,281.2859780300304,40,50,5000,30,0.0,10.232427541067127,2673.4935396407923,12.622085880004027,11.15945181413913,14.900756156466167,0.07292442062623716,8.218238605063085,6.896258207387428,5000,0
horizon,n=40,x_z_z,4,ok,281.2859780300304,40,50,5000,30,0.0,9.53278606883872,2405.3436321229715,10.436452739609646,10.367989721831965,13.824397880994244,0.0710569032644581,6.270019373663522,6.727364750718521,5000,0
horizon,n=40,x_z_z,5,ok,281.2859780300304,40,50,5000,30,0.0,9.823080310524082,2435.877157996566,11.414492487030836,10.757145673395023,14.269255560119456,0.07346042944347284,6.552393653438395,6.532805306750796,5000,0
horizon,n=40,x_z_z,6,ok,281.2859780300304,40,50,5000,30,0.0,10.2904362875527,2573.663341938244,12.420818894520938,11.164963434543283,14.899418097082439,0.07282137816002088,8.417948578529058,7.359486977166005,5000,0
horizon,n=40,x_z_z,7,ok,281.2859780300304,40,50,5000,30,0.0,9.800367287597078,2382.698713342628,10.91836194454448,10.636436390803865,14.198253338625523,0.06990369440051794,8.884077135397142,7.094930898527282,5000,0
horizon,n=40,x_z_z,8,ok,281.2859780300304,40,50,5000,30,0.0,9.642011326496998,2414.6332711977325,11.429359699077741,10.551369122789067,13.979024159007752,0.07011792402540018,8.27133843397394,7.477210097459009,5000,0
horizon,n=40,x_z_z,9,ok,281.2859780300304,40,50,5000,30,0.0,10.254345899394401,2718.281797433893,11.139148846830958,11.245387775532539,14.965363584125793,0.07255889735340244,7.786879486699406,6.643677263054162,5000,0
horizon,n=40,x_z_x,0,ok,64.42712473872164,40,50,5000,30,0.0,6.310697030404727,635.8649961586887,6.24658541133303,6.61226006121183,7.634326351501469,0.06263651065199827,0.9611408947901741,0.5409153225331285,5000,0
horizon,n=40,x_z_x,1,ok,64.42712473872164,40,50,5000,30,0.0,6.462003678065584,659.7201769313724,6.421585884657618,6.8069436758994675,7.839550675369681,0.061571097483022745,0.9415887048123931,0.5563556253420628,5000,0
horizon,n=40,x_z_x,2,ok,64.42712473872164,40,50,5000,30,0.0,6.402732563538214,648.7582574309189,6.295606319216403,6.6971614371111094,7.727076363911706,0.06505600560502128,0.9775581631111631,0.5656075707679075,5000,0
horizon,n=40,x_z_x,3,ok,64.42712473872164,40,50,5000,30,0.0,6.005426666745559,609.209336688233,6.036117258612397,6.287398232216186,7.273869447441504,0.06347449149790468,0.9315837228021061,0.5329721613572835,5000,0
horizon,n=40,x_z_x,4,ok,64.42712473872164,40,50,5000,30,0.0,6.010766873342847,624.2932987269904,6.11673541462584,6.276071519463076,7.244012431135371,0.06321574458656445,0.8481158299003411,0.5206659400419953,5000,0
horizon,n=40,x_z_x,5,ok,64.42712473872164,40,50,5000,30,0.0,5.732084122469137,570.4339651187672,5.709079225686645,6.018529657857251,6.973665571083761,0.06421646276455541,0.8540638384575562,0.5161644309974417,5000,0
horizon,n=40,x_z_x,6,ok,64.42712473872164,40,50,5000,30,0.0,6.296860107507617,638.6767188861157,6.26369447301583,6.6250383892544775,7.6468950145122845,0.06342695079560928,0.9608943471457744,0.5587492578477795,5000,0
horizon,n=40,x_z_x,7,ok,64.42712473872164,40,50,5000,30,0.0,6.369920756268425,658.9160223952758,6.411758434254863,6.702455346392702,7.725655135050053,0.06275188552858466,0.9280822800813964,0.5407072174537195,5000,0
horizon,n=40,x_z_x,8,ok,64.42712473872164,40,50,5000,30,0.0,6.122921492805157,617.703472188189,6.041078989261694,6.423170790303623,7.4203967767900725,0.0629506768901176,0.9489173606271092,0.5735848823597295,5000,0
horizon,n=40,x_z_x,9,ok,64.42712473872164,40,50,5000,30,0.0,6.15728056245618,632.4867844919602,6.1464520267970775,6.4325489330429555,7.424528778078395,0.062419644520684006,0.9074989837881378,0.5176002188758664,5000,0
horizon,n=40,y_plus_z,0,ok,13.90120303609631,40,50,5000,30,0.0,0.3751895650171285,2.9608214749327706,0.3387741820205012,0.3832214795269789,0.5215447328492687,0.06290654679188978,0.43864039023133566,0.4703287790934022,5000,0
horizon,n=40,y_plus_z,1,ok,13.90120303609631,40,50,5000,30,0.0,0.3659529884044563,2.8076868325422586,0.3523550368558816,0.3747684724888914,0.5084695716270077,0.061373021367569086,0.4157323945500811,0.5029471267873415,5000,0
horizon,n=40,y_plus_z,2,ok,13.90120303609631,40,50,5000,30,0.0,0.4016555745117469,3.3804081702135163,0.382099306918798,0.41092073850289146,0.5598735148924932,0.06367167232342931,0.44103426102838567,0.5127946953468747,5000,0
horizon,n=40,y_plus_z,3,ok,13.90120303609631,40,50,5000,30,0.0,0.37274458475373196,3.0760050747901566,0.3243369514828343,0.38100221823893005,0.5185312626206342,0.06301210127824361,0.3963775513671567,0.47230186095654697,5000,0
horizon,n=40,y_plus_z,4,ok,13.90120303609631,40,50,5000,30,0.0,0.3534677579833198,2.7565236936191,0.3249381222259473,0.36073963249630175,0.4904681955591881,0.06269722910784727,0.3581186706865025,0.44664066851995976,5000,0
horizon,n=40,y_plus_z,5,ok,13.90120303609631,40,50,5000,30,0.0,0.3592587187099518,2.835631625455675,0.311227842919908,0.3670232809130108,0.5011486011201675,0.06356081784729231,0.35671391219817206,0.4683627491758689,5000,0
horizon,n=40,y_plus_z,6,ok,13.90120303609631,40,50,5000,30,0.0,0.38304483996146876,3.083314126315401,0.34476821368068006,0.39127424359532814,0.5335517953298917,0.0631753454846728,0.401663188688357,0.49073891326175817,5000,0
horizon,n=40,y_plus_z,7,ok,13.90120303609631,40,50,5000,30,0.0,0.3650235543757793,2.916264140881547,0.33956734112905007,0.3736890627126321,0.5090446613367059,0.06265826571700181,0.42462885869009637,0.4870209493057138,5000,0
horizon,n=40,y_plus_z,8,ok,13.90120303609631,40,50,5000,30,0.0,0.37041892301326423,2.9531832250378733,0.3406439170430756,0.3790514030501532,0.5162123939094102,0.06272222449066092,0.40959500328009507,0.5177989127694803,5000,0
horizon,n=40,y_plus_z,9,ok,13.90120303609631,40,50,5000,30,0.0,0.3666021469379897,2.941203516982734,0.31258363321075294,0.374865746428659,0.510258113040776,0.06286938128293665,0.3967141628285778,0.4470279361203069,5000,0
horizon,n=40,x_plus_z,0,ok,33.17345746870676,40,50,5000,30,0.0,1.5836223102772167,92.64981627939571,1.774960798614499,1.7537393498126177,2.269681709427853,0.06294670541101902,0.7435805965814611,0.5953530320692904,5000,0
horizon,n=40,x_plus_z,1,ok,33.17345746870676,40,50,5000,30,0.0,1.4753741104262192,79.31239319647821,1.8911996120423065,1.617124855949445,2.1220228474353635,0.061987260616363365,0.7277210996192199,0.6213300675653524,5000,0
horizon,n=40,x_plus_z,2,ok,33.17345746870676,40,50,5000,30,0.0,1.6872949617598803,97.01554387699818,2.128212426195645,1.8675134923321486,2.418763768096509,0.06458467778460708,0.7845193499837572,0.6547794966535213,5000,0
horizon,n=40,x_plus_z,3,ok,33.17345746870676,40,50,5000,30,0.0,1.531634464858197,84.96455972271528,1.8714530109720133,1.6916092786905443,2.205640140248806,0.06371457494440491,0.7055401893597555,0.6043405462780589,5000,0
horizon,n=40,x_plus_z,4,ok,33.17345746870676,40,50,5000,30,0.0,1.35182829414526,72.01937057277956,1.4825393714493902,1.4733748485314544,1.9302007361284332,0.0631783239548743,0.590304227206311,0.5833198422200145,5000,0
horizon,n=40,x_plus_z,5,ok,33.17345746870676,40,50,5000,30,0.0,1.4866354271719708,83.07842925675676,1.6883683453085523,1.6397976565753234,2.1254038771769315,0.06426204874013755,0.6194641501714034,0.5925979084736694,5000,0
horizon,n=40,x_plus_z,6,ok,33.17345746870676,40,50,5000,30,0.0,1.5292813525568028,84.14674423297646,1.8007502669103648,1.67865145666303,2.1806849201296425,0.06347409842802379,0.7104784901114676,0.6331996928160504,5000,0
horizon,n=40,x_plus_z,7,ok,33.17345746870676,40,50,5000,30,0.0,1.4598638513065034,81.32776095793419,1.6522255416435414,1.6097227795307045,2.101272092615153,0.06234854314956553,0.7339594622780177,0.6190802491352828,5000,0
horizon,n=40,x_plus_z,8,ok,33.17345746870676,40,50,5000,30,0.0,1.4441857234468714,79.09104246267768,1.8047697136840892,1.6025020361780054,2.0789597200750434,0.0631089147077501,0.6934974552870883,0.6418008823522393,5000,0
horizon,n=40,x_plus_z,9,ok,33.17345746870676,40,50,5000,30,0.0,1.5196830414455638,84.12499618660736,1.6918556546052395,1.6764951895607294,2.1816189199410116,0.06257931283990709,0.6854118819775791,0.5794522220920486,5000,0
horizon,n=40,x_plus_y,0,ok,2.562258516347068,40,50,5000,30,0.0,0.07515495521293308,0.04216029874874072,0.07267815134111603,0.07677931360443833,0.10278924797850893,0.06453067792567103,0.18316300166690605,0.1163136180354837,5000,0
horizon,n=40,x_plus_y,1,ok,2.562258516347068,40,50,5000,30,0.0,0.07548918760775056,0.0461926838715706,0.07174446698021301,0.07724180710881696,0.10342426210935322,0.06378238993410688,0.18605937347411267,0.11952019366201116,5000,0
horizon,n=40,x_plus_y,2,ok,2.562258516347068,40,50,5000,30,0.0,0.07703025749044064,0.04624236916801456,0.07604116893557188,0.07868872196950621,0.10558856668623157,0.06507662253122992,0.18564662283634112,0.12169192679021666,5000,0
horizon,n=40,x_plus_y,3,ok,2.562258516347068,40,50,5000,30,0.0,0.07460035479602317,0.044190093590579606,0.06851938096049644,0.07650442606122547,0.10247365301040548,0.06451434002355007,0.18243383218243808,0.11757365713919253,5000,0
horizon,n=40,x_plus_y,4,ok,2.562258516347068,40,50,5000,30,0.0,0.07110015167342831,0.035640883804561346,0.06768272783449539,0.07233044599898597,0.09761558639673558,0.06415304973416026,0.1819127105251378,0.11505516916140454,5000,0
horizon,n=40,x_plus_y,5,ok,2.562258516347068,40,50,5000,30,0.0,0.07210969392087047,0.03663929967327442,0.06613600169994512,0.07357969928963434,0.0988422348256091,0.0648961456056262,0.1815952414131724,0.1158741863404518,5000,0
horizon,n=40,x_plus_y,6,ok,2.562258516347068,40,50,5000,30,0.0,0.07553022670176839,0.04558670257448405,0.07111209496402271,0.07708063966692644,0.10355459676729284,0.06479510054913708,0.18341157639727024,0.12026797736368013,5000,0
horizon,n=40,x_plus_y,7,ok,2.562258516347068,40,50,5000,30,0.0,0.0730927542668848,0.04191095088977957,0.06958600092533251,0.07453728426241087,0.1003621729432006,0.06393743969446018,0.18276942475547903,0.11645112093192461,5000,0
horizon,n=40,x_plus_y,8,ok,2.562258516347068,40,50,5000,30,0.0,0.0717387656044404,0.038624415628315326,0.06742504685606755,0.07339435554757283,0.09834441347969584,0.06478264149028226,0.18267960297231592,0.12074995356317288,5000,0
horizon,n=40,x_plus_y,9,ok,2.562258516347068,40,50,5000,30,0.0,0.0740791424409488,0.041677738404648,0.06761862329479419,0.0755948864375415,0.10146812871175878,0.06399736082175125,0.18192142846954404,0.11394040916595248,5000,0
theiler,w=0,x_x_x,0,ok,3.090816180484919,20,50,5000,0,0.0,0.10648063155363573,0.17191272981077108,0.06397860150333193,0.10824550260185595,0.14618141758693434,0.05905163434395469,0.17155321987133795,0.12101416374612926,5000,0
theiler,w=0,x_x_x,1,ok,3.090816180484919,20,50,5000,0,0.0,0.10626027301657,0.1742144900343903,0.061583851991895304,0.10795020432473257,0.14523977490568185,0.058013334787927806,0.17259623768735463,0.12007639385062262,5000,0
theiler,w=0,x_x_x,2,ok,3.090816180484919,20,50,5000,0,0.0,0.1077975982969323,0.1740083207817062,0.06683686225251909,0.10961391497549192,0.14747115757874946,0.05937591174970083,0.17558466093619896,0.12185117594819608,5000,0
theiler,w=0,x_x_x,3,ok,3.090816180484919,20,50,5000,0,0.0,0.10447161153896466,0.16513204357522365,0.0644930167368574,0.10595531874749745,0.1430042157939176,0.05887634804789643,0.16952069960220914,0.11789712903560284,5000,0
theiler,w=0,x_x_x,4,ok,3.090816180484919,20,50,5000,0,0.0,0.10404347281362264,0.16179707104246244,0.06755008879160694,0.10569056414586807,0.14275526464515456,0.058645052779961404,0.17100631376062891,0.11807522823446064,5000,0
theiler,w=0,x_x_x,5,ok,3.090816180484919,20,50,5000,0,0.0,0.09940597293732453,0.15219099409058423,0.05733704140185173,0.10060881896613594,0.13595831158462499,0.05896897070212581,0.16520280565942325,0.11289167420872077,5000,0
theiler,w=0,x_x_x,6,ok,3.090816180484919,20,50,5000,0,0.0,0.10754452039487068,0.18629552685070863,0.0627910644738798,0.10924312785668076,0.1474662983722351,0.0589923142555516,0.17250334917253,0.12014207543652931,5000,0
theiler,w=0,x_x_x,7,ok,3.090816180484919,20,50,5000,0,0.0,0.1035124060246097,0.16097900977544008,0.06332202004879298,0.10529491716617703,0.14187744796664262,0.05856565704129625,0.17570512916652356,0.11832434712200904,5000,0
theiler,w=0,x_x_x,8,ok,3.090816180484919,20,50,5000,0,0.0,0.11029700875974388,0.19535846032407078,0.06570502845775075,0.11208597448829478,0.15125275154128182,0.05921059334794034,0.17273156510267723,0.12384694116066498,5000,0
theiler,w=0,x_x_x,9,ok,3.090816180484919,20,50,5000,0,0.0,0.10331349516479117,0.16491790404155307,0.06067407388761835,0.1047073097505499,0.14152813394430097,0.05854319658208476,0.17152678216632622,0.11817163511600079,5000,0
theiler,w=0,y_y_y,0,ok,3.44652416507327,20,50,5000,0,0.0,0.046116144157177734,0.005486201792671315,0.0216564179501792,0.046619652977179564,0.06290543844543872,0.059131280569784575,0.14715888562481375,0.07470858351659494,5000,0
theiler,w=0,y_y_y,1,ok,3.44652416507327,20,50,5000,0,0.0,0.04570715721153396,0.005548345635880385,0.02125962891240976,0.04622305208253852,0.06228907978207742,0.05808416342754712,0.14472930623786043,0.07411238801872154,5000,0
theiler,w=0,y_y_y,2,ok,3.44652416507327,20,50,5000,0,0.0,0.04635890725211304,0.005572927047106863,0.022351146988286674,0.04689601060550616,0.06320298644074425,0.0589689913837821,0.1486636076417866,0.07532274609940269,5000,0
theiler,w=0,y_y_y,3,ok,3.44652416507327,20,50,5000,0,0.0,0.045662566317374774,0.005159271371710716,0.02153844574260711,0.046133080182507356,0.06216915772554164,0.059046102335719844,0.1459666687384851,0.07459444454976587,5000,0
theiler,w=0,y_y_y,4,ok,3.44652416507327,20,50,5000,0,0.0,0.045510597810593786,0.005089546329417485,0.02150910040936059,0.045978282323088274,0.062063778596397196,0.05869346430700828,0.145760015946339,0.07386487902865092,5000,0
theiler,w=0,y_y_y,5,ok,3.44652416507327,20,50,5000,0,0.0,0.044708271950087905,0.004813104171141476,0.020687663731238887,0.0451585312352014,0.06095730338745593,0.05894942975516062,0.13940210326614014,0.07353196342632375,5000,0
theiler,w=0,y_y_y,6,ok,3.44652416507327,20,50,5000,0,0.0,0.04582459036882631,0.005389327036433001,0.02197726199126586,0.046370333428976576,0.06249540190327178,0.0589969354734622,0.14726127206922188,0.07453716696331157,5000,0
theiler,w=0,y_y_y,7,ok,3.44652416507327,20,50,5000,0,0.0,0.04528860013019483,0.00526213127156585,0.021581608677674027,0.04577683477249878,0.06175025601782163,0.05859986359520384,0.14235010033480805,0.07372587014161873,5000,0
theiler,w=0,y_y_y,8,ok,3.44652416507327,20,50,5000,0,0.0,0.04600452781857162,0.00567682297465974,0.02191712730122602,0.04652484435452302,0.0627049355872781,0.05908649868973152,0.14456284578044423,0.07462020423563415,5000,0
theiler,w=0,y_y_y,9,ok,3.44652416507327,20,50,5000,0,0.0,0.045232809146469995,0.005140342377467587,0.02096194276787409,0.04569624241339426,0.06164403453883707,0.05892689587368581,0.140139484636287,0.07352968198259036,5000,0
theiler,w=0,z_z_z,0,ok,8.63102661547655,20,50,5000,0,0.0,14.88086834982782,5085.975136381002,9.87803628883429,15.070365439456433,20.28245485182467,0.0571021854208998,15.54896589218671,20.060057670966337,5000,0
theiler,w=0,z_z_z,1,ok,8.63102661547655,20,50,5000,0,0.0,14.797422225662624,5390.362802092219,9.085752730180845,14.958937077383244,20.15445945310821,0.05766940827860723,14.877784892712796,20.22134771012638,5000,0
theiler,w=0,z_z_z,2,ok,8.63102661547655,20,50,5000,0,0.0,15.103359844607429,5331.32924061513,9.831500103054218,15.29073870303985,20.550008144386396,0.06141533559765083,16.01653620653245,20.38258091322835,5000,0
theiler,w=0,z_z_z,3,ok,8.63102661547655,20,50,5000,0,0.0,14.152725195278268,4776.291644676838,8.987954588088984,14.31180913112719,19.27992106718041,0.06107128615921417,14.553143271556575,19.47373938658982,5000,0
theiler,w=0,z_z_z,4,ok,8.63102661547655,20,50,5000,0,0.0,14.407519919627328,4943.292913574723,9.554526132075114,14.541053279504558,19.609882556338796,0.06070175769425475,14.443590350834116,19.417968651031863,5000,0
theiler,w=0,z_z_z,5,ok,8.63102661547655,20,50,5000,0,0.0,13.146092122434313,4330.195476476674,8.361277596421491,13.257212203667779,17.877821480674744,0.05978408861269291,13.745455676498237,18.18738310678924,5000,0
theiler,w=0,z_z_z,6,ok,8.63102661547655,20,50,5000,0,0.0,14.83817259429632,5363.731988829874,9.222127744535698,15.001817198042842,20.231254248038802,0.06098464934523597,15.113990612690868,19.96188819614287,5000,0
theiler,w=0,z_z_z,7,ok,8.63102661547655,20,50,5000,0,0.0,14.43969064285017,5046.220004807594,9.326820586407498,14.605786038698227,19.678771871650174,0.05703239016713317,15.681028943900928,19.463818312284175,5000,0
theiler,w=0,z_z_z,8,ok,8.63102661547655,20,50,5000,0,0.0,14.787027469257161,5078.920414671017,9.536225604935412,14.951456156788621,20.132889368703932,0.062486803759728475,15.447178795165215,21.908334083281737,5000,0
theiler,w=0,z_z_z,9,ok,8.63102661547655,20,50,5000,0,0.0,14.291009026089828,4861.353240842132,8.850104698346941,14.44051062651657,19.485112449850305,0.06190211893259103,15.379738480759745,19.429061123243763,5000,0
theiler,w=0,y_z_y,0,ok,55.35812478627791,20,50,5000,0,0.0,4.780025044274979,394.51278911340034,4.777304826656938,4.92735226785242,5.779526040825268,0.059710641950130594,0.9107835543949054,0.5052652312565171,5000,0
theiler,w=0,y_z_y,1,ok,55.35812478627791,20,50,5000,0,0.0,4.552170446715183,379.4098208236564,4.46883422472362,4.69541353117089,5.504393292558368,0.05810577618732268,0.8748617595813681,0.4984372242672578,5000,0
theiler,w=0,y_z_y,2,ok,55.35812478627791,20,50,5000,0,0.0,4.829398494837715,403.62532584962406,4.813810843672974,4.982424261143235,5.841265958684469,0.059712676518812596,0.9074440784126162,0.5105054141870103,5000,0
theiler,w=0,y_z_y,3,ok,55.35812478627791,20,50,5000,0,0.0,4.453639394762187,370.49983108824426,4.53221625650965,4.600150779381062,5.401701111208625,0.05857704791416217,0.8225332941115591,0.4846075701899649,5000,0
theiler,w=0,y_z_y,4,ok,55.35812478627791,20,50,5000,0,0.0,4.444982222769652,360.497627341648,4.516995390305091,4.571386857564855,5.354884394667312,0.05883545634656058,0.7959177297592294,0.48619096850321236,5000,0
theiler,w=0,y_z_y,5,ok,55.35812478627791,20,50,5000,0,0.0,4.279472601142511,357.77889209849417,4.288703483710316,4.413508886848108,5.1587434985799066,0.05970209659648594,0.7692606004964655,0.47725451167708133,5000,0
theiler,w=0,y_z_y,6,ok,55.35812478627791,20,50,5000,0,0.0,4.459271673615427,364.8996881762618,4.380342498390563,4.597641340234578,5.404736204871931,0.059273698139285444,0.8389354696153183,0.4960634332827289,5000,0
theiler,w=0,y_z_y,7,ok,55.35812478627791,20,50,5000,0,0.0,4.662536359212133,389.2680994580833,4.620697073332573,4.812219426228646,5.630716156142853,0.058821470992130906,0.8775298672961308,0.4976053232628912,5000,0
theiler,w=0,y_z_y,8,ok,55.35812478627791,20,50,5000,0,0.0,4.672555374950799,385.53876367154857,4.537055368791334,4.8185766232030804,5.667814584760607,0.05950252316862428,0.9201972798399176,0.5201496667981325,5000,0
theiler,w=0,y_z_y,9,ok,55.35812478627791,20,50,5000,0,0.0,4.499107682793413,368.95261043349177,4.506773891826406,4.6434393241700835,5.447854312960729,0.059016385669031175,0.8934844264101788,0.49626829455428945,5000,0
theiler,w=0,x_y_x,0,ok,3.5968374195681707,20,50,5000,0,0.0,0.04637719302298626,0.0054701398777914885,0.021933916343457965,0.04690878733130986,0.06328631913133585,0.059147280457257895,0.14751243574527542,0.07530515752622348,5000,0
theiler,w=0,x_y_x,1,ok,3.5968374195681707,20,50,5000,0,0.0,0.046031635594491825,0.005595463783239213,0.02155752909030739,0.046560533608361786,0.06274368654671963,0.05835456296805884,0.1438527643189469,0.07470970172455253,5000,0
theiler,w=0,x_y_x,2,ok,3.5968374195681707,20,50,5000,0,0.0,0.04666032877007424,0.005629100368097287,0.022613615827483436,0.04721427938990404,0.063628835100002,0.0591727922255894,0.14863190724355332,0.07597172887747265,5000,0
theiler,w=0,x_y_x,3,ok,3.5968374195681707,20,50,5000,0,0.0,0.04597970048174289,0.005281656760050391,0.021762598834038225,0.04647790100150342,0.06264031902399113,0.059181371320673505,0.14536509101671657,0.07514562192071983,5000,0
theiler,w=0,x_y_x,4,ok,3.5968374195681707,20,50,5000,0,0.0,0.04579302905655056,0.005164069977167711,0.02176952366060786,0.04628877993640453,0.062475788698393396,0.05882300766280478,0.14483999163979291,0.07440537225339913,5000,0
theiler,w=0,x_y_x,5,ok,3.5968374195681707,20,50,5000,0,0.0,0.04501941156582737,0.004869291147526027,0.02087666403299079,0.04549202094611005,0.06139636798534459,0.059129960959549976,0.14103116660012638,0.07410139443147659,5000,0
theiler,w=0,x_y_x,6,ok,3.5968374195681707,20,50,5000,0,0.0,0.04616766556550728,0.0054475920945610086,0.02219073372900044,0.046732613777318945,0.06296267860634461,0.05909280725133138,0.14633577972560408,0.07513843504617539,5000,0
theiler,w=0,x_y_x,7,ok,3.5968374195681707,20,50,5000,0,0.0,0.04556395800359532,0.005314706370434276,0.021766771481393516,0.04608207167527837,0.062165731148295086,0.05872430302664106,0.14248019637967052,0.07432906677654831,5000,0
theiler,w=0,x_y_x,8,ok,3.5968374195681707,20,50,5000,0,0.0,0.04630419861040954,0.005747911832050113,0.022108741228747168,0.04685047178566757,0.06314137177300433,0.05917291948057405,0.14373854088156798,0.07528665256604024,5000,0
theiler,w=0,x_y_x,9,ok,3.5968374195681707,20,50,5000,0,0.0,0.04559661365292579,0.005302264079751466,0.021143575769637532,0.04608831806448785,0.06216784863631852,0.05895557611424633,0.1423208685618902,0.07411726748540104,5000,0
theiler,w=0,x_y_y,0,rank_deficient,inf,20,50,5000,0,0.0,nan,nan,nan,nan,nan,nan,nan,nan,,
theiler,w=0,x_y_y,1,rank_deficient,inf,20,50,5000,0,0.0,nan,nan,nan,nan,nan,nan,nan,nan,,
theiler,w=0,x_y_y,2,rank_deficient,inf,20,50,5000,0,0.0,nan,nan,nan,nan,nan,nan,nan,nan,,
theiler,w=0,x_y_y,3,rank_deficient,inf,20,50,5000,0,0.0,nan,nan,nan,nan,nan,nan,nan,nan,,
theiler,w=0,x_y_y,4,rank_deficient,inf,20,50,5000,0,0.0,nan,nan,nan,nan,nan,nan,nan,nan,,
theiler,w=0,x_y_y,5,rank_deficient,inf,20,50,5000,0,0.0,nan,nan,nan,nan,nan,nan,nan,nan,,
theiler,w=0,x_y_y,6,rank_deficient,inf,20,50,5000,0,0.0,nan,nan,nan,nan,nan,nan,nan,nan,,
theiler,w=0,x_y_y,7,rank_deficient,inf,20,50,5000,0,0.0,nan,nan,nan,nan,nan,nan,nan,nan,,
theiler,w=0,x_y_y,8,rank_deficient,inf,20,50,5000,0,0.0,nan,nan,nan,nan,nan,nan,nan,nan,,
theiler,w=0,x_y_y,9,rank_deficient,inf,20,50,5000,0,0.0,nan,nan,nan,nan,nan,nan,nan,nan,,
theiler,w=0,y_z_z,0,ok,260.9603612567652,20,50,5000,0,0.0,12.01197388042293,4838.242292928748,10.478700372614437,12.886057638997402,17.194529060871684,0.0675800089504923,7.899003822585073,6.731962828431666,5000,0
theiler,w=0,y_z_z,1,ok,260.9603612567652,20,50,5000,0,0.0,11.572187830645062,4629.048729578487,10.154413508451622,12.412893805086778,16.49446686112642,0.0648107188540355,7.066588530197863,6.597851528160107,5000,0
theiler,w=0,y_z_z,2,ok,260.9603612567652,20,50,5000,0,0.0,11.855025750493029,4531.540395766961,11.009782743477505,12.696042668178192,16.90652452158957,0.06888191174426966,7.910749703988837,6.627451183851724,5000,0
theiler,w=0,y_z_z,3,ok,260.9603612567652,20,50,5000,0,0.0,11.453510985034129,4311.812238980195,10.365873624729272,12.178254077934843,16.295011836170996,0.06814194412539791,6.301721362873797,6.260055361814477,5000,0
theiler,w=0,y_z_z,4,ok,260.9603612567652,20,50,5000,0,0.0,11.5457155765912,4429.3072736444265,10.341758986891763,12.337454525829067,16.483055460087808,0.0656061075666366,6.730349047221866,6.440394708677435,5000,0
theiler,w=0,y_z_z,5,ok,260.9603612567652,20,50,5000,0,0.0,10.788957786152498,4272.466456863101,9.131550892619442,11.50219674634539,15.405522013172996,0.06797030236459023,6.190686102650013,5.820078171999306,5000,0
theiler,w=0,y_z_z,6,ok,260.9603612567652,20,50,5000,0,0.0,12.051308726895943,4948.784110662934,10.995882374209474,12.917555817446647,17.180328857075658,0.06796533838072956,7.605407452208841,6.548645118575182,5000,0
theiler,w=0,y_z_z,7,ok,260.9603612567652,20,50,5000,0,0.0,11.538671488636002,4570.12010652764,10.020524725649002,12.331510664272193,16.471913667785465,0.06424005102051872,7.737388468296098,6.452171570375234,5000,0
theiler,w=0,y_z_z,8,ok,260.9603612567652,20,50,5000,0,0.0,12.427821830384618,5163.225393852226,10.778125050812472,13.39205708360782,17.79883910815177,0.0679027990878267,7.890874778003175,7.021162704146029,5000,0
theiler,w=0,y_z_z,9,ok,260.9603612567652,20,50,5000,0,0.0,11.484012774583908,4415.172642937892,9.615655968396318,12.260417796650296,16.42466159576962,0.06859357415336781,7.785975627852197,6.491604751508874,5000,0
theiler,w=0,x_z_z,0,ok,281.2859780300304,20,50,5000,0,0.0,12.057098111412797,4839.4616027583925,10.536839154964367,12.94208590759346,17.258597355842877,0.05860658788744198,7.899162639047615,6.707123182957989,5000,0
theiler,w=0,x_z_z,1,ok,281.2859780300304,20,50,5000,0,0.0,11.621935156227146,4629.987776873742,10.216079938545505,12.474712730202906,16.564687437926214,0.05860772091570437,7.058205046379471,6.573056691253311,5000,0
theiler,w=0,x_z_z,2,ok,281.2859780300304,20,50,5000,0,0.0,11.903553400456321,4532.884991051948,11.071322241812004,12.756489152461844,16.975304011622846,0.0595748471705896,7.8699415673090245,6.602668969722177,5000,0
theiler,w=0,x_z_z,3,ok,281.2859780300304,20,50,5000,0,0.0,11.495756186132544,4312.895092945166,10.422795873369983,12.230163192107142,16.35586997028764,0.059054788010763415,6.297468138282757,6.2354142178475955,5000,0
theiler,w=0,x_z_z,4,ok,281.2859780300304,20,50,5000,0,0.0,11.59264238247889,4430.278705415263,10.403860091208056,12.39577850987315,16.54949174059776,0.05775187274886482,6.724094655688887,6.4147485315931885,5000,0
theiler,w=0,x_z_z,5,ok,281.2859780300304,20,50,5000,0,0.0,10.836949296864008,4273.39347127261,9.193862322233725,11.56123896548723,15.472408041012077,0.0595114145557383,6.176402787435996,5.794613083052596,5000,0
theiler,w=0,x_z_z,6,ok,281.2859780300304,20,50,5000,0,0.0,12.100132536459013,4950.130313974732,11.059043046508997,12.978456104155715,17.24968898630606,0.059629025468859564,7.590840606738785,6.524364358459605,5000,0
theiler,w=0,x_z_z,7,ok,281.2859780300304,20,50,5000,0,0.0,11.583817252401108,4571.015895577403,10.079053133883141,12.387909188570454,16.536103609991667,0.05776169714994963,7.7369920547040305,6.427651906535158,5000,0
theiler,w=0,x_z_z,8,ok,281.2859780300304,20,50,5000,0,0.0,12.4797063455506,5164.256666358876,10.848939058368828,13.457620264003053,17.872780157495963,0.060040315506912946,7.876009836946971,6.996008996004497,5000,0
theiler,w=0,x_z_z,9,ok,281.2859780300304,20,50,5000,0,0.0,11.52654731156709,4416.065420034486,9.671641603451594,12.314146423487012,16.486522583296644,0.05963082247963861,7.780601486494055,6.465843531981552,5000,0
theiler,w=0,x_z_x,0,ok,64.42712473872164,20,50,5000,0,0.0,4.763600657432576,393.8327655066435,4.749884902937889,4.914971634654664,5.766920310590454,0.0557874373632138,0.8957510578117284,0.5015931735426178,5000,0
theiler,w=0,x_z_x,1,ok,64.42712473872164,20,50,5000,0,0.0,4.5443481481413315,379.1302787782735,4.447421651199435,4.68969761453136,5.49787768072209,0.054519739810566445,0.863664040912539,0.49442555793926957,5000,0
theiler,w=0,x_z_x,2,ok,64.42712473872164,20,50,5000,0,0.0,4.82215374848911,403.40763182076745,4.793367367995192,4.977127538507953,5.836168926202166,0.05583572993014538,0.8978803893567215,0.5070056857405347,5000,0
theiler,w=0,x_z_x,3,ok,64.42712473872164,20,50,5000,0,0.0,4.444376321158418,370.0485276418312,4.511577148326735,4.592716585698212,5.394161872258221,0.0550684896088095,0.8114068773953944,0.48087054835424403,5000,0
theiler,w=0,x_z_x,4,ok,64.42712473872164,20,50,5000,0,0.0,4.439172589939809,360.32742406252805,4.5051093326035785,4.567934169103736,5.350239821168593,0.05528951236874555,0.7921012618185602,0.4824226505134416,5000,0
theiler,w=0,x_z_x,5,ok,64.42712473872164,20,50,5000,0,0.0,4.269477349516292,357.32324922308175,4.273076571778378,4.406281960252653,5.151514162167763,0.05580688380464268,0.7657783297177438,0.47357725169280074,5000,0
theiler,w=0,x_z_x,6,ok,64.42712473872164,20,50,5000,0,0.0,4.451399953574211,364.49634291091684,4.357569399672425,4.591440070979665,5.398514302233906,0.05558423340626527,0.8382458788269689,0.49232995428388765,5000,0
theiler,w=0,x_z_x,7,ok,64.42712473872164,20,50,5000,0,0.0,4.6529343327565496,388.71657195093616,4.597375569105657,4.803391264591834,5.621864445144863,0.055335428245585246,0.8718958423400636,0.49375116183060047,5000,0
theiler,w=0,x_z_x,8,ok,64.42712473872164,20,50,5000,0,0.0,4.6595810497122,384.9533623518279,4.513541520908245,4.806713471123692,5.6549956431150505,0.05568372182270821,0.9148642768907591,0.516235460588171,5000,0
theiler,w=0,x_z_x,9,ok,64.42712473872164,20,50,5000,0,0.0,4.49081157404785,368.44576218646534,4.483790276156863,4.636335580750717,5.440127736823099,0.05539596900197246,0.8799302519268261,0.4923858622970834,5000,0
theiler,w=0,y_plus_z,0,ok,13.90120303609631,20,50,5000,0,0.0,0.6872189198864144,15.736909623888717,0.48521594187783174,0.7181475625677883,0.9720339026249665,0.05591543176027891,0.36578755859646317,0.44012073578337074,5000,0
theiler,w=0,y_plus_z,1,ok,13.90120303609631,20,50,5000,0,0.0,0.6885827665301688,16.35900794982063,0.48959541823341807,0.7188764782412002,0.9696243257301036,0.05495034599423945,0.33464980867638316,0.4501305236027476,5000,0
theiler,w=0,y_plus_z,2,ok,13.90120303609631,20,50,5000,0,0.0,0.7007160513495851,16.049112484251843,0.5148756743079246,0.7330101737492795,0.9898108306180781,0.055783817722465295,0.3740468016516807,0.4540554933464834,5000,0
theiler,w=0,y_plus_z,3,ok,13.90120303609631,20,50,5000,0,0.0,0.6615876896724695,15.465336483209368,0.4714726030442739,0.6919888224926656,0.9359917220050211,0.05548024462923187,0.31900115691493297,0.43731480735373635,5000,0
theiler,w=0,y_plus_z,4,ok,13.90120303609631,20,50,5000,0,0.0,0.6797920721988494,15.897711320424293,0.49041165492296857,0.7112664544212021,0.9587256976347497,0.05546492816856732,0.30836973202918516,0.4342390700327716,5000,0
theiler,w=0,y_plus_z,5,ok,13.90120303609631,20,50,5000,0,0.0,0.6266401243839095,14.47541923191871,0.42265283665963754,0.6507301251081035,0.8824282085369602,0.05564531618378517,0.29938220219751066,0.41925938965732074,5000,0
theiler,w=0,y_plus_z,6,ok,13.90120303609631,20,50,5000,0,0.0,0.6960319060263228,16.997262298387447,0.48300852709597275,0.7314301195420426,0.9857212632157735,0.05555988716174323,0.3369769336357556,0.4464041468807793,5000,0
theiler,w=0,y_plus_z,7,ok,13.90120303609631,20,50,5000,0,0.0,0.669638550765809,15.58299957455502,0.45494885733867424,0.6990199527014226,0.9450706783063239,0.055478596443522266,0.36817683143595725,0.4335984774658812,5000,0
theiler,w=0,y_plus_z,8,ok,13.90120303609631,20,50,5000,0,0.0,0.7395337795775944,18.96453849724796,0.5092139476736249,0.777395965661792,1.0417369738193885,0.055848765572400816,0.3616414635241637,0.4850733208556002,5000,0
theiler,w=0,y_plus_z,9,ok,13.90120303609631,20,50,5000,0,0.0,0.6709514433255613,15.374851185775546,0.4623806121597303,0.6965013879322582,0.9413707966291402,0.05579533155302405,0.3479575590124801,0.43228624160752943,5000,0
theiler,w=0,x_plus_z,0,ok,33.17345746870676,20,50,5000,0,0.0,1.841505508570865,128.79118107947232,1.6787787240462788,1.985250894587236,2.540036016655331,0.05668595356031071,0.6469999059822577,0.5718193787713032,5000,0
theiler,w=0,x_plus_z,1,ok,33.17345746870676,20,50,5000,0,0.0,1.9044635695406913,135.97419644181687,1.8426533807540924,2.066178725861667,2.614136617921481,0.055784423780083026,0.5908308816434382,0.5583357523624647,5000,0
theiler,w=0,x_plus_z,2,ok,33.17345746870676,20,50,5000,0,0.0,1.8757725325579027,130.16113719193564,1.8235773771224304,2.040980597300313,2.5869349591755517,0.05681600295337426,0.681210581646924,0.5810204623147326,5000,0
theiler,w=0,x_plus_z,3,ok,33.17345746870676,20,50,5000,0,0.0,1.8464964822025043,132.17793000516497,1.6624928366983502,1.9952991310568002,2.53125118264326,0.05642927333167565,0.5802962845631123,0.5590058457984853,5000,0
theiler,w=0,x_plus_z,4,ok,33.17345746870676,20,50,5000,0,0.0,1.8207061251947148,126.01819536681585,1.6399483900832412,1.9682054821124992,2.502879219381803,0.056419463865801794,0.5411276051540983,0.5581644102416587,5000,0
theiler,w=0,x_plus_z,5,ok,33.17345746870676,20,50,5000,0,0.0,1.619849683145311,106.46428981527747,1.4818704749795475,1.7476382053086887,2.2434533833629358,0.056834217515463796,0.5513588705539565,0.5118100561565291,5000,0
theiler,w=0,x_plus_z,6,ok,33.17345746870676,20,50,5000,0,0.0,1.8321446579619745,128.09707375072398,1.711927799401885,1.9793890879579457,2.5293798256744346,0.05653980860467342,0.6074657649386866,0.557433022970425,5000,0
theiler,w=0,x_plus_z,7,ok,33.17345746870676,20,50,5000,0,0.0,1.7781686534784182,124.46661869505353,1.5830310895404152,1.9170255867135446,2.4541733387239195,0.05625950000630639,0.654972556547834,0.5482802109868584,5000,0
theiler,w=0,x_plus_z,8,ok,33.17345746870676,20,50,5000,0,0.0,1.9895910505655054,141.21991992503197,1.9107428029806979,2.1475610103428284,2.7196643589223215,0.056589869057605505,0.647773824071949,0.5785600889490674,5000,0
theiler,w=0,x_plus_z,9,ok,33.17345746870676,20,50,5000,0,0.0,1.7902065046661078,125.62954086876307,1.6640360189542,1.9398985355469631,2.4682157294779747,0.05638279546458868,0.6451893787242934,0.5523895824528268,5000,0
theiler,w=0,x_plus_y,0,ok,2.562258516347068,20,50,5000,0,0.0,0.08862673351465193,0.09538107468628643,0.053279273137396055,0.09008575509779149,0.1209788093203375,0.05786728275329969,0.16637568619603108,0.10529263517899508,5000,0
theiler,w=0,x_plus_y,1,ok,2.562258516347068,20,50,5000,0,0.0,0.08726936814714654,0.09506901963779073,0.05210859863940343,0.08881045830495216,0.11921206553726808,0.05746253971128132,0.1655496090927437,0.1044967784905503,5000,0
theiler,w=0,x_plus_y,2,ok,2.562258516347068,20,50,5000,0,0.0,0.08960847279854754,0.10049950134509887,0.05475713640407567,0.09110490229348533,0.12243225946071566,0.058233358850947825,0.16627806618040358,0.10611031288135582,5000,0
theiler,w=0,x_plus_y,3,ok,2.562258516347068,20,50,5000,0,0.0,0.08608728585686998,0.09182229001198478,0.052743035685719905,0.08745629066871195,0.1178660116693729,0.057855289435191116,0.1616832025756094,0.10271247280595842,5000,0
theiler,w=0,x_plus_y,4,ok,2.562258516347068,20,50,5000,0,0.0,0.08695325964631838,0.09116921246962695,0.053911484238578236,0.08823049688400461,0.11869968020832952,0.05763160731405827,0.16543652134789763,0.10356566941801798,5000,0
theiler,w=0,x_plus_y,5,ok,2.562258516347068,20,50,5000,0,0.0,0.08313706343559309,0.08499650520906082,0.04818830529970337,0.08409252468093198,0.11339321130776743,0.05779226597715934,0.15743703036997833,0.0991182444672406,5000,0
theiler,w=0,x_plus_y,6,ok,2.562258516347068,20,50,5000,0,0.0,0.09027465205641319,0.1078877491729305,0.052719073086915966,0.09165946916327489,0.12311773009990438,0.05784310768468902,0.16599087317594188,0.10513721614033916,5000,0
theiler,w=0,x_plus_y,7,ok,2.562258516347068,20,50,5000,0,0.0,0.08719833102291825,0.09673393762884129,0.051177860189161706,0.08868332148912039,0.11930252420461743,0.05765647768817275,0.16591392128621843,0.10245203293873859,5000,0
theiler,w=0,x_plus_y,8,ok,2.562258516347068,20,50,5000,0,0.0,0.09115603362788291,0.10806497143040915,0.05492715404777821,0.09270089127392139,0.12452152985546741,0.058172870741486825,0.16573993845143928,0.10706407596191678,5000,0
theiler,w=0,x_plus_y,9,ok,2.562258516347068,20,50,5000,0,0.0,0.08615120416102541,0.09152030062200024,0.04994354822604545,0.08736229895238289,0.1175120222567809,0.05779735512630936,0.16354230204284106,0.10270291132010341,5000,0
theiler,w=10,x_x_x,0,ok,3.090816180484919,20,50,5000,10,0.0,0.1127963385267602,0.20551323329182022,0.0828642394745218,0.1156664973513366,0.15576690062465562,0.06624295789203435,0.18392718161894542,0.1349633728468898,5000,0
theiler,w=10,x_x_x,1,ok,3.090816180484919,20,50,5000,10,0.0,0.1136441511537947,0.2123191755339157,0.07881836316035712,0.11637487028244495,0.15558655376261551,0.06532177333401044,0.18322999523170194,0.13389554821979915,5000,0
theiler,w=10,x_x_x,2,ok,3.090816180484919,20,50,5000,10,0.0,0.11431629819849363,0.21377635462613817,0.0857576303190389,0.11716666817908926,0.15690791700279047,0.06657212718824318,0.18494277662261988,0.13610318620557746,5000,0
theiler,w=10,x_x_x,3,ok,3.090816180484919,20,50,5000,10,0.0,0.11203151647165137,0.20295964685498005,0.08141028748777998,0.11462455498360469,0.15395155659939228,0.06605356297405846,0.1817521817116888,0.13194247084891925,5000,0
theiler,w=10,x_x_x,4,ok,3.090816180484919,20,50,5000,10,0.0,0.10836963066940906,0.18119300499928204,0.08621888843393818,0.11047859383473424,0.14975237709004532,0.06604440690848609,0.18285850212530322,0.13173743010149938,5000,0
theiler,w=10,x_x_x,5,ok,3.090816180484919,20,50,5000,10,0.0,0.10607625607979185,0.1841764056239036,0.07368958682630618,0.10831573169499727,0.14594559786504452,0.06629741480203316,0.17970135233352172,0.12685008468779196,5000,0
theiler,w=10,x_x_x,6,ok,3.090816180484919,20,50,5000,10,0.0,0.11459157924103425,0.23300558956595238,0.08156735562182521,0.11785269841656075,0.15800396880047998,0.06619349712827105,0.18322700621408572,0.1338313253171213,5000,0
theiler,w=10,x_x_x,7,ok,3.090816180484919,20,50,5000,10,0.0,0.10937463384591252,0.18946779655006096,0.08081317252489074,0.11188522744432858,0.15077025229038168,0.065838517101013,0.18570167990644046,0.1322426575465591,5000,0
theiler,w=10,x_x_x,8,ok,3.090816180484919,20,50,5000,10,0.0,0.11635213013897999,0.2293093279951911,0.08467201226034819,0.11957118408498323,0.1607440789514671,0.06627596899047547,0.18348646499838403,0.1380958371005516,5000,0
theiler,w=10,x_x_x,9,ok,3.090816180484919,20,50,5000,10,0.0,0.1097808318921906,0.20040718481408432,0.07795080267350378,0.11232874512614176,0.15126299966338025,0.06592590419025376,0.18366293533176825,0.13212209151369086,5000,0
theiler,w=10,y_y_y,0,ok,3.44652416507327,20,50,5000,10,0.0,0.04867418884308215,0.0061398593901775085,0.03137032919025272,0.04949332247262189,0.06690246601500405,0.06570737112838262,0.16366401798722122,0.08472314397822851,5000,0
theiler,w=10,y_y_y,1,ok,3.44652416507327,20,50,5000,10,0.0,0.04803787458519117,0.0062786879033088685,0.03101610177968197,0.048902508443897215,0.0660786298449662,0.06465714773002873,0.1624782359540496,0.08398765180634443,5000,0
theiler,w=10,y_y_y,2,ok,3.44652416507327,20,50,5000,10,0.0,0.048172401320029194,0.0059919956650362075,0.03264447473857606,0.0490528161494334,0.0664243861405987,0.06560867862115619,0.1632267451063129,0.08510836017315891,5000,0
theiler,w=10,y_y_y,3,ok,3.44652416507327,20,50,5000,10,0.0,0.047791709810315504,0.005641465774047358,0.03157057664876183,0.04861838099517826,0.06575524790087406,0.06558963316880637,0.1624933501516546,0.08453980052630304,5000,0
theiler,w=10,y_y_y,4,ok,3.44652416507327,20,50,5000,10,0.0,0.04783155121144331,0.00557537714660601,0.03097541133357597,0.04858985518436941,0.06583618965245402,0.06555280424556109,0.1604309616668452,0.08372093478004461,5000,0
theiler,w=10,y_y_y,5,ok,3.44652416507327,20,50,5000,10,0.0,0.047166338461154624,0.005300683722435009,0.0301295645406466,0.04794003475178412,0.0648641876686166,0.06560534137457585,0.15869619369639357,0.08345984176295157,5000,0
theiler,w=10,y_y_y,6,ok,3.44652416507327,20,50,5000,10,0.0,0.04772113755402887,0.005776979465912721,0.031938299826148105,0.04848669978889529,0.06575188608269998,0.06573964276103805,0.1624670837172001,0.08433799585328765,5000,0
theiler,w=10,y_y_y,7,ok,3.44652416507327,20,50,5000,10,0.0,0.04746956147999567,0.005836140508857721,0.03109995089429645,0.048272979724800096,0.0653505043682866,0.06510665942569774,0.16054373632001892,0.08334329884226407,5000,0
theiler,w=10,y_y_y,8,ok,3.44652416507327,20,50,5000,10,0.0,0.048129107508927245,0.006144707029319603,0.03184202297005258,0.04899429216103886,0.06621285911466115,0.06542283439562473,0.1590669559962752,0.08449464617808772,5000,0
theiler,w=10,y_y_y,9,ok,3.44652416507327,20,50,5000,10,0.0,0.047316685408762646,0.005519040712541604,0.030509608391656087,0.048095654184013424,0.06516732981640563,0.06547718070046184,0.1592632677260009,0.08319935513840997,5000,0
theiler,w=10,z_z_z,0,ok,8.63102661547655,20,50,5000,10,0.0,14.891681252578072,5443.466647015913,12.42171620965438,15.148535080100189,20.42977715376162,0.06650053040141207,17.35728057888508,21.597988405459013,5000,0
theiler,w=10,z_z_z,1,ok,8.63102661547655,20,50,5000,10,0.0,14.908776971235012,5791.892045833644,11.60479392910145,15.161236758957623,20.36496696162825,0.06762292960527636,16.699887768387168,21.706702536051377,5000,0
theiler,w=10,z_z_z,2,ok,8.63102661547655,20,50,5000,10,0.0,15.127460134538083,5768.080411219774,12.527553079844171,15.445022016024051,20.72108349256588,0.06964237225100961,17.649588830918844,21.931709202622493,5000,0
theiler,w=10,z_z_z,3,ok,8.63102661547655,20,50,5000,10,0.0,14.437166543912381,5364.863736841044,11.219681269367385,14.645914749177997,19.689786498314234,0.06938970313042273,16.128282866609116,20.922538714347926,5000,0
theiler,w=10,z_z_z,4,ok,8.63102661547655,20,50,5000,10,0.0,14.324207090051438,5137.737954556857,11.981829895782107,14.490348777467464,19.66246447579082,0.06941162885876963,16.176270595628566,20.8793754623478,5000,0
theiler,w=10,z_z_z,5,ok,8.63102661547655,20,50,5000,10,0.0,13.51434899506432,4944.239315409504,10.129262520519713,13.74839337369299,18.525419428451492,0.06831978102742489,15.436855728361246,19.5702310028682,5000,0
theiler,w=10,z_z_z,6,ok,8.63102661547655,20,50,5000,10,0.0,14.988497019925795,5970.336458712703,11.565289258556415,15.350765366537132,20.619807634361113,0.06948518473829729,16.863221943915033,21.46176661418446,5000,0
theiler,w=10,z_z_z,7,ok,8.63102661547655,20,50,5000,10,0.0,14.379152981335174,5240.277563635159,11.998329579065707,14.60721353569639,19.69427892411436,0.06683204092923717,17.369173757812394,20.96299712164804,5000,0
theiler,w=10,z_z_z,8,ok,8.63102661547655,20,50,5000,10,0.0,15.146188062493934,5762.158295010043,11.9961105347264,15.443890672464605,20.760388354572548,0.06992725555328802,17.297946138475872,23.504583830160108,5000,0
theiler,w=10,z_z_z,9,ok,8.63102661547655,20,50,5000,10,0.0,14.558253636406082,5354.029097590016,11.086218897560078,14.764104550131073,19.893540512701403,0.07013510158413556,17.19653533497343,20.862530547276943,5000,0
theiler,w=10,y_z_y,0,ok,55.35812478627791,20,50,5000,10,0.0,4.885717071376691,401.0133489548004,5.015653625212757,5.044284599874013,5.8965220362405075,0.06613814071429581,0.9568757536700251,0.5450239454258855,5000,0
theiler,w=10,y_z_y,1,ok,55.35812478627791,20,50,5000,10,0.0,4.666994138809123,387.59944601248856,4.671270167123444,4.812155422644776,5.6097915631459605,0.06437220906501309,0.9058624097888331,0.541765550393149,5000,0
theiler,w=10,y_z_y,2,ok,55.35812478627791,20,50,5000,10,0.0,4.947670064591777,411.68328203345624,5.041553821723189,5.109440896602577,5.959446072516276,0.06683399681859153,0.965084289580951,0.5510446716652811,5000,0
theiler,w=10,y_z_y,3,ok,55.35812478627791,20,50,5000,10,0.0,4.548588393354756,377.117521314968,4.750938974297789,4.702060981678892,5.498996889137506,0.06569902475763076,0.8638144480699643,0.5232557811833607,5000,0
theiler,w=10,y_z_y,4,ok,55.35812478627791,20,50,5000,10,0.0,4.527075917814356,365.1222732932711,4.712679597280023,4.657278100983767,5.442097963485566,0.06569948303435288,0.8451460057579311,0.5240138142984231,5000,0
theiler,w=10,y_z_y,5,ok,55.35812478627791,20,50,5000,10,0.0,4.377513829222597,363.5722350007856,4.517697376522268,4.518392087514118,5.26267987585707,0.0665941573389778,0.8216515553023032,0.5163039250768782,5000,0
theiler,w=10,y_z_y,6,ok,55.35812478627791,20,50,5000,10,0.0,4.562696417248468,371.8058858142591,4.585323599442653,4.710356004895183,5.510740852568623,0.06633646116847391,0.9017717151187565,0.5372209770836757,5000,0
theiler,w=10,y_z_y,7,ok,55.35812478627791,20,50,5000,10,0.0,4.768537455870358,396.1411868508797,4.832881392242777,4.919288650915017,5.732621662261436,0.06585271803486142,0.9198718258859054,0.5344444038137002,5000,0
theiler,w=10,y_z_y,8,ok,55.35812478627791,20,50,5000,10,0.0,4.795692385090655,395.4221133277521,4.770273599620371,4.95145267077431,5.7900789266565535,0.06631204222160927,0.9687725889542742,0.5659255983776895,5000,0
theiler,w=10,y_z_y,9,ok,55.35812478627791,20,50,5000,10,0.0,4.6137289965694945,375.6716119601164,4.7195860321884515,4.758848807079174,5.561845384787201,0.06585371772782445,0.9280741698963443,0.5406015555389325,5000,0
theiler,w=10,x_y_x,0,ok,3.5968374195681707,20,50,5000,10,0.0,0.048932918093621346,0.006050919999959262,0.03171309541007692,0.049763346564514664,0.06729507207020351,0.06568357347985454,0.16340332654566958,0.08536430157175048,5000,0
theiler,w=10,x_y_x,1,ok,3.5968374195681707,20,50,5000,10,0.0,0.04821220275886426,0.006126581412324612,0.03150096531262705,0.0490920994455435,0.06638750421409836,0.06482321830851598,0.16212904251987623,0.08463682048747975,5000,0
theiler,w=10,x_y_x,2,ok,3.5968374195681707,20,50,5000,10,0.0,0.04858017341066714,0.0061704945177176685,0.032846017078576435,0.04946217701507093,0.0669630621146269,0.06567176033604025,0.16272477907444313,0.08587342774042386,5000,0
theiler,w=10,x_y_x,3,ok,3.5968374195681707,20,50,5000,10,0.0,0.04829867649691487,0.005937151930684273,0.031708006893803806,0.04916576840952108,0.06644752525628245,0.06564823098858413,0.16183269441158102,0.0851939666831651,5000,0
theiler,w=10,x_y_x,4,ok,3.5968374195681707,20,50,5000,10,0.0,0.0481736657530489,0.005632865673534651,0.03131883705389862,0.048930290431406946,0.06630297655524278,0.06558664925530146,0.16002211457805118,0.08434591883283969,5000,0
theiler,w=10,x_y_x,5,ok,3.5968374195681707,20,50,5000,10,0.0,0.047439123131864734,0.005274547304976498,0.030477859968382655,0.04819176037361083,0.06527692745138375,0.06573233831348278,0.15772642531379236,0.08412501028570393,5000,0
theiler,w=10,x_y_x,6,ok,3.5968374195681707,20,50,5000,10,0.0,0.048031492684369854,0.00574121363927443,0.03220707409831754,0.04880534161153309,0.06622584407659762,0.06577209393219782,0.16162442856640344,0.08503046074506296,5000,0
theiler,w=10,x_y_x,7,ok,3.5968374195681707,20,50,5000,10,0.0,0.04786491858291727,0.005957411765199306,0.03128501476847614,0.04866329952920043,0.06590294210166026,0.06526539794355671,0.16025390405311926,0.08403317332398105,5000,0
theiler,w=10,x_y_x,8,ok,3.5968374195681707,20,50,5000,10,0.0,0.04864640231971838,0.006438054753341473,0.03194025518083598,0.04948636514987867,0.06687202699406274,0.06564096611049648,0.159007571196687,0.08521667600036129,5000,0
theiler,w=10,x_y_x,9,ok,3.5968374195681707,20,50,5000,10,0.0,0.047933687838966094,0.005902473876304975,0.030509808086694797,0.048748122863601494,0.06600324281438143,0.06540519810409359,0.15862587056178476,0.08384767869003759,5000,0
theiler,w=10,x_y_y,0,rank_deficient,inf,20,50,5000,10,0.0,nan,nan,nan,nan,nan,nan,nan,nan,,
theiler,w=10,x_y_y,1,rank_deficient,inf,20,50,5000,10,0.0,nan,nan,nan,nan,nan,nan,nan,nan,,
theiler,w=10,x_y_y,2,rank_deficient,inf,20,50,5000,10,0.0,nan,nan,nan,nan,nan,nan,nan,nan,,
theiler,w=10,x_y_y,3,rank_deficient,inf,20,50,5000,10,0.0,nan,nan,nan,nan,nan,nan,nan,nan,,
theiler,w=10,x_y_y,4,rank_deficient,inf,20,50,5000,10,0.0,nan,nan,nan,nan,nan,nan,nan,nan,,
theiler,w=10,x_y_y,5,rank_deficient,inf,20,50,5000,10,0.0,nan,nan,nan,nan,nan,nan,nan,nan,,
theiler,w=10,x_y_y,6,rank_deficient,inf,20,50,5000,10,0.0,nan,nan,nan,nan,nan,nan,nan,nan,,
theiler,w=10,x_y_y,7,rank_deficient,inf,20,50,5000,10,0.0,nan,nan,nan,nan,nan,nan,nan,nan,,
theiler,w=10,x_y_y,8,rank_deficient,inf,20,50,5000,10,0.0,nan,nan,nan,nan,nan,nan,nan,nan,,
theiler,w=10,x_y_y,9,rank_deficient,inf,20,50,5000,10,0.0,nan,nan,nan,nan,nan,nan,nan,nan,,
theiler,w=10,y_z_z,0,ok,260.9603612567652,20,50,5000,10,0.0,12.681956858931349,5569.937845490776,12.596850646776508,13.70026902059696,18.10597987763482,0.07783244759502236,8.494314094972577,7.256772005132577,5000,0
theiler,w=10,y_z_z,1,ok,260.9603612567652,20,50,5000,10,0.0,12.24996944011509,5453.346989715703,12.252577973478685,13.282076370497276,17.447222193914588,0.07551404097930989,7.576766502091348,7.125708457773277,5000,0
theiler,w=10,y_z_z,2,ok,260.9603612567652,20,50,5000,10,0.0,12.323948197563059,5097.7018193597305,13.127236136082566,13.251892188662643,17.532749573780322,0.08110790068175441,8.390934361199458,7.178833586634898,5000,0
theiler,w=10,y_z_z,3,ok,260.9603612567652,20,50,5000,10,0.0,12.051770260362748,5004.207695821595,12.42966754383048,12.914400476117162,17.178904691019824,0.0785159007232821,6.793681970642927,6.789977733629299,5000,0
theiler,w=10,y_z_z,4,ok,260.9603612567652,20,50,5000,10,0.0,12.221232783442115,5120.356559324233,12.381425266287014,13.08586421315338,17.35222726410061,0.07652407361621684,7.319396828036468,6.983955481844384,5000,0
theiler,w=10,y_z_z,5,ok,260.9603612567652,20,50,5000,10,0.0,11.53353068648533,4999.09868687277,10.955712143174468,12.351061355405136,16.407706698090724,0.07931063734233407,6.797377541681795,6.331076976525062,5000,0
theiler,w=10,y_z_z,6,ok,260.9603612567652,20,50,5000,10,0.0,12.68973554345052,5728.497883923795,13.313776110893995,13.70962837564546,18.065877694744646,0.07889928691476916,8.082471620033868,7.044087089361099,5000,0
theiler,w=10,y_z_z,7,ok,260.9603612567652,20,50,5000,10,0.0,12.260643009697102,5367.407862654507,12.06484212772595,13.201582322271847,17.443755057758533,0.07445725392475014,8.196896161797165,6.9731594039337175,5000,0
theiler,w=10,y_z_z,8,ok,260.9603612567652,20,50,5000,10,0.0,13.107664770300541,5864.33430595839,13.127943655944627,14.197170581125691,18.68897876473085,0.08047865726795235,8.479321750701951,7.589142005107508,5000,0
theiler,w=10,y_z_z,9,ok,260.9603612567652,20,50,5000,10,0.0,12.175854751258479,5068.904627767356,11.522301492481311,13.09085077108848,17.355102957775077,0.07980833641548449,8.338719098802787,7.039473489038953,5000,0
theiler,w=10,x_z_z,0,ok,281.2859780300304,20,50,5000,10,0.0,12.730165986981568,5571.076870961265,12.661175289186149,13.757045595644206,18.168633157865592,0.06693594500219147,8.495566161429693,7.22837807523972,5000,0
theiler,w=10,x_z_z,1,ok,281.2859780300304,20,50,5000,10,0.0,12.299567830322605,5454.371808441967,12.320966185858266,13.340356993373309,17.511681369539907,0.06613667007820093,7.577055598601255,7.097300595096524,5000,0
theiler,w=10,x_z_z,2,ok,281.2859780300304,20,50,5000,10,0.0,12.37332869352384,5098.709901494475,13.194493373237487,13.31083046461174,17.597838885961593,0.06769816268695769,8.396652745694318,7.150596019812174,5000,0
theiler,w=10,x_z_z,3,ok,281.2859780300304,20,50,5000,10,0.0,12.095715122055447,5005.183136665869,12.485551748624319,12.96745226455508,17.238679063165804,0.06777489532201844,6.793276250207678,6.761961726912069,5000,0
theiler,w=10,x_z_z,4,ok,281.2859780300304,20,50,5000,10,0.0,12.269563968264993,5121.382319576203,12.449647271823327,13.14278490558125,17.41546387877664,0.06600456377547115,7.317849964455465,6.954700541468835,5000,0
theiler,w=10,x_z_z,5,ok,281.2859780300304,20,50,5000,10,0.0,11.582530994240267,5000.102603074611,11.025240904331783,12.409012200587043,16.47104063198727,0.06889159141141424,6.796620345534865,6.302159250403656,5000,0
theiler,w=10,x_z_z,6,ok,281.2859780300304,20,50,5000,10,0.0,12.740234370839264,5729.5881437326525,13.381334212312295,13.768704727884131,18.131618897757654,0.06811271389211632,8.086843099805616,7.016363890538443,5000,0
theiler,w=10,x_z_z,7,ok,281.2859780300304,20,50,5000,10,0.0,12.30976141471688,5368.548026833125,12.129499345099358,13.261416578216837,17.508389447777898,0.0660475337306678,8.19602549046654,6.945119076454732,5000,0
theiler,w=10,x_z_z,8,ok,281.2859780300304,20,50,5000,10,0.0,13.163174849997022,5865.526641852862,13.203349440591671,14.26234542662828,18.760318142363513,0.06981589345827147,8.480161052217566,7.560374302872273,5000,0
theiler,w=10,x_z_z,9,ok,281.2859780300304,20,50,5000,10,0.0,12.220013547183116,5069.85155709655,11.581244087421755,13.143495184295736,17.413705468473793,0.06848314901310681,8.339401246454463,7.009962428616162,5000,0
theiler,w=10,x_z_x,0,ok,64.42712473872164,20,50,5000,10,0.0,4.873450418027401,400.483245657893,4.989530547288181,5.03439198888541,5.887448641816623,0.06317747037044263,0.9346885200284738,0.5408380859311195,5000,0
theiler,w=10,x_z_x,1,ok,64.42712473872164,20,50,5000,10,0.0,4.66134346321408,387.4147791910101,4.651973909862426,4.8090094997039525,5.605769234264858,0.061239042535805546,0.8996574341902708,0.537213252435578,5000,0
theiler,w=10,x_z_x,2,ok,64.42712473872164,20,50,5000,10,0.0,4.94204653555941,411.4512231532457,5.02011621167891,5.105231867715001,5.955466911820409,0.06384552091562964,0.9339392576626896,0.5469299679942935,5000,0
theiler,w=10,x_z_x,3,ok,64.42712473872164,20,50,5000,10,0.0,4.54150396310902,376.8032096443534,4.731867495945424,4.696532358939044,5.492825347724524,0.06252792857983218,0.8489090983981589,0.5189663874717508,5000,0
theiler,w=10,x_z_x,4,ok,64.42712473872164,20,50,5000,10,0.0,4.523456096399911,365.11470984954553,4.694308032316626,4.655865550875794,5.439956250046093,0.062315835069073094,0.8458053542175435,0.5196855889408505,5000,0
theiler,w=10,x_z_x,5,ok,64.42712473872164,20,50,5000,10,0.0,4.36939738736363,363.17261471344,4.497788350173111,4.512399008208415,5.256623178550433,0.06374457746845372,0.8120998735597159,0.5119863228793727,5000,0
theiler,w=10,x_z_x,6,ok,64.42712473872164,20,50,5000,10,0.0,4.556435670740526,371.581943280271,4.562605232253462,4.705617085362371,5.505980993655132,0.06275188552858466,0.893905768920026,0.5329361724041404,5000,0
theiler,w=10,x_z_x,7,ok,64.42712473872164,20,50,5000,10,0.0,4.76266217933457,395.8032042125566,4.812177166270498,4.913858066912914,5.72788205289638,0.06235472793273404,0.9081127102884141,0.5299864412700753,5000,0
theiler,w=10,x_z_x,8,ok,64.42712473872164,20,50,5000,10,0.0,4.786383826115963,395.0045219464283,4.746233591776569,4.942409484304114,5.781114410300534,0.06352301966471317,0.9565899486302086,0.5615458333699126,5000,0
theiler,w=10,x_z_x,9,ok,64.42712473872164,20,50,5000,10,0.0,4.607816543938286,375.38768419149693,4.700370802578404,4.7541909775748765,5.556873588845936,0.06246513284529041,0.9198495035946676,0.5360654425060379,5000,0
theiler,w=10,y_plus_z,0,ok,13.90120303609631,20,50,5000,10,0.0,0.7504483246997038,19.820112041770123,0.5763587250848694,0.7917612922390392,1.056556251749921,0.06325573362429177,0.41494545884739675,0.48068335896864156,5000,0
theiler,w=10,y_plus_z,1,ok,13.90120303609631,20,50,5000,10,0.0,0.7535019533286946,21.006515739955862,0.5833199709524555,0.7987810826770918,1.0623024939173897,0.06132737624361817,0.37560713519222916,0.4939417759732305,5000,0
theiler,w=10,y_plus_z,2,ok,13.90120303609631,20,50,5000,10,0.0,0.7557359874761926,19.976443021838673,0.6106075475714587,0.8010217606899598,1.0704136315128137,0.06313786734145929,0.42551272081126557,0.4960909623741496,5000,0
theiler,w=10,y_plus_z,3,ok,13.90120303609631,20,50,5000,10,0.0,0.7268335639218618,19.86215622600531,0.5659551342448734,0.7706357928076489,1.0282554997977627,0.06237735966871452,0.35700579303408103,0.4778522121833326,5000,0
theiler,w=10,y_plus_z,4,ok,13.90120303609631,20,50,5000,10,0.0,0.7342287833774455,19.18439646577325,0.5712932142589751,0.774144151727329,1.0343321480005776,0.062353134992161864,0.3512454554911342,0.473592990493755,5000,0
theiler,w=10,y_plus_z,5,ok,13.90120303609631,20,50,5000,10,0.0,0.6846468204474091,18.120169980317854,0.5052497251145561,0.7195346116806655,0.962838935945414,0.06326032323443716,0.3415759910529658,0.4574974206413006,5000,0
theiler,w=10,y_plus_z,6,ok,13.90120303609631,20,50,5000,10,0.0,0.7515830639119787,20.667233856769244,0.5716488480423189,0.795807002829641,1.0631065237498314,0.06259802328970604,0.38116514909030286,0.49252606670100724,5000,0
theiler,w=10,y_plus_z,7,ok,13.90120303609631,20,50,5000,10,0.0,0.7251254966756374,19.22268782666915,0.5384697964824195,0.7640248574752792,1.0187039029657146,0.062280331910453415,0.4137672390004813,0.47257879948292875,5000,0
theiler,w=10,y_plus_z,8,ok,13.90120303609631,20,50,5000,10,0.0,0.8118179580978006,24.0245248182668,0.5999585196122793,0.8682813091470112,1.1412840192536242,0.06267851338348185,0.4010985854785754,0.5310865190908746,5000,0
theiler,w=10,y_plus_z,9,ok,13.90120303609631,20,50,5000,10,0.0,0.7305847351641098,19.27597674642967,0.5445631476779712,0.7688733036629026,1.0263086463339475,0.06300251366285245,0.38955045329706545,0.47727768289263534,5000,0
theiler,w=10,x_plus_z,0,ok,33.17345746870676,20,50,5000,10,0.0,1.9381807663313029,140.7821670965299,1.8861161960375095,2.09643828162104,2.673577479558986,0.06338071173042606,0.7053948005625583,0.6211645174957106,5000,0
theiler,w=10,x_plus_z,1,ok,33.17345746870676,20,50,5000,10,0.0,1.9843447579051863,147.44164677336184,2.0737287940235665,2.165946744817789,2.730782478866985,0.06154026967610885,0.6477917967090304,0.6012119171898185,5000,0
theiler,w=10,x_plus_z,2,ok,33.17345746870676,20,50,5000,10,0.0,1.9455813548019651,140.6049404164738,2.054761233285295,2.123795180685201,2.686556456461185,0.06379217672352906,0.7415863641333947,0.6267122290450056,5000,0
theiler,w=10,x_plus_z,3,ok,33.17345746870676,20,50,5000,10,0.0,1.9247927090044274,143.37450528511164,1.8767615608642723,2.100119393689701,2.652448967442532,0.062726145364389,0.6319311869725752,0.6064943715428236,5000,0
theiler,w=10,x_plus_z,4,ok,33.17345746870676,20,50,5000,10,0.0,1.9063803045628083,135.91999208827872,1.8396911144818062,2.0635292637226863,2.619755255443181,0.06272120215134434,0.6038621471613907,0.6076229611693578,5000,0
theiler,w=10,x_plus_z,5,ok,33.17345746870676,20,50,5000,10,0.0,1.6985789385396162,115.0849787172122,1.664808540585063,1.8395903760706465,2.351031660241792,0.06346542919606107,0.6052966078361772,0.5563037349826936,5000,0
theiler,w=10,x_plus_z,6,ok,33.17345746870676,20,50,5000,10,0.0,1.906244725558685,139.57050268164323,1.9249595516007487,2.0697142611088784,2.637545371011856,0.06319951624589712,0.6554529153983651,0.6100458149303628,5000,0
theiler,w=10,x_plus_z,7,ok,33.17345746870676,20,50,5000,10,0.0,1.8711037596501257,135.41271473646734,1.7802547861830216,2.0204233609859426,2.571772086645889,0.06219878663049428,0.70582497160893,0.596131697340219,5000,0
theiler,w=10,x_plus_z,8,ok,33.17345746870676,20,50,5000,10,0.0,2.0517224623996895,150.62999724863195,2.133154763553245,2.2229560233105468,2.813748580015949,0.06312994567032548,0.694332869269252,0.6237576684025647,5000,0
theiler,w=10,x_plus_z,9,ok,33.17345746870676,20,50,5000,10,0.0,1.8770033176600556,135.86177918786538,1.8653985251609597,2.036824941485553,2.5836060628639523,0.06225006952185425,0.6873508507516122,0.5968114911141004,5000,0
theiler,w=10,x_plus_y,0,ok,2.562258516347068,20,50,5000,10,0.0,0.0933211023517901,0.11180248904095645,0.07028568031630343,0.09555544535704907,0.12844426374335227,0.0644507486251967,0.17876914595965168,0.11757650718217721,5000,0
theiler,w=10,x_plus_y,1,ok,2.562258516347068,20,50,5000,10,0.0,0.09301816832582122,0.11760904883280218,0.067681973861667,0.09544954813935366,0.12799837878532208,0.063262189023078,0.17832714165642533,0.11681838740141534,5000,0
theiler,w=10,x_plus_y,2,ok,2.562258516347068,20,50,5000,10,0.0,0.09370682995776851,0.11748244830544177,0.07282488957868077,0.09615885031122229,0.12918294114915146,0.06441453743191719,0.1782093068790899,0.118372777954092,5000,0
theiler,w=10,x_plus_y,3,ok,2.562258516347068,20,50,5000,10,0.0,0.0921239005615304,0.11377562062307875,0.0684253447239309,0.09419801206850859,0.1265971511641598,0.06395103842398847,0.17610022864870747,0.1149771845214512,5000,0
theiler,w=10,x_plus_y,4,ok,2.562258516347068,20,50,5000,10,0.0,0.09095278651486496,0.10528502217443422,0.07104029548211334,0.09305197660010547,0.12559090396858824,0.063904048052964,0.17779219280915207,0.11573022274611378,5000,0
theiler,w=10,x_plus_y,5,ok,2.562258516347068,20,50,5000,10,0.0,0.08861692426233206,0.10424743661549164,0.06347857850243788,0.09049944494127703,0.12209582312345264,0.06432257701465227,0.1732795332571084,0.11112920790219755,5000,0
theiler,w=10,x_plus_y,6,ok,2.562258516347068,20,50,5000,10,0.0,0.096059346779729,0.13547486852820553,0.07030227733277596,0.09849514153642218,0.13177564913114498,0.06412200241647537,0.17662358107789294,0.11702534384016942,5000,0
theiler,w=10,x_plus_y,7,ok,2.562258516347068,20,50,5000,10,0.0,0.09228515441475763,0.1152501079851113,0.0676990403684832,0.09435498190038301,0.12708584182765278,0.06374089228060964,0.17643872332466803,0.11429934350401919,5000,0
theiler,w=10,x_plus_y,8,ok,2.562258516347068,20,50,5000,10,0.0,0.09512910566117469,0.12151084919124214,0.0726073580302228,0.09771643385308783,0.13120313784657503,0.06442624681462474,0.17745603385419753,0.11928351166671741,5000,0
theiler,w=10,x_plus_y,9,ok,2.562258516347068,20,50,5000,10,0.0,0.09140432569419042,0.11192327102029376,0.06513940950710541,0.09350042744049038,0.12588307575049526,0.06374678049216784,0.1754508828466879,0.11462596980101752,5000,0
theiler,w=60,x_x_x,0,ok,3.090816180484919,20,50,5000,60,0.0,0.10861680243492867,0.20407134584586586,0.09217564393669626,0.11212149315372681,0.14988953323736984,0.06624295789203435,0.2062992160892435,0.13797371696779145,5000,0
theiler,w=60,x_x_x,1,ok,3.090816180484919,20,50,5000,60,0.0,0.10926060933763544,0.21437399016131953,0.08770323289378731,0.11254249892362558,0.14944591075947938,0.06532177333401044,0.1991062846760124,0.13654638797848612,5000,0
theiler,w=60,x_x_x,2,ok,3.090816180484919,20,50,5000,60,0.0,0.11030400365016862,0.2202589216035275,0.09470343586723334,0.11389910855769651,0.1512031459285512,0.06657212718824318,0.20423122439482352,0.13896452191930705,5000,0
theiler,w=60,x_x_x,3,ok,3.090816180484919,20,50,5000,60,0.0,0.10748464894997924,0.20198083674593495,0.0908241947471295,0.1107175263013396,0.14789274274415873,0.06605356297405846,0.20189973701601202,0.13492778988175327,5000,0
theiler,w=60,x_x_x,4,ok,3.090816180484919,20,50,5000,60,0.0,0.10407452571592578,0.17549775151796307,0.09492195183395591,0.10623948772939368,0.1435714266615858,0.06604440690848609,0.20167419087887822,0.13461167591323192,5000,0
theiler,w=60,x_x_x,5,ok,3.090816180484919,20,50,5000,60,0.0,0.10175507722294115,0.18696472444270354,0.08253075244107322,0.1046092842788,0.14026051127434525,0.06629741480203316,0.19375205953177468,0.12969116230108257,5000,0
theiler,w=60,x_x_x,6,ok,3.090816180484919,20,50,5000,60,0.0,0.1106217974062768,0.2490834144016712,0.08977425158769538,0.11482229668558129,0.1525835545867152,0.06619349712827105,0.19708765395184885,0.13644687083405233,5000,0
theiler,w=60,x_x_x,7,ok,3.090816180484919,20,50,5000,60,0.0,0.10591243261623515,0.18916359905078078,0.08896598502089059,0.10871255292746487,0.14546787271026226,0.065838517101013,0.20308773544479264,0.13484827892078782,5000,0
theiler,w=60,x_x_x,8,ok,3.090816180484919,20,50,5000,60,0.0,0.11160691953902382,0.22415033145799654,0.09376731761195777,0.11556950993987161,0.15422269306105912,0.06627596899047547,0.20168555922261222,0.1406866801566082,5000,0
theiler,w=60,x_x_x,9,ok,3.090816180484919,20,50,5000,60,0.0,0.1054444903462831,0.19985302550072806,0.0861359452009827,0.10835872472414922,0.1453087069723571,0.06592590419025376,0.20063028823175522,0.13456889008679676,5000,0
theiler,w=60,y_y_y,0,ok,3.44652416507327,20,50,5000,60,0.0,0.04453724945445203,0.005447201370912412,0.03945649801168382,0.04516045884900794,0.06111821636995387,0.06570737112838262,0.1767163779856391,0.08698060868966202,5000,0
theiler,w=60,y_y_y,1,ok,3.44652416507327,20,50,5000,60,0.0,0.04349764539511484,0.005008293901501811,0.039222379698480914,0.043989477547168934,0.05965448374698556,0.06465714773002873,0.17498097727324166,0.08600461004490229,5000,0
theiler,w=60,y_y_y,2,ok,3.44652416507327,20,50,5000,60,0.0,0.043828906815669776,0.0049348170797286,0.04038861170793436,0.044349028689984756,0.060232589436207164,0.06560867862115619,0.1742931821356279,0.08718888063070908,5000,0
theiler,w=60,y_y_y,3,ok,3.44652416507327,20,50,5000,60,0.0,0.04306218211673601,0.004476736818014714,0.04013805493917295,0.04354259545880689,0.05912915220476746,0.06558963316880637,0.1732135366076701,0.08676684800048749,5000,0
theiler,w=60,y_y_y,4,ok,3.44652416507327,20,50,5000,60,0.0,0.04386363133120086,0.004863467624783437,0.03870005507280954,0.04439594882777532,0.060244506898569875,0.06555280424556109,0.17295939662034945,0.0859549785561209,5000,0
theiler,w=60,y_y_y,5,ok,3.44652416507327,20,50,5000,60,0.0,0.04289595061822316,0.004479228623569468,0.03820674051463002,0.04342580151239141,0.058870113396511575,0.06560534137457585,0.16822844823451322,0.08573347676203694,5000,0
theiler,w=60,y_y_y,6,ok,3.44652416507327,20,50,5000,60,0.0,0.04389813395990411,0.004994010838184584,0.038581443151344215,0.044399391530034006,0.060268802600433616,0.06573964276103805,0.17088900074647026,0.08595612381025432,5000,0
theiler,w=60,y_y_y,7,ok,3.44652416507327,20,50,5000,60,0.0,0.04363399598410005,0.004986673936198263,0.037812321295874064,0.04415820816664758,0.059884807635475386,0.06510665942569774,0.1689785879310961,0.08507660204614298,5000,0
theiler,w=60,y_y_y,8,ok,3.44652416507327,20,50,5000,60,0.0,0.04390473475640726,0.0049837239601077795,0.03947848901447641,0.04441311242624838,0.06025195019737046,0.06542283439562473,0.1699077138611956,0.0864847335666773,5000,0
theiler,w=60,y_y_y,9,ok,3.44652416507327,20,50,5000,60,0.0,0.043441020352466116,0.004466048907999454,0.03749984435944181,0.04389212046422451,0.059602097636244675,0.06547718070046184,0.16834338446228145,0.08503814382024148,5000,0
theiler,w=60,z_z_z,0,ok,8.63102661547655,20,50,5000,60,0.0,14.651669716416457,5397.741596263138,12.862461194217087,14.904126356726168,20.030100676779785,0.06830001610281454,17.387321213704404,21.657541193266606,5000,0
theiler,w=60,z_z_z,1,ok,8.63102661547655,20,50,5000,60,0.0,14.510114025103688,5604.3651154079225,12.211561345694056,14.728730355716957,19.70835191823567,0.06907474749789816,16.74886900457509,21.78645660679931,5000,0
theiler,w=60,z_z_z,2,ok,8.63102661547655,20,50,5000,60,0.0,14.763293043414794,5701.533286274445,13.075416026367272,15.069329575392546,20.13695766968191,0.0711238046305096,17.66654345250543,21.986325108329304,5000,0
theiler,w=60,z_z_z,3,ok,8.63102661547655,20,50,5000,60,0.0,14.170466956270754,5327.925153744372,11.589520914935905,14.334473770142093,19.207915359043355,0.07094354708769407,16.128282866609116,20.99434056392948,5000,0
theiler,w=60,z_z_z,4,ok,8.63102661547655,20,50,5000,60,0.0,14.199177429848639,5186.615504227455,12.251204335708666,14.367961876035313,19.436677135546383,0.07076790995731966,16.26574035668401,20.938057416775404,5000,0
theiler,w=60,z_z_z,5,ok,8.63102661547655,20,50,5000,60,0.0,13.348156485330872,4960.886267972845,10.491905550714591,13.574412531315268,18.224440082847696,0.07036539180142729,15.462345927224405,19.61504918492829,5000,0
theiler,w=60,z_z_z,6,ok,8.63102661547655,20,50,5000,60,0.0,14.681477783661629,5935.074666533664,12.027101519991945,15.017567572292077,20.160710664284608,0.0706754170979442,16.876308070068088,21.51193903878411,5000,0
theiler,w=60,z_z_z,7,ok,8.63102661547655,20,50,5000,60,0.0,14.05142473817771,5172.772622126322,12.555295797599886,14.225059614303234,19.14925522088487,0.0682179033146916,17.403633088788244,21.01632052365282,5000,0
theiler,w=60,z_z_z,8,ok,8.63102661547655,20,50,5000,60,0.0,14.881958287829065,5857.570282893142,12.554679187030173,15.203247880963303,20.33052359716196,0.07233315364467083,17.31344787045366,23.589730341118933,5000,0
theiler,w=60,z_z_z,9,ok,8.63102661547655,20,50,5000,60,0.0,14.30338541920986,5320.7158904019525,11.527766861359678,14.505737699464525,19.49076817286025,0.07183559714740814,17.19653533497343,20.92009532675174,5000,0
theiler,w=60,y_z_y,0,ok,55.35812478627791,20,50,5000,60,0.0,4.937438404082746,404.6615350860564,4.920789984730566,5.086767646876273,5.923646571436562,0.06613814071429581,0.9826567440610126,0.5653013847140632,5000,0
theiler,w=60,y_z_y,1,ok,55.35812478627791,20,50,5000,60,0.0,4.705392299431836,391.43045112445947,4.592469152134148,4.847345614149375,5.628976759598237,0.06437220906501309,0.9646339234202823,0.560488092146688,5000,0
theiler,w=60,y_z_y,2,ok,55.35812478627791,20,50,5000,60,0.0,4.994397185688066,415.72911305051025,4.972531094437788,5.150859930034422,5.979659312038741,0.06683399681859153,0.9787739313583577,0.5709911485689627,5000,0
theiler,w=60,y_z_y,3,ok,55.35812478627791,20,50,5000,60,0.0,4.602493071165864,381.71117756267853,4.669287969821722,4.744728856485505,5.519029063769247,0.06569902475763076,0.9117340551032906,0.5436591796587744,5000,0
theiler,w=60,y_z_y,4,ok,55.35812478627791,20,50,5000,60,0.0,4.558797099260747,368.4085393718862,4.628934759071256,4.688520749325689,5.460407194608398,0.06569948303435288,0.8896993828579816,0.5421235508306709,5000,0
theiler,w=60,y_z_y,5,ok,55.35812478627791,20,50,5000,60,0.0,4.432337036883412,367.9541366394336,4.438429527960269,4.5638091497956035,5.29066647803007,0.0665941573389778,0.8674709238803705,0.5366495560833984,5000,0
theiler,w=60,y_z_y,6,ok,55.35812478627791,20,50,5000,60,0.0,4.603066827846464,375.5147631144306,4.479554189198371,4.742237780679256,5.53168303817655,0.06633646116847391,0.9449020162850418,0.5565045255046605,5000,0
theiler,w=60,y_z_y,7,ok,55.35812478627791,20,50,5000,60,0.0,4.804176423468682,398.96994062769,4.744051253068118,4.950866409290614,5.751080038108178,0.06585271803486142,0.9663952979865854,0.55267005962107,5000,0
theiler,w=60,y_z_y,8,ok,55.35812478627791,20,50,5000,60,0.0,4.843727464814758,399.73300568970933,4.667812317212374,4.991258959890792,5.811894681505883,0.06631204222160927,1.0040615511002668,0.5860373005350477,5000,0
theiler,w=60,y_z_y,9,ok,55.35812478627791,20,50,5000,60,0.0,4.650697122012488,378.97854436044304,4.627205386549847,4.791806208431201,5.582914155187532,0.06585371772782445,0.9761252039055928,0.5586368992742853,5000,0
theiler,w=60,x_y_x,0,ok,3.5968374195681707,20,50,5000,60,0.0,0.04465349109808303,0.005233224797201,0.039809358357894405,0.04521201842014557,0.0613029545693091,0.06568357347985454,0.1757836357124693,0.0875361829601689,5000,0
theiler,w=60,x_y_x,1,ok,3.5968374195681707,20,50,5000,60,0.0,0.04351197559425527,0.004790226395167379,0.03969983445377369,0.04396736059433726,0.05977971204904505,0.06482321830851598,0.17294860969654188,0.0865992682497599,5000,0
theiler,w=60,x_y_x,2,ok,3.5968374195681707,20,50,5000,60,0.0,0.04426606328706252,0.005095033043943272,0.040467542556911096,0.04477550592107294,0.060768887182030565,0.06567176033604025,0.17411220842638933,0.0878603074077228,5000,0
theiler,w=60,x_y_x,3,ok,3.5968374195681707,20,50,5000,60,0.0,0.04354598712305485,0.004676438167777666,0.040243889928851515,0.04402219055301356,0.059750793572694964,0.06564823098858413,0.17275508517025698,0.08732124369222359,5000,0
theiler,w=60,x_y_x,4,ok,3.5968374195681707,20,50,5000,60,0.0,0.04404937207264279,0.004753864326379756,0.03907093465070233,0.044517182972432644,0.06049816594382228,0.06558664925530146,0.17223227459777238,0.08649626893641553,5000,0
theiler,w=60,x_y_x,5,ok,3.5968374195681707,20,50,5000,60,0.0,0.043113157985341224,0.00437695188835039,0.03851579778182919,0.043592743321357624,0.05917925684153521,0.06573233831348278,0.16835918341876133,0.08632453775047255,5000,0
theiler,w=60,x_y_x,6,ok,3.5968374195681707,20,50,5000,60,0.0,0.044091512993243064,0.00481748283281782,0.03889140716310423,0.04454587996872943,0.060532447839798234,0.06577209393219782,0.17077460103335582,0.08660137588144887,5000,0
theiler,w=60,x_y_x,7,ok,3.5968374195681707,20,50,5000,60,0.0,0.04405470443050508,0.005144966167286505,0.037858578028369255,0.04460379526623138,0.06047069575153403,0.06526539794355671,0.16874479495033196,0.08568821373817735,5000,0
theiler,w=60,x_y_x,8,ok,3.5968374195681707,20,50,5000,60,0.0,0.044657049216379315,0.0056506111485272546,0.039260877025894425,0.04523861971503932,0.061238305915154174,0.06564096611049648,0.16929094918209417,0.08712472339399756,5000,0
theiler,w=60,x_y_x,9,ok,3.5968374195681707,20,50,5000,60,0.0,0.044171190457238114,0.005049365159565229,0.0373047321679101,0.044706799828739555,0.060578215820064056,0.06540519810409359,0.16879382982541816,0.08559157185133164,5000,0
theiler,w=60,x_y_y,0,rank_deficient,inf,20,50,5000,60,0.0,nan,nan,nan,nan,nan,nan,nan,nan,,
theiler,w=60,x_y_y,1,rank_deficient,inf,20,50,5000,60,0.0,nan,nan,nan,nan,nan,nan,nan,nan,,
theiler,w=60,x_y_y,2,rank_deficient,inf,20,50,5000,60,0.0,nan,nan,nan,nan,nan,nan,nan,nan,,
theiler,w=60,x_y_y,3,rank_deficient,inf,20,50,5000,60,0.0,nan,nan,nan,nan,nan,nan,nan,nan,,
theiler,w=60,x_y_y,4,rank_deficient,inf,20,50,5000,60,0.0,nan,nan,nan,nan,nan,nan,nan,nan,,
theiler,w=60,x_y_y,5,rank_deficient,inf,20,50,5000,60,0.0,nan,nan,nan,nan,nan,nan,nan,nan,,
theiler,w=60,x_y_y,6,rank_deficient,inf,20,50,5000,60,0.0,nan,nan,nan,nan,nan,nan,nan,nan,,
theiler,w=60,x_y_y,7,rank_deficient,inf,20,50,5000,60,0.0,nan,nan,nan,nan,nan,nan,nan,nan,,
theiler,w=60,x_y_y,8,rank_deficient,inf,20,50,5000,60,0.0,nan,nan,nan,nan,nan,nan,nan,nan,,
theiler,w=60,x_y_y,9,rank_deficient,inf,20,50,5000,60,0.0,nan,nan,nan,nan,nan,nan,nan,nan,,
theiler,w=60,y_z_z,0,ok,260.9603612567652,20,50,5000,60,0.0,12.401863566095177,5393.9470868813405,12.841347568440872,13.380338492660574,17.689045269898077,0.08439379106205872,8.576940155324943,7.2946565744621275,5000,0
theiler,w=60,y_z_z,1,ok,260.9603612567652,20,50,5000,60,0.0,12.000301517885804,5375.414262701327,12.524329986017433,12.994382699574297,17.08279146129986,0.07799705130518735,7.62032799036594,7.163826417192965,5000,0
theiler,w=60,y_z_z,2,ok,260.9603612567652,20,50,5000,60,0.0,12.071594977608779,5038.675287868431,13.390408833790852,12.999328775825346,17.182183224596002,0.0857311644677361,8.540439210547605,7.222520801827496,5000,0
theiler,w=60,y_z_z,3,ok,260.9603612567652,20,50,5000,60,0.0,11.8384424447741,4969.203154033412,12.690758196897788,12.709697502103074,16.876656662315224,0.08344600808861619,6.910576989581046,6.826412699330109,5000,0
theiler,w=60,y_z_z,4,ok,260.9603612567652,20,50,5000,60,0.0,12.013716755992803,5025.737925327615,12.575280927405865,12.864192032567923,17.060494422166396,0.08161942460007633,7.50086568863925,7.017108642591551,5000,0
theiler,w=60,y_z_z,5,ok,260.9603612567652,20,50,5000,60,0.0,11.33959780225813,4950.46192194372,11.130353636548316,12.132448843723045,16.14667490101562,0.08358577310120432,6.797377541681795,6.3679532176971545,5000,0
theiler,w=60,y_z_z,6,ok,260.9603612567652,20,50,5000,60,0.0,12.339232562174203,5620.854916103053,13.710170306366894,13.290252414963721,17.565584364250093,0.08227213330873963,8.139873021896122,7.088102083683721,5000,0
theiler,w=60,y_z_z,7,ok,260.9603612567652,20,50,5000,60,0.0,12.025684076741925,5261.988528004651,12.249765728574733,12.93546317359894,17.096087540252345,0.07702424004261721,8.210810369177647,7.009236983378683,5000,0
theiler,w=60,y_z_z,8,ok,260.9603612567652,20,50,5000,60,0.0,12.878271482170218,5765.920857516868,13.36833021729046,13.95047301394472,18.34244576924532,0.08354248725522659,8.572667187171414,7.628598426694118,5000,0
theiler,w=60,y_z_z,9,ok,260.9603612567652,20,50,5000,60,0.0,11.993190836119414,5062.849854515356,11.71020681349037,12.890562065852565,17.10020181966807,0.08365280150593551,8.381765498414095,7.078848459947438,5000,0
theiler,w=60,x_z_z,0,ok,281.2859780300304,20,50,5000,60,0.0,12.44926983904242,5395.06635503038,12.908687200945748,13.435290678282536,17.74978243785054,0.06984773555488372,8.576451461438735,7.26591497757702,5000,0
theiler,w=60,x_z_z,1,ok,281.2859780300304,20,50,5000,60,0.0,12.04666745934411,5376.377481825966,12.594209959608294,13.049163878701467,17.143279467188858,0.06914856681426995,7.620780619400334,7.134854256268429,5000,0
theiler,w=60,x_z_z,2,ok,281.2859780300304,20,50,5000,60,0.0,12.11771277747661,5039.581188552689,13.457978176506604,13.055021995511353,17.243182052618366,0.07033518684280302,8.523361975592632,7.194028870308379,5000,0
theiler,w=60,x_z_z,3,ok,281.2859780300304,20,50,5000,60,0.0,11.879464744908208,4970.090511544493,12.74914614584003,12.759450183161643,16.93278918661009,0.07049379570897976,6.885815687823934,6.798000380745391,5000,0
theiler,w=60,x_z_z,4,ok,281.2859780300304,20,50,5000,60,0.0,12.05977389254324,5026.715688548016,12.64356250722005,12.91931140556271,17.121582542092177,0.0689734792863799,7.498732414023936,6.98752052043456,5000,0
theiler,w=60,x_z_z,5,ok,281.2859780300304,20,50,5000,60,0.0,11.387161211471811,4951.434010585335,11.201105614844904,12.188984986225769,16.208427987658332,0.07222573110346353,6.796620345534865,6.338846028505529,5000,0
theiler,w=60,x_z_z,6,ok,281.2859780300304,20,50,5000,60,0.0,12.386942262152074,5621.8289511290905,13.77885135884604,13.346933086181213,17.628684572250815,0.07029332919610759,8.127018694221992,7.060327843123849,5000,0
theiler,w=60,x_z_z,7,ok,281.2859780300304,20,50,5000,60,0.0,12.071580050784718,5263.000545401131,12.3166205951373,12.992180601003545,17.157191574398922,0.06858875219560673,8.19980548961256,6.9812252681557965,5000,0
theiler,w=60,x_z_z,8,ok,281.2859780300304,20,50,5000,60,0.0,12.931692404540646,5766.969485877189,13.44657086909307,14.012305210556038,18.410047871984244,0.07145125795445981,8.571745111341139,7.599392897264402,5000,0
theiler,w=60,x_z_z,9,ok,281.2859780300304,20,50,5000,60,0.0,12.03554948539787,5063.796566447831,11.770976763092428,12.941233467976783,17.156677289882705,0.07102832882648265,8.381895968873481,7.049123693600642,5000,0
theiler,w=60,x_z_x,0,ok,64.42712473872164,20,50,5000,60,0.0,4.925955580668116,404.1967975634728,4.892130171348782,5.078335141822121,5.915777895385315,0.06317747037044263,0.9701241063083348,0.5608046100266249,5000,0
theiler,w=60,x_z_x,1,ok,64.42712473872164,20,50,5000,60,0.0,4.6996966967006655,391.23255356000897,4.570916102890791,4.84441616247587,5.62574536226786,0.061239042535805546,0.9542845819686209,0.5556900912037354,5000,0
theiler,w=60,x_z_x,2,ok,64.42712473872164,20,50,5000,60,0.0,4.990770931372808,415.57141079021574,4.950161366219584,5.1475807746598035,5.977005076171432,0.06384552091562964,0.9556371682518674,0.5665279670821082,5000,0
theiler,w=60,x_z_x,3,ok,64.42712473872164,20,50,5000,60,0.0,4.596119837912924,381.39389938736366,4.648552256052883,4.739903389959034,5.5136854736902485,0.06252792857983218,0.90499521314651,0.5391025248801885,5000,0
theiler,w=60,x_z_x,4,ok,64.42712473872164,20,50,5000,60,0.0,4.5536385454408865,368.26362958847477,4.609282181273289,4.686546395944744,5.4584029410046915,0.062315835069073094,0.8805954018198596,0.537538815078686,5000,0
theiler,w=60,x_z_x,5,ok,64.42712473872164,20,50,5000,60,0.0,4.425121219096946,367.5814510718489,4.417395001468334,4.558609585986036,5.286073028278035,0.06374457746845372,0.8541143000734402,0.5320435822531258,5000,0
theiler,w=60,x_z_x,6,ok,64.42712473872164,20,50,5000,60,0.0,4.596437180626271,375.22418019504727,4.454928175118465,4.737477077264344,5.5276196636624695,0.06275188552858466,0.9327439620120306,0.5519401507494253,5000,0
theiler,w=60,x_z_x,7,ok,64.42712473872164,20,50,5000,60,0.0,4.798610506073669,398.5502824465033,4.72090724819981,4.945588827902384,5.747041338790342,0.06235472793273404,0.9540773829535477,0.5478751388953548,5000,0
theiler,w=60,x_z_x,8,ok,64.42712473872164,20,50,5000,60,0.0,4.834098253453145,399.281976760314,4.641812610093637,4.982698357533813,5.804499881248498,0.06352301966471317,0.9843141260210622,0.5813477013202492,5000,0
theiler,w=60,x_z_x,9,ok,64.42712473872164,20,50,5000,60,0.0,4.643680132111118,378.63305126974404,4.606421340002098,4.786701603119573,5.578048215778747,0.06246513284529041,0.9615197720331521,0.5538565763260509,5000,0
theiler,w=60,y_plus_z,0,ok,13.90120303609631,20,50,5000,60,0.0,0.7407022111506159,20.01051776956493,0.5896930449446206,0.7854600023934587,1.0428227003328308,0.06325573362429177,0.42073762032313444,0.485841386656963,5000,0
theiler,w=60,y_plus_z,1,ok,13.90120303609631,20,50,5000,60,0.0,0.7403519246508675,21.27579034991921,0.6002952845655515,0.7909085086614372,1.0451661117649151,0.06132737624361817,0.37751044148572865,0.4992878907102129,5000,0
theiler,w=60,y_plus_z,2,ok,13.90120303609631,20,50,5000,60,0.0,0.7419737841620332,20.056235519385737,0.6253529739358717,0.7919400212449921,1.051585350081026,0.06313786734145929,0.43352247264095,0.5018052127656005,5000,0
theiler,w=60,y_plus_z,3,ok,13.90120303609631,20,50,5000,60,0.0,0.7148141162124342,20.52446097842143,0.5793360736697188,0.7660962905354366,1.0136296492425863,0.06237735966871452,0.35896606485586174,0.483919516236567,5000,0
theiler,w=60,y_plus_z,4,ok,13.90120303609631,20,50,5000,60,0.0,0.7246618694520893,19.35693202184901,0.5800715472934064,0.7674423867950046,1.0220644331440307,0.062358107456050915,0.35550287040183853,0.4780159839261909,5000,0
theiler,w=60,y_plus_z,5,ok,13.90120303609631,20,50,5000,60,0.0,0.6723959727505989,18.29385115505216,0.5154487324254374,0.7121537990041659,0.948200293329668,0.06326032323443716,0.3453920808672804,0.4624724463804245,5000,0
theiler,w=60,y_plus_z,6,ok,13.90120303609631,20,50,5000,60,0.0,0.7279248282993314,19.553584671769205,0.5904448042591081,0.7710985605614734,1.0294816636925954,0.06259802328970604,0.3854063475069745,0.498244666572477,5000,0
theiler,w=60,y_plus_z,7,ok,13.90120303609631,20,50,5000,60,0.0,0.7125526465675166,19.349532698044584,0.5475996843637677,0.7556240286241906,1.0027230654619235,0.062280331910453415,0.4185528466454705,0.47745662366908637,5000,0
theiler,w=60,y_plus_z,8,ok,13.90120303609631,20,50,5000,60,0.0,0.799769394761369,24.34805394656741,0.607338937567404,0.8623022809977696,1.1274980805949342,0.06267851338348185,0.4087144939892485,0.5364102484430341,5000,0
theiler,w=60,y_plus_z,9,ok,13.90120303609631,20,50,5000,60,0.0,0.7204442388157807,19.36034016234849,0.5562093099780892,0.7603547068902204,1.0120248618610879,0.06300251366285245,0.39291733246312727,0.4814477704853208,5000,0
theiler,w=60,x_plus_z,0,ok,33.17345746870676,20,50,5000,60,0.0,1.8955340303756787,137.92777983967142,1.9074772603413708,2.0489054150241546,2.6108355191205477,0.06339630397547005,0.7214157434950534,0.6298352873861454,5000,0
theiler,w=60,x_plus_z,1,ok,33.17345746870676,20,50,5000,60,0.0,1.9272266339824804,144.97458212144267,2.105315981780531,2.1096809422478064,2.653454428835864,0.06154026967610885,0.6716245724457197,0.609965371275138,5000,0
theiler,w=60,x_plus_z,2,ok,33.17345746870676,20,50,5000,60,0.0,1.8960935155174619,137.94449257696317,2.0823383682173926,2.0668862452792274,2.6142715988969876,0.06379511728847337,0.7428566546078157,0.6352482115441553,5000,0
theiler,w=60,x_plus_z,3,ok,33.17345746870676,20,50,5000,60,0.0,1.8857440214268175,142.17512679701989,1.8928889225831942,2.0527480979129487,2.596153935497247,0.06275500070238398,0.6525662953831717,0.615573696548313,5000,0
theiler,w=60,x_plus_z,4,ok,33.17345746870676,20,50,5000,60,0.0,1.8622675148565693,132.73836979735336,1.86653954858145,2.0133191339715557,2.55799213382801,0.06273523009282295,0.6185722646953077,0.6159680077261348,5000,0
theiler,w=60,x_plus_z,5,ok,33.17345746870676,20,50,5000,60,0.0,1.6629141638890472,113.70222868428272,1.6859008305166485,1.8016972842124888,2.3060250759460836,0.0634821687757188,0.626619767475594,0.5643451292152771,5000,0
theiler,w=60,x_plus_z,6,ok,33.17345746870676,20,50,5000,60,0.0,1.8577612241427108,136.0650829132782,1.9520664679392445,2.012611735465474,2.567391385292744,0.06326998932090531,0.6730846829553921,0.6177870267340848,5000,0
theiler,w=60,x_plus_z,7,ok,33.17345746870676,20,50,5000,60,0.0,1.8305216557125488,133.2779455871951,1.8090986444677484,1.9753757167975672,2.5123339735534005,0.06225397642821078,0.7267533236940127,0.6040873194659413,5000,0
theiler,w=60,x_plus_z,8,ok,33.17345746870676,20,50,5000,60,0.0,2.005635125084244,149.27118896606987,2.1666881289529254,2.1713424427635886,2.746545884967233,0.06316464477178982,0.7077922972097773,0.6333666976863309,5000,0
theiler,w=60,x_plus_z,9,ok,33.17345746870676,20,50,5000,60,0.0,1.8356177067113961,133.85985145556722,1.8727374531283936,1.9951874433062031,2.532019323527191,0.06238422362983921,0.7052845895285221,0.6052723910012076,5000,0
theiler,w=60,x_plus_y,0,ok,2.562258516347068,20,50,5000,60,0.0,0.08826870592569742,0.10569760452978333,0.08054714490350448,0.09026397014913606,0.1208679701751496,0.0644507486251967,0.20125103063898406,0.1202229757800119,5000,0
theiler,w=60,x_plus_y,1,ok,2.562258516347068,20,50,5000,60,0.0,0.08834254835513543,0.11657687209081473,0.07721051053774865,0.0909655714336631,0.12122959605812461,0.063262189023078,0.18852745348110583,0.1190839433599957,5000,0
theiler,w=60,x_plus_y,2,ok,2.562258516347068,20,50,5000,60,0.0,0.08896666582111712,0.11704437285197777,0.08193935349623278,0.09168308468580036,0.1224239524245164,0.06441453743191719,0.19854862132898649,0.12077541693728831,5000,0
theiler,w=60,x_plus_y,3,ok,2.562258516347068,20,50,5000,60,0.0,0.08637185851864793,0.1064386681409278,0.0791617199831607,0.08834696783113145,0.11866126672411005,0.06395103842398847,0.18818353275343114,0.11758705181504134,5000,0
theiler,w=60,x_plus_y,4,ok,2.562258516347068,20,50,5000,60,0.0,0.08599148330037493,0.09651114173247642,0.08016838124387836,0.08759016298821577,0.11810119709988134,0.063904048052964,0.19283390896561603,0.11823797846307263,5000,0
theiler,w=60,x_plus_y,5,ok,2.562258516347068,20,50,5000,60,0.0,0.084569891779503,0.10591510140144156,0.0722031986080812,0.08654225437804958,0.1161258220623352,0.06432257701465227,0.18323837977867885,0.11346725344158248,5000,0
theiler,w=60,x_plus_y,6,ok,2.562258516347068,20,50,5000,60,0.0,0.09216089431798746,0.14534353132192737,0.07832693672140645,0.09526832032834895,0.12586684495482983,0.06412200241647537,0.1859766650018023,0.11908432382704538,5000,0
theiler,w=60,x_plus_y,7,ok,2.562258516347068,20,50,5000,60,0.0,0.08831231950256445,0.11123920011156402,0.07643899186646713,0.09018082397730139,0.12081410958856872,0.06374089228060964,0.1877961348812982,0.11640460821151978,5000,0
theiler,w=60,x_plus_y,8,ok,2.562258516347068,20,50,5000,60,0.0,0.09114159592998815,0.12175677692087027,0.08118491129416795,0.09389585937356078,0.12527411912831346,0.06442624681462474,0.1894704424231467,0.12139171720745676,5000,0
theiler,w=60,x_plus_y,9,ok,2.562258516347068,20,50,5000,60,0.0,0.08698975750405485,0.1110094528147579,0.07358159980328298,0.08891554172957408,0.11938175909730972,0.06374678049216784,0.1875131886359303,0.11667699435150211,5000,0
query_count,Nq=1000,x_x_x,0,ok,3.090816180484919,20,50,1000,30,0.0,0.10705660208264657,0.18774487005874246,0.07401073088872633,0.11041207409520454,0.14738363025152337,0.06608402939368553,0.18485283578736744,0.12992293842418584,1000,0
query_count,Nq=1000,x_x_x,1,ok,3.090816180484919,20,50,1000,30,0.0,0.1134647173577196,0.21008808549044994,0.08213156335083069,0.11666565851794355,0.15532466273119594,0.06520941092718596,0.2032174155617325,0.13701852603261194,1000,0
query_count,Nq=1000,x_x_x,2,ok,3.090816180484919,20,50,1000,30,0.0,0.11511814770378744,0.1804510209862745,0.10106150765612296,0.11673868738769345,0.15816646299611348,0.06721216260192239,0.2004189340139404,0.14551666353595868,1000,0
query_count,Nq=1000,x_x_x,3,ok,3.090816180484919,20,50,1000,30,0.0,0.10761710780743383,0.161708897180951,0.08973104215987121,0.1093485571754048,0.14833538765091248,0.06910951638205261,0.1941133597522364,0.13713584167052292,1000,0
query_count,Nq=1000,x_x_x,4,ok,3.090816180484919,20,50,1000,30,0.0,0.10488447161151147,0.15183865059935125,0.0910786042133474,0.10669787688502527,0.14435403850750275,0.06696515745297574,0.1856873598309981,0.132192752876257,1000,0
query_count,Nq=1000,x_x_x,5,ok,3.090816180484919,20,50,1000,30,0.0,0.10412509077336601,0.20403813439662902,0.08026883200675985,0.10724918705208948,0.14355552797197044,0.06507010319119436,0.18213700438823538,0.12751452566007632,1000,0
query_count,Nq=1000,x_x_x,6,ok,3.090816180484919,20,50,1000,30,0.0,0.12898277281620732,0.33885696507631485,0.0869133324746221,0.13476924230232468,0.17419204287908768,0.06644605374724338,0.19398920565227176,0.13773378838348282,1000,0
query_count,Nq=1000,x_x_x,7,ok,3.090816180484919,20,50,1000,30,0.0,0.11430715672028877,0.26101273510379464,0.09191992025052935,0.11840090458526739,0.1558698190205341,0.06346634292372506,0.19496228497882184,0.13814343576106997,1000,0
query_count,Nq=1000,x_x_x,8,ok,3.090816180484919,20,50,1000,30,0.0,0.11567293985540687,0.21917516119117003,0.09084193519398218,0.11903642912863763,0.16049031846414313,0.0661324724609339,0.1995389121477373,0.14859131123292424,1000,0
query_count,Nq=1000,x_x_x,9,ok,3.090816180484919,20,50,1000,30,0.0,0.10292581015861796,0.1827218987800265,0.08024023278441939,0.10648974801808686,0.1427593496894275,0.06751646939842418,0.19232459523258227,0.13550047752178254,1000,0
query_count,Nq=1000,y_y_y,0,ok,3.44652416507327,20,50,1000,30,0.0,0.04493918782010122,0.005312594192259892,0.03554074062929427,0.04562766909154693,0.06146650184722756,0.06520727963193568,0.16469552745235186,0.08509956596843819,1000,0
query_count,Nq=1000,y_y_y,1,ok,3.44652416507327,20,50,1000,30,0.0,0.045847216358606585,0.005591908828539007,0.0347592559968056,0.04648114451669856,0.06263397772422728,0.06372177065191248,0.17204139821998615,0.08488971006649794,1000,0
query_count,Nq=1000,y_y_y,2,ok,3.44652416507327,20,50,1000,30,0.0,0.04596188187544469,0.005050892342717869,0.03566946681166325,0.04640068460027778,0.06284841902441297,0.06562385722162317,0.17559102183763123,0.08604423515945618,1000,0
query_count,Nq=1000,y_y_y,3,ok,3.44652416507327,20,50,1000,30,0.0,0.046231817955970374,0.004700421874488768,0.03769178219680531,0.04673673655482782,0.06321747576386991,0.06739435530935067,0.17401211823632837,0.088840551565683,1000,0
query_count,Nq=1000,y_y_y,4,ok,3.44652416507327,20,50,1000,30,0.0,0.04570141047368109,0.0050102782184298445,0.03445340620926832,0.04631951541155953,0.0626902594588008,0.06740500967967747,0.16502354358095814,0.08529830832089079,1000,0
query_count,Nq=1000,y_y_y,5,ok,3.44652416507327,20,50,1000,30,0.0,0.04438705707209537,0.004568458531232429,0.034459342917755355,0.044890982489241865,0.06071707029397529,0.0634921125345349,0.1648222523911613,0.08389509662511187,1000,0
query_count,Nq=1000,y_y_y,6,ok,3.44652416507327,20,50,1000,30,0.0,0.04537725806290898,0.005304664523875673,0.04063803199463605,0.045925020537974856,0.06220567525678189,0.06622214048968417,0.16836596945964385,0.08693593889408194,1000,0
query_count,Nq=1000,y_y_y,7,ok,3.44652416507327,20,50,1000,30,0.0,0.04480048577206972,0.005827794503106806,0.03699989344607249,0.045468342262241675,0.06144598273428765,0.06359625980396101,0.1727046735272317,0.08508212245654993,1000,0
query_count,Nq=1000,y_y_y,8,ok,3.44652416507327,20,50,1000,30,0.0,0.04477761589716777,0.004779851332228915,0.03551175129191077,0.04519400536032128,0.06133163879869396,0.06584806288352843,0.1620561871840787,0.08459486491181224,1000,0
query_count,Nq=1000,y_y_y,9,ok,3.44652416507327,20,50,1000,30,0.0,0.04473772972004058,0.004525885271805139,0.03563584722914264,0.04524552215774314,0.061264509485305436,0.06675593301454195,0.16343855726034717,0.08575979314924824,1000,0
query_count,Nq=1000,z_z_z,0,ok,8.63102661547655,20,50,1000,30,0.0,14.59056370378052,5454.067359947766,10.547445648510958,14.793410832739609,19.90461405001599,0.0674414686644087,17.166857081370736,20.344127009970894,1000,0
query_count,Nq=1000,z_z_z,1,ok,8.63102661547655,20,50,1000,30,0.0,16.27258094629634,6729.806517870057,11.145223532414446,16.47955801726402,22.115209207422044,0.06965593850425056,17.82437028618691,21.18774360892569,1000,0
query_count,Nq=1000,z_z_z,2,ok,8.63102661547655,20,50,1000,30,0.0,16.15639768438893,5363.83030217327,13.447378233755863,16.311533755098992,22.130359404135984,0.08275021316701339,23.058217142598238,25.482797917286415,1000,0
query_count,Nq=1000,z_z_z,3,ok,8.63102661547655,20,50,1000,30,0.0,13.70129390736406,4322.310670438476,11.824917486705544,13.788337210670747,18.78517972258212,0.08031718023579085,17.384553887936857,22.224036174659023,1000,0
query_count,Nq=1000,z_z_z,4,ok,8.63102661547655,20,50,1000,30,0.0,14.507632221205927,5451.191873012604,11.940799836140403,14.607961691033886,19.965961628510385,0.07665638878263487,17.122867161431902,20.354966941384607,1000,0
query_count,Nq=1000,z_z_z,5,ok,8.63102661547655,20,50,1000,30,0.0,13.79368803536788,5200.766093673997,9.836688712058251,14.06282371351008,18.927683695447882,0.0768572135172427,14.651749413518921,19.949578109459413,1000,0
query_count,Nq=1000,z_z_z,6,ok,8.63102661547655,20,50,1000,30,0.0,16.646860064541166,7401.988166491803,12.826288219418144,17.221273330727268,22.862595772606706,0.0689623564258135,18.038820491373258,22.735318682820907,1000,0
query_count,Nq=1000,z_z_z,7,ok,8.63102661547655,20,50,1000,30,0.0,14.453211598309911,5574.145009728463,13.31791631203331,14.81071849010254,19.736033086277242,0.06715471533827544,17.532796590574602,22.495246047068708,1000,0
query_count,Nq=1000,z_z_z,8,ok,8.63102661547655,20,50,1000,30,0.0,15.001756382008564,5542.106026012674,11.159182978825749,15.28789932114213,20.511445552950885,0.0665888521672292,19.949777951390992,25.919973096335575,1000,0
query_count,Nq=1000,z_z_z,9,ok,8.63102661547655,20,50,1000,30,0.0,14.328177298756454,5478.804222400729,9.432312586871133,14.500018775102179,19.42148790872805,0.07636489173456024,16.12711738693353,21.458347510157434,1000,0
query_count,Nq=1000,y_z_y,0,ok,55.35812478627791,20,50,1000,30,0.0,4.794552154342837,400.41096842147425,4.795659969537655,4.924007566180728,5.727057136314463,0.06565629373314621,0.9054451182737826,0.5231653461060217,1000,0
query_count,Nq=1000,y_z_y,1,ok,55.35812478627791,20,50,1000,30,0.0,4.795159471114927,396.05568921545586,4.85350086845367,4.920346845262051,5.735663647508662,0.06464907314533068,0.9911004611646473,0.5419241425203855,1000,0
query_count,Nq=1000,y_z_y,2,ok,55.35812478627791,20,50,1000,30,0.0,5.3455745921859705,444.69646876015037,5.980535159116747,5.524199981609771,6.522754023168164,0.06696395434615239,1.0522163847709989,0.6198749908594903,1000,0
query_count,Nq=1000,y_z_y,3,ok,55.35812478627791,20,50,1000,30,0.0,4.92291947662026,412.85601280703605,5.319904068224089,5.0731744874163125,5.899043375258612,0.06923318626211622,0.9680931456255785,0.5818503426310544,1000,0
query_count,Nq=1000,y_z_y,4,ok,55.35812478627791,20,50,1000,30,0.0,4.94043648692535,397.52369236663526,5.349175964198399,5.072621528787895,5.929372965809789,0.06930937717332321,0.9213678998556285,0.5515542740681992,1000,0
query_count,Nq=1000,y_z_y,5,ok,55.35812478627791,20,50,1000,30,0.0,4.332554322637217,366.4863368659448,4.582426605093594,4.44876618290793,5.196128535295055,0.0664612895664243,0.879036784114183,0.5562625320905532,1000,0
query_count,Nq=1000,y_z_y,6,ok,55.35812478627791,20,50,1000,30,0.0,4.812673439741556,391.26587482332496,4.768794486343231,4.967767542417743,5.816158482818006,0.06650191834443785,0.9974853342644466,0.5452573613261505,1000,0
query_count,Nq=1000,y_z_y,7,ok,55.35812478627791,20,50,1000,30,0.0,4.727049014492374,393.2086288748482,4.800404334565317,4.893507432631319,5.750274231531671,0.06370949879758513,0.9267863053037578,0.556835784384747,1000,0
query_count,Nq=1000,y_z_y,8,ok,55.35812478627791,20,50,1000,30,0.0,4.579116193738791,362.994216793915,4.725217981918483,4.735602206629792,5.617793702290684,0.06565401052274439,0.9899195394569441,0.6003105571491434,1000,0
query_count,Nq=1000,y_z_y,9,ok,55.35812478627791,20,50,1000,30,0.0,4.60772046037996,373.5572627755009,4.6955347714116,4.736385050414026,5.5430976879669736,0.06748488184460841,0.8489662806397201,0.5643641931280733,1000,0
query_count,Nq=1000,x_y_x,0,ok,3.5968374195681707,20,50,1000,30,0.0,0.04464956025767999,0.004473097082130838,0.036324384135119944,0.0452148926610683,0.06115951879267224,0.06534561241996795,0.163888032629873,0.08555105650244096,1000,0
query_count,Nq=1000,x_y_x,1,ok,3.5968374195681707,20,50,1000,30,0.0,0.04557403311922781,0.004798230524520096,0.0355200912801859,0.04608185134266139,0.0623732514728534,0.06426034604752909,0.17119633980512267,0.08543845033373153,1000,0
query_count,Nq=1000,x_y_x,2,ok,3.5968374195681707,20,50,1000,30,0.0,0.04627759596466319,0.005101764476102692,0.03597953922123725,0.04672509268927546,0.06324748201395188,0.06576552249934739,0.17437470311931408,0.08679106403520576,1000,0
query_count,Nq=1000,x_y_x,3,ok,3.5968374195681707,20,50,1000,30,0.0,0.04661665105572412,0.004855623971474968,0.038127421981883146,0.04719327931494353,0.06382242453782493,0.06764978410511115,0.1745804582569727,0.08937519130575097,1000,0
query_count,Nq=1000,x_y_x,4,ok,3.5968374195681707,20,50,1000,30,0.0,0.04583754358387459,0.004993071977057007,0.034848720329719335,0.04643220788014369,0.0629591515405541,0.06768455733292603,0.1639041383873509,0.08601222660619384,1000,0
query_count,Nq=1000,x_y_x,5,ok,3.5968374195681707,20,50,1000,30,0.0,0.04453649681341824,0.004619187224378404,0.03489815005233936,0.04502905350584645,0.06096526143721296,0.06393827291663007,0.1634313478716861,0.08462885708268594,1000,0
query_count,Nq=1000,x_y_x,6,ok,3.5968374195681707,20,50,1000,30,0.0,0.045523263560861026,0.005358114546033282,0.04078375822888346,0.04608914526837825,0.06251476112314178,0.0668229853657524,0.17004932161474082,0.08786412247725184,1000,0
query_count,Nq=1000,x_y_x,7,ok,3.5968374195681707,20,50,1000,30,0.0,0.04445029372850409,0.004995616086555778,0.03761184132096186,0.04502684933643869,0.061101006331218996,0.06392317386957076,0.17044115708310803,0.08559475357155466,1000,0
query_count,Nq=1000,x_y_x,8,ok,3.5968374195681707,20,50,1000,30,0.0,0.045841789075256385,0.005941625227483233,0.035197975398560684,0.0463572313481186,0.06259848753862345,0.06567465907203549,0.16067855365666203,0.08516802995997878,1000,0
query_count,Nq=1000,x_y_x,9,ok,3.5968374195681707,20,50,1000,30,0.0,0.04502710049058841,0.004674920851256788,0.03599008749549685,0.04562592889025073,0.06176230774712174,0.0670950727940878,0.16213648303457587,0.08626878315972833,1000,0
query_count,Nq=1000,x_y_y,0,rank_deficient,inf,20,50,1000,30,0.0,nan,nan,nan,nan,nan,nan,nan,nan,,
query_count,Nq=1000,x_y_y,1,rank_deficient,inf,20,50,1000,30,0.0,nan,nan,nan,nan,nan,nan,nan,nan,,
query_count,Nq=1000,x_y_y,2,rank_deficient,inf,20,50,1000,30,0.0,nan,nan,nan,nan,nan,nan,nan,nan,,
query_count,Nq=1000,x_y_y,3,rank_deficient,inf,20,50,1000,30,0.0,nan,nan,nan,nan,nan,nan,nan,nan,,
query_count,Nq=1000,x_y_y,4,rank_deficient,inf,20,50,1000,30,0.0,nan,nan,nan,nan,nan,nan,nan,nan,,
query_count,Nq=1000,x_y_y,5,rank_deficient,inf,20,50,1000,30,0.0,nan,nan,nan,nan,nan,nan,nan,nan,,
query_count,Nq=1000,x_y_y,6,rank_deficient,inf,20,50,1000,30,0.0,nan,nan,nan,nan,nan,nan,nan,nan,,
query_count,Nq=1000,x_y_y,7,rank_deficient,inf,20,50,1000,30,0.0,nan,nan,nan,nan,nan,nan,nan,nan,,
query_count,Nq=1000,x_y_y,8,rank_deficient,inf,20,50,1000,30,0.0,nan,nan,nan,nan,nan,nan,nan,nan,,
query_count,Nq=1000,x_y_y,9,rank_deficient,inf,20,50,1000,30,0.0,nan,nan,nan,nan,nan,nan,nan,nan,,
query_count,Nq=1000,y_z_z,0,ok,260.9603612567652,20,50,1000,30,0.0,12.89854808930399,6955.782703489239,11.283098392678049,14.084358197376863,18.440877153465067,0.08124291432758718,7.879908091844416,6.575832055061587,1000,0
query_count,Nq=1000,y_z_z,1,ok,260.9603612567652,20,50,1000,30,0.0,13.13403037547657,6190.9353707689515,12.631028863309695,14.258642202212602,18.679811990817566,0.07974985347912267,8.947569950098677,7.318489287017195,1000,0
query_count,Nq=1000,y_z_z,2,ok,260.9603612567652,20,50,1000,30,0.0,14.537342642064642,6186.807167023456,14.53627010051411,15.430266885396348,20.601788146528335,0.09175857586364208,10.813078081910149,8.203966917869586,1000,0
query_count,Nq=1000,y_z_z,3,ok,260.9603612567652,20,50,1000,30,0.0,12.329622794108632,4355.674200194738,12.299188260311002,12.984071409407898,17.46277291992124,0.09987579788257447,9.661546635602575,7.138377218939912,1000,0
query_count,Nq=1000,y_z_z,4,ok,260.9603612567652,20,50,1000,30,0.0,11.345345193068516,3661.886220031016,11.924996892093109,11.9362810037429,15.986715960845428,0.0899623430491492,8.800255576070619,6.93318071265267,1000,0
query_count,Nq=1000,y_z_z,5,ok,260.9603612567652,20,50,1000,30,0.0,11.936176310201787,5119.472106749695,11.241614455708987,12.653540323502336,17.035783912576765,0.08465282962182129,5.796195046786715,6.379747393358335,1000,0
query_count,Nq=1000,y_z_z,6,ok,260.9603612567652,20,50,1000,30,0.0,13.630037100271696,6355.491212043862,15.868197679180183,14.88586875719942,19.50465375100825,0.07999944018854782,8.357699479010552,6.962594864269845,1000,0
query_count,Nq=1000,y_z_z,7,ok,260.9603612567652,20,50,1000,30,0.0,12.22041733531835,5054.428949018936,13.981762777954776,13.17344534284879,17.52651625719442,0.08094745586205508,8.937206578515966,7.319785750456502,1000,0
query_count,Nq=1000,y_z_z,8,ok,260.9603612567652,20,50,1000,30,0.0,13.78869368960387,6193.016828730285,13.751860853574646,15.006809386448966,19.650920061174237,0.06998792670966429,9.733429739489878,8.660846238910693,1000,0
query_count,Nq=1000,y_z_z,9,ok,260.9603612567652,20,50,1000,30,0.0,11.727446822603117,5507.158789328573,11.726643181517613,12.815356034970755,16.917272617692348,0.08850664049490156,7.628201915502151,7.258903936875235,1000,0
query_count,Nq=1000,x_z_z,0,ok,281.2859780300304,20,50,1000,30,0.0,12.945647288512442,6956.604311939063,11.351241505088295,14.141671264148409,18.503563287727875,0.06703766478031042,7.879870273511957,6.548518779991191,1000,0
query_count,Nq=1000,x_z_z,1,ok,281.2859780300304,20,50,1000,30,0.0,13.18390757428125,6191.875388215358,12.69908434784241,14.317396253027761,18.745576315460184,0.06853658062598994,8.94060303567614,7.290696078081604,1000,0
query_count,Nq=1000,x_z_z,2,ok,281.2859780300304,20,50,1000,30,0.0,14.592870037569323,6188.073083081768,14.613388100145233,15.497640002612554,20.675475608023117,0.07583265049211987,10.812648841724736,8.173445472730677,1000,0
query_count,Nq=1000,x_z_z,3,ok,281.2859780300304,20,50,1000,30,0.0,12.370762713764154,4356.622163318709,12.361360613400375,13.034657690165929,17.52003096696149,0.07721735263680624,9.660453010636932,7.10865180325156,1000,0
query_count,Nq=1000,x_z_z,4,ok,281.2859780300304,20,50,1000,30,0.0,11.392623659157605,3662.9216326068226,11.99545748609405,11.992657347289594,16.049810445989507,0.0736573241849326,8.799494909054907,6.904171979860507,1000,0
query_count,Nq=1000,x_z_z,5,ok,281.2859780300304,20,50,1000,30,0.0,11.988108111636082,5121.1368319556495,11.310950447826327,12.71473353991959,17.10202632633145,0.07441072469906784,5.794073394945538,6.351177563612911,1000,0
query_count,Nq=1000,x_z_z,6,ok,281.2859780300304,20,50,1000,30,0.0,13.673610270132242,6356.446827056958,15.921774783840448,14.937162626172489,19.56334397164634,0.071356386700931,8.357140049784663,6.934675310727547,1000,0
query_count,Nq=1000,x_z_z,7,ok,281.2859780300304,20,50,1000,30,0.0,12.259551214661832,5055.422910233407,14.031356088142525,13.221754561860111,17.580505426762794,0.0656662644664136,8.921708267813539,7.291756559515657,1000,0
query_count,Nq=1000,x_z_z,8,ok,281.2859780300304,20,50,1000,30,0.0,13.84393754639131,6194.020693569656,13.828004367435149,15.07062883013591,19.72113486906851,0.0670083199982138,9.709250185026233,8.63455572051341,1000,0
query_count,Nq=1000,x_z_z,9,ok,281.2859780300304,20,50,1000,30,0.0,11.769596511668174,5508.002352256185,11.787248025073337,12.865946710255537,16.973568067480215,0.07434505667165664,7.627372200282492,7.22784120609174,1000,0
query_count,Nq=1000,x_z_x,0,ok,64.42712473872164,20,50,1000,30,0.0,4.788991134163662,400.0678803263976,4.773436072109512,4.918492377190399,5.721735133506871,0.06267845314627014,0.891842544907918,0.5186288441520952,1000,0
query_count,Nq=1000,x_z_x,1,ok,64.42712473872164,20,50,1000,30,0.0,4.790435582378023,395.98732461801507,4.836860243120752,4.916964560411079,5.7309070209180355,0.06069528517772625,0.9747259145007761,0.5372017581163562,1000,0
query_count,Nq=1000,x_z_x,2,ok,64.42712473872164,20,50,1000,30,0.0,5.338613714018862,444.44127044404286,5.956251689599354,5.519524649741232,6.519631468633941,0.06474499704987066,1.0299367691283556,0.615453537795388,1000,0
query_count,Nq=1000,x_z_x,3,ok,64.42712473872164,20,50,1000,30,0.0,4.914621707497409,412.7099784678596,5.300332131731079,5.070569758939193,5.8946847185392794,0.06593536469538727,0.9544435805754835,0.5772440143447038,1000,0
query_count,Nq=1000,x_z_x,4,ok,64.42712473872164,20,50,1000,30,0.0,4.9347691992324325,397.2925664154011,5.325464333880978,5.072794185155103,5.930470223555259,0.06554010007625997,0.9200340645865746,0.5475072731656659,1000,0
query_count,Nq=1000,x_z_x,5,ok,64.42712473872164,20,50,1000,30,0.0,4.336350464756646,366.33576703081303,4.577109850648232,4.45214386514696,5.200708059541243,0.06386241112534705,0.8741949712892304,0.5518446016742484,1000,0
query_count,Nq=1000,x_z_x,6,ok,64.42712473872164,20,50,1000,30,0.0,4.814040875360371,391.41998330882154,4.751414423864843,4.967214079067454,5.817548161097898,0.06246599732335141,0.9794931391436116,0.5403587173454131,1000,0
query_count,Nq=1000,x_z_x,7,ok,64.42712473872164,20,50,1000,30,0.0,4.726379543915465,392.83501235161316,4.774674653390577,4.886635219772521,5.742486813242369,0.061054872604538124,0.9084226494900448,0.5517441014547849,1000,0
query_count,Nq=1000,x_z_x,8,ok,64.42712473872164,20,50,1000,30,0.0,4.566229096095851,362.7030230881171,4.685482972237221,4.7236367897194205,5.603740962553829,0.06111851890766885,0.9696482074756171,0.5953477545810908,1000,0
query_count,Nq=1000,x_z_x,9,ok,64.42712473872164,20,50,1000,30,0.0,4.594504710269733,373.15136596077417,4.667401945118745,4.726662372094186,5.533068282950499,0.06401742380852263,0.8500276744266259,0.5606032744458761,1000,0
query_count,Nq=1000,y_plus_z,0,ok,13.90120303609631,20,50,1000,30,0.0,0.7687713070738385,23.982357123149733,0.4626501580173379,0.8181872457014265,1.0766778885264192,0.0628340693437407,0.41291334024401105,0.43833116191825083,1000,0
query_count,Nq=1000,y_plus_z,1,ok,13.90120303609631,20,50,1000,30,0.0,0.8129328201506775,23.697275064920756,0.592091248956556,0.8597232457731611,1.1389134536806416,0.06009189155508052,0.42602344374151374,0.468150784441113,1000,0
query_count,Nq=1000,y_plus_z,2,ok,13.90120303609631,20,50,1000,30,0.0,0.8046815408288771,18.78036494276818,0.6827222167100048,0.8418468794406274,1.147918860308421,0.06342949672752812,0.5209000389051667,0.5735380795667112,1000,0
query_count,Nq=1000,y_plus_z,3,ok,13.90120303609631,20,50,1000,30,0.0,0.6735904505738114,15.440287645638346,0.5886499172480356,0.7161757479072451,0.9586594931365646,0.06563470378807598,0.3950154186131633,0.5004662713139654,1000,0
query_count,Nq=1000,y_plus_z,4,ok,13.90120303609631,20,50,1000,30,0.0,0.676664637617456,15.63958602964825,0.5946363374472599,0.7093754903125287,0.960718654534766,0.06510157112742157,0.3694632589758326,0.4698656347932437,1000,0
query_count,Nq=1000,y_plus_z,5,ok,13.90120303609631,20,50,1000,30,0.0,0.6595198333993367,15.288690448013025,0.5335969191211946,0.681469639773198,0.9358061680149337,0.061435652853108896,0.33331723413399666,0.47341930390277687,1000,0
query_count,Nq=1000,y_plus_z,6,ok,13.90120303609631,20,50,1000,30,0.0,0.7916226117156555,22.697306999578963,0.7294354135802237,0.846062240687967,1.1132088717785675,0.06298096558361763,0.43709759640568846,0.5184426905370874,1000,0
query_count,Nq=1000,y_plus_z,7,ok,13.90120303609631,20,50,1000,30,0.0,0.7732726614827307,20.41559197712015,0.6819038550387992,0.8061361934015384,1.067384112163818,0.05969683047578139,0.4232467253490856,0.4910592666514661,1000,0
query_count,Nq=1000,y_plus_z,8,ok,13.90120303609631,20,50,1000,30,0.0,0.8107671616741271,25.19922927647079,0.6612808706517753,0.8783531520289444,1.152512488870189,0.06082261170061254,0.490054084193909,0.5868602846233176,1000,0
query_count,Nq=1000,y_plus_z,9,ok,13.90120303609631,20,50,1000,30,0.0,0.6768126704903497,17.14189404521987,0.5451573188886673,0.710138614718818,0.9467315487494347,0.06500231747150759,0.36625191503720184,0.48125000719224026,1000,0
query_count,Nq=1000,x_plus_z,0,ok,33.17345746870676,20,50,1000,30,0.0,1.730639007377105,121.46136970182302,1.3535963350343267,1.8528963405295389,2.412681899269227,0.0629551223332118,0.6621072170285216,0.5621675392904026,1000,0
query_count,Nq=1000,x_plus_z,1,ok,33.17345746870676,20,50,1000,30,0.0,2.100052765286703,170.76668473988633,2.1334345250809443,2.2948559752586917,2.922339563629028,0.06074643539695116,0.7387491983894615,0.6287190428204681,1000,0
query_count,Nq=1000,x_plus_z,2,ok,33.17345746870676,20,50,1000,30,0.0,2.1719691786264304,149.84053302840874,2.084953630503468,2.3145202555788216,2.996132019474435,0.06515119975790026,0.9618466624454576,0.7404631085736786,1000,0
query_count,Nq=1000,x_plus_z,3,ok,33.17345746870676,20,50,1000,30,0.0,1.9659556136774212,143.58408324333868,1.7584427513479524,2.132879671593857,2.703444220473125,0.06662943952626205,0.7070793503020865,0.6652336724284975,1000,0
query_count,Nq=1000,x_plus_z,4,ok,33.17345746870676,20,50,1000,30,0.0,1.7877884742289039,129.55513130459155,1.8337920968901837,1.9480558852601648,2.469325251231991,0.06548710286582471,0.6562040528086714,0.6471616437856731,1000,0
query_count,Nq=1000,x_plus_z,5,ok,33.17345746870676,20,50,1000,30,0.0,1.7304498323892195,119.46606185087003,1.4817028130959078,1.868597200694466,2.411569147872691,0.06180314472007248,0.5648924045694347,0.5978136668992423,1000,0
query_count,Nq=1000,x_plus_z,6,ok,33.17345746870676,20,50,1000,30,0.0,1.9768584767969233,144.45421348298632,2.1480342684460245,2.1649731424786394,2.755658809936632,0.06350455196725407,0.7433217432896131,0.66577855666241,1000,0
query_count,Nq=1000,x_plus_z,7,ok,33.17345746870676,20,50,1000,30,0.0,1.9833371835724005,146.9960270775168,2.1361612737412026,2.136197759083835,2.7250382339213046,0.05978081560181485,0.714490665712661,0.6412593067443328,1000,0
query_count,Nq=1000,x_plus_z,8,ok,33.17345746870676,20,50,1000,30,0.0,2.2106555480068,169.02499741482725,2.4034092912039133,2.3698506549453775,2.9741479056791014,0.0618631800097036,0.8009350256234052,0.6668430984759325,1000,0
query_count,Nq=1000,x_plus_z,9,ok,33.17345746870676,20,50,1000,30,0.0,1.728188707727905,120.53744852025606,1.7442548429761233,1.8673826715032324,2.3880130871179444,0.06517015342268767,0.6640882797944935,0.5980399870383005,1000,0
query_count,Nq=1000,x_plus_y,0,ok,2.562258516347068,20,50,1000,30,0.0,0.08784673741818871,0.09905981517681604,0.06870398658094118,0.08924814619306136,0.12010097849541199,0.0646479399530589,0.18190793947725245,0.1135603254824449,1000,0
query_count,Nq=1000,x_plus_y,1,ok,2.562258516347068,20,50,1000,30,0.0,0.09424844810867253,0.11616511824089627,0.07462739077636925,0.09699375767999258,0.1290517913487289,0.0634016705993076,0.1862523227408235,0.1195686130553283,1000,0
query_count,Nq=1000,x_plus_y,2,ok,2.562258516347068,20,50,1000,30,0.0,0.09674929087883713,0.11012525770707314,0.08276882929066551,0.09851264079282655,0.1334484397303674,0.06502271830436496,0.19190858259656562,0.12535087968213068,1000,0
query_count,Nq=1000,x_plus_y,3,ok,2.562258516347068,20,50,1000,30,0.0,0.09152859676228024,0.0954757012560865,0.07909051788002654,0.09324369716184176,0.12563878942371776,0.06551695574345748,0.19314231400683837,0.12024810976204198,1000,0
query_count,Nq=1000,x_plus_y,4,ok,2.562258516347068,20,50,1000,30,0.0,0.08668736188016551,0.08581299910658012,0.07571596974601137,0.0878934084857292,0.11882456920705547,0.06520474451138009,0.18076897105158787,0.11592683921702898,1000,0
query_count,Nq=1000,x_plus_y,5,ok,2.562258516347068,20,50,1000,30,0.0,0.08831369776472381,0.12016551740254204,0.06965192921079127,0.09086464806228373,0.12243697383750717,0.06374962517107993,0.17326346577817994,0.11149096206102255,1000,0
query_count,Nq=1000,x_plus_y,6,ok,2.562258516347068,20,50,1000,30,0.0,0.10528898086054798,0.1935490190043175,0.07964950427105441,0.10999090362852641,0.14252655903440195,0.06464894066893291,0.1829653269964439,0.1206417895230459,1000,0
query_count,Nq=1000,x_plus_y,7,ok,2.562258516347068,20,50,1000,30,0.0,0.09378134342376307,0.14844450060852157,0.07980449952037244,0.0967470745915849,0.12785764557235188,0.061962342926274824,0.18569029804118165,0.11880050779051547,1000,0
query_count,Nq=1000,x_plus_y,8,ok,2.562258516347068,20,50,1000,30,0.0,0.09503289908715419,0.11782071414279337,0.07735775910004371,0.09743271885802218,0.13104763814942733,0.06388393844180582,0.18538321470404032,0.12488742263454383,1000,0
query_count,Nq=1000,x_plus_y,9,ok,2.562258516347068,20,50,1000,30,0.0,0.08307961845115355,0.09049497251733994,0.06884397241327482,0.08553977406438101,0.1155459932462865,0.06500326432380796,0.18342414786935188,0.11742785623164011,1000,0
query_count,Nq=2500,x_x_x,0,ok,3.090816180484919,20,50,2500,30,0.0,0.11574048080288908,0.227563480251235,0.08915862397964079,0.11943000300109873,0.15986093750742217,0.0658571831285541,0.19453478500450078,0.13809444642803465,2500,0
query_count,Nq=2500,x_x_x,1,ok,3.090816180484919,20,50,2500,30,0.0,0.1076727180068323,0.19742432837868543,0.08696373714702185,0.11068269174257257,0.14712128887714598,0.06521979030975537,0.19312051529759375,0.1372635069502433,2500,0
query_count,Nq=2500,x_x_x,2,ok,3.090816180484919,20,50,2500,30,0.0,0.10777808140933028,0.22119743493452398,0.08727333735428465,0.1112380436200468,0.14691938556385745,0.06631064972543355,0.1891842620575911,0.13403968657026857,2500,0
query_count,Nq=2500,x_x_x,3,ok,3.090816180484919,20,50,2500,30,0.0,0.11015838720727272,0.21514935845464242,0.09027268778505615,0.11385944454318064,0.15144300783915063,0.06669166239137879,0.19725997961724734,0.13835272359955103,2500,0
query_count,Nq=2500,x_x_x,4,ok,3.090816180484919,20,50,2500,30,0.0,0.10318707160721709,0.1626380639119074,0.08967174002581949,0.10532463079464781,0.1414414740737166,0.06596547068547429,0.18688999859556246,0.1283576777319937,2500,0
query_count,Nq=2500,x_x_x,5,ok,3.090816180484919,20,50,2500,30,0.0,0.10739266388575339,0.21518658075483937,0.08188057134619367,0.11148598705687232,0.14843088323531647,0.06636837556698394,0.18718472625930352,0.13122359885983578,2500,0
query_count,Nq=2500,x_x_x,6,ok,3.090816180484919,20,50,2500,30,0.0,0.1288881283012644,0.31477187877753826,0.09318157294487273,0.1337573450169373,0.17615092361582432,0.06655761631444769,0.20161377126318997,0.14159991084376644,2500,0
query_count,Nq=2500,x_x_x,7,ok,3.090816180484919,20,50,2500,30,0.0,0.11959125748352789,0.237233162317422,0.09587929589916624,0.12284527177870898,0.16351879379273435,0.06518250937249209,0.2030609186795694,0.14334495907752215,2500,0
query_count,Nq=2500,x_x_x,8,ok,3.090816180484919,20,50,2500,30,0.0,0.10796382240960081,0.20873267840150242,0.0891820808575911,0.11127850254416555,0.15003445234246704,0.06613845360924485,0.1862572697696636,0.13718070832037757,2500,0
query_count,Nq=2500,x_x_x,9,ok,3.090816180484919,20,50,2500,30,0.0,0.10374947230785284,0.20220232149006434,0.08445326912980766,0.1075830588756332,0.1431413556199263,0.06612208317032997,0.19230146184461616,0.13516963523242617,2500,0
query_count,Nq=2500,y_y_y,0,ok,3.44652416507327,20,50,2500,30,0.0,0.04628929730643091,0.00576059233605378,0.036134554981835036,0.04689578524222118,0.0632253513308579,0.06566087483764574,0.1711973916863432,0.08621221783680735,2500,0
query_count,Nq=2500,y_y_y,1,ok,3.44652416507327,20,50,2500,30,0.0,0.04593995471172875,0.005499080647074379,0.03515430550243657,0.046561456126167994,0.06292616002438092,0.0647404911866554,0.1688229302952185,0.08508754323669468,2500,0
query_count,Nq=2500,y_y_y,2,ok,3.44652416507327,20,50,2500,30,0.0,0.04474835035210387,0.005068290305220205,0.03674203933185041,0.045334935749494494,0.06141607116127679,0.06506835206185754,0.16624827980586857,0.08511311515853669,2500,0
query_count,Nq=2500,y_y_y,3,ok,3.44652416507327,20,50,2500,30,0.0,0.04506735551868235,0.004662069420849532,0.03815246903942254,0.04558462488197167,0.061781246419428996,0.06596911796194008,0.17303736014825574,0.08725332591872288,2500,0
query_count,Nq=2500,y_y_y,4,ok,3.44652416507327,20,50,2500,30,0.0,0.04560936136738837,0.005248587011823468,0.03594117535813866,0.04627559198565649,0.06248927261354629,0.06544308283127817,0.16643951822503988,0.08541952177954022,2500,0
query_count,Nq=2500,y_y_y,5,ok,3.44652416507327,20,50,2500,30,0.0,0.044886615100111486,0.005209504458399563,0.036683773611891075,0.045566644375902784,0.06146909705136788,0.0652858596104336,0.16722468755918546,0.0857649394618018,2500,0
query_count,Nq=2500,y_y_y,6,ok,3.44652416507327,20,50,2500,30,0.0,0.046102463033676704,0.005239954829387039,0.03774894661431274,0.04661159200263144,0.06312014623194608,0.06603077048910183,0.16856652094577898,0.08644326181876234,2500,0
query_count,Nq=2500,y_y_y,7,ok,3.44652416507327,20,50,2500,30,0.0,0.04555804877578438,0.005743409255079865,0.0378446236587708,0.04618428253469017,0.0624752494004219,0.06433961904814897,0.17007865327477936,0.08589949137025087,2500,0
query_count,Nq=2500,y_y_y,8,ok,3.44652416507327,20,50,2500,30,0.0,0.04507584131064144,0.004768782259688769,0.034945867696698024,0.045584976673048914,0.061607566540865945,0.06551919323065875,0.1642643380125169,0.08438635694575042,2500,0
query_count,Nq=2500,y_y_y,9,ok,3.44652416507327,20,50,2500,30,0.0,0.04500886719792719,0.0045397582602369315,0.03553547890233249,0.04553327763802011,0.061657890038485166,0.06580802771247266,0.16281240874502398,0.08477424956942024,2500,0
query_count,Nq=2500,z_z_z,0,ok,8.63102661547655,20,50,2500,30,0.0,15.654360327851556,5956.397150343388,12.789948990133409,15.931641082972416,21.413607399716874,0.06528845180813392,19.316056380883055,22.538626134105034,2500,0
query_count,Nq=2500,z_z_z,1,ok,8.63102661547655,20,50,2500,30,0.0,14.346825692421483,5348.148782597463,12.898022271519777,14.581840003731376,19.622204969309024,0.07080191327481238,19.00584393316962,22.424012496717193,2500,0
query_count,Nq=2500,z_z_z,2,ok,8.63102661547655,20,50,2500,30,0.0,14.131017702485568,5455.694242304362,12.147612636712967,14.409761431387142,19.18705176855328,0.0708660906122349,17.44065952526387,21.3451188630862,2500,0
query_count,Nq=2500,z_z_z,3,ok,8.63102661547655,20,50,2500,30,0.0,14.601795008218597,5622.4391004544195,11.467681456679005,14.77366752186069,19.745877426420424,0.07418348741810754,17.22366906893619,22.245542149694288,2500,0
query_count,Nq=2500,z_z_z,4,ok,8.63102661547655,20,50,2500,30,0.0,13.803043135364147,5068.644903043703,12.242339564475612,13.927161684466704,18.867650730329856,0.07376225970273037,16.004917895333662,19.27018508434524,2500,0
query_count,Nq=2500,z_z_z,5,ok,8.63102661547655,20,50,2500,30,0.0,13.986472969515027,5369.020485171477,10.451105100976404,14.29041584998059,19.096037474079758,0.07102025500162873,15.491388318711056,20.481357690164067,2500,0
query_count,Nq=2500,z_z_z,6,ok,8.63102661547655,20,50,2500,30,0.0,17.52168236972011,7403.227067627995,13.199962622489474,17.953181918873966,24.032724148239794,0.07140216504092428,19.92982898385457,24.130538646329295,2500,0
query_count,Nq=2500,z_z_z,7,ok,8.63102661547655,20,50,2500,30,0.0,16.343545923677333,6204.982954605155,14.078048144321269,16.58280031049212,22.27741504321801,0.07031548292527268,22.8395745054292,24.538622270834605,2500,0
query_count,Nq=2500,z_z_z,8,ok,8.63102661547655,20,50,2500,30,0.0,13.63801000454177,4956.685904115732,11.436449110151923,13.912256721852476,18.69384070692183,0.07029125201742613,16.001512971884882,21.94913431521704,2500,0
query_count,Nq=2500,z_z_z,9,ok,8.63102661547655,20,50,2500,30,0.0,14.37510449677675,5648.253354876401,11.317491273856703,14.651108496286858,19.61262880714384,0.07395917848912291,17.44821998608691,20.71392401465251,2500,0
query_count,Nq=2500,y_z_y,0,ok,55.35812478627791,20,50,2500,30,0.0,5.214056394737442,435.71340259007064,5.268311443109046,5.362086196461089,6.245556250950503,0.06498736690138662,0.9831549256906296,0.5679867629488473,2500,0
query_count,Nq=2500,y_z_y,1,ok,55.35812478627791,20,50,2500,30,0.0,4.865748307627863,401.4129456049214,4.722515468444537,5.013240769397726,5.824944472671903,0.06462385625421432,1.0096519922272167,0.5603579075858838,2500,0
query_count,Nq=2500,y_z_y,2,ok,55.35812478627791,20,50,2500,30,0.0,4.692261370407441,390.25260495613657,4.7239832830621244,4.846805718352085,5.6529615383044405,0.0667090621947278,0.9444763401105335,0.5377922779621591,2500,0
query_count,Nq=2500,y_z_y,3,ok,55.35812478627791,20,50,2500,30,0.0,4.716751955492491,391.1895106114156,4.850178897962057,4.861785534270588,5.660900548700891,0.06689578400456199,0.9257052678366939,0.5648786164162003,2500,0
query_count,Nq=2500,y_z_y,4,ok,55.35812478627791,20,50,2500,30,0.0,4.5168127076893985,366.15603322161826,4.690138187751487,4.639985528542423,5.3914033007117235,0.06658276023860404,0.8350959327513855,0.5121402257016182,2500,0
query_count,Nq=2500,y_z_y,5,ok,55.35812478627791,20,50,2500,30,0.0,4.39192246450113,369.7737573740355,4.41313363954608,4.52470262050452,5.254228449895625,0.06688793822413983,0.8339305336471526,0.5476689875110355,2500,0
query_count,Nq=2500,y_z_y,6,ok,55.35812478627791,20,50,2500,30,0.0,5.286225353950945,443.4201564595366,5.336896038109221,5.43705633160856,6.346411797119985,0.06725092175504234,0.9981279470412239,0.5917549193909821,2500,0
query_count,Nq=2500,y_z_y,7,ok,55.35812478627791,20,50,2500,30,0.0,5.358456329373799,453.02958892545746,5.414405980488867,5.523333125720291,6.43111846151512,0.06602700845258347,1.0354320227677605,0.6030403296852839,2500,0
query_count,Nq=2500,y_z_y,8,ok,55.35812478627791,20,50,2500,30,0.0,4.19342130660089,334.9602927434266,4.268983886093156,4.318373511126973,5.087075562142801,0.06638644326580548,0.8941854155343311,0.5431277878817448,2500,0
query_count,Nq=2500,y_z_y,9,ok,55.35812478627791,20,50,2500,30,0.0,4.728918164741072,374.72047168568037,4.651691950071971,4.851747107501015,5.651592955374248,0.06632867972154635,0.9372898665941715,0.5499620126087262,2500,0
query_count,Nq=2500,x_y_x,0,ok,3.5968374195681707,20,50,2500,30,0.0,0.04600449647897439,0.005124892912524144,0.03680754176932942,0.046557990122533185,0.06299944751223481,0.06575344011342563,0.17047219380535472,0.08678423928025451,2500,0
query_count,Nq=2500,x_y_x,1,ok,3.5968374195681707,20,50,2500,30,0.0,0.04606334980014384,0.00535168070308117,0.035594772245456784,0.04670354586074091,0.06316618356850079,0.06506494790919465,0.1690501475158071,0.08573228107135121,2500,0
query_count,Nq=2500,x_y_x,2,ok,3.5968374195681707,20,50,2500,30,0.0,0.045009851746125686,0.005150547768665869,0.03698596863109424,0.04563933870070421,0.06177616579727003,0.06511255380910203,0.16560635155625436,0.08584764761522104,2500,0
query_count,Nq=2500,x_y_x,3,ok,3.5968374195681707,20,50,2500,30,0.0,0.04536991174997729,0.004776302453774768,0.03852971078206434,0.045925267575335424,0.06225779314030162,0.06614335371518743,0.17145463885814563,0.08788842996319614,2500,0
query_count,Nq=2500,x_y_x,4,ok,3.5968374195681707,20,50,2500,30,0.0,0.04558410399618397,0.004930095843995679,0.03652587023023808,0.04618623068016264,0.062487402068658215,0.065528189289049,0.16637788871101702,0.08599490903412013,2500,0
query_count,Nq=2500,x_y_x,5,ok,3.5968374195681707,20,50,2500,30,0.0,0.044842553690882934,0.0049330641860913585,0.03714134964083293,0.0454445304948562,0.06144232746509351,0.065285172409449,0.16651383961116514,0.0863970871044256,2500,0
query_count,Nq=2500,x_y_x,6,ok,3.5968374195681707,20,50,2500,30,0.0,0.04631558259728931,0.005282226610052546,0.037945506381280004,0.04685840310521312,0.06347761108200892,0.06640106912100718,0.1700493216147408,0.08714982311772651,2500,0
query_count,Nq=2500,x_y_x,7,ok,3.5968374195681707,20,50,2500,30,0.0,0.046057177518608806,0.006093564141423292,0.03770392457600614,0.04673273489697947,0.06316838103455022,0.06464201951476622,0.17005288042067396,0.08653152882660815,2500,0
query_count,Nq=2500,x_y_x,8,ok,3.5968374195681707,20,50,2500,30,0.0,0.04563900977940757,0.005290070205523311,0.0350049059144583,0.046180038325302326,0.06231058407549288,0.06563468069581416,0.16307915605852105,0.08496779241934196,2500,0
query_count,Nq=2500,x_y_x,9,ok,3.5968374195681707,20,50,2500,30,0.0,0.04533691451612331,0.004714180650099406,0.03576397852836763,0.04592703906945538,0.0621861507492287,0.06592945310921394,0.1630188897321435,0.0853915836841701,2500,0
query_count,Nq=2500,x_y_y,0,rank_deficient,inf,20,50,2500,30,0.0,nan,nan,nan,nan,nan,nan,nan,nan,,
query_count,Nq=2500,x_y_y,1,rank_deficient,inf,20,50,2500,30,0.0,nan,nan,nan,nan,nan,nan,nan,nan,,
query_count,Nq=2500,x_y_y,2,rank_deficient,inf,20,50,2500,30,0.0,nan,nan,nan,nan,nan,nan,nan,nan,,
query_count,Nq=2500,x_y_y,3,rank_deficient,inf,20,50,2500,30,0.0,nan,nan,nan,nan,nan,nan,nan,nan,,
query_count,Nq=2500,x_y_y,4,rank_deficient,inf,20,50,2500,30,0.0,nan,nan,nan,nan,nan,nan,nan,nan,,
query_count,Nq=2500,x_y_y,5,rank_deficient,inf,20,50,2500,30,0.0,nan,nan,nan,nan,nan,nan,nan,nan,,
query_count,Nq=2500,x_y_y,6,rank_deficient,inf,20,50,2500,30,0.0,nan,nan,nan,nan,nan,nan,nan,nan,,
query_count,Nq=2500,x_y_y,7,rank_deficient,inf,20,50,2500,30,0.0,nan,nan,nan,nan,nan,nan,nan,nan,,
query_count,Nq=2500,x_y_y,8,rank_deficient,inf,20,50,2500,30,0.0,nan,nan,nan,nan,nan,nan,nan,nan,,
query_count,Nq=2500,x_y_y,9,rank_deficient,inf,20,50,2500,30,0.0,nan,nan,nan,nan,nan,nan,nan,nan,,
query_count,Nq=2500,y_z_z,0,ok,260.9603612567652,20,50,2500,30,0.0,13.777280674201888,6564.5137936266,12.906449889610885,14.887693537944253,19.593722098157766,0.07761826914060979,8.911586160657114,7.497300625181786,2500,0
query_count,Nq=2500,y_z_z,1,ok,260.9603612567652,20,50,2500,30,0.0,12.21348873178665,5522.70431324199,13.03878843997159,13.324055207417986,17.404145111202425,0.08121474335998195,8.93581672671428,7.381625308991371,2500,0
query_count,Nq=2500,y_z_z,2,ok,260.9603612567652,20,50,2500,30,0.0,11.819720215864029,5214.420348842145,13.072826104829675,12.762180328036823,16.80873394678569,0.084370933020035,8.044072938328744,6.877601006539489,2500,0
query_count,Nq=2500,y_z_z,3,ok,260.9603612567652,20,50,2500,30,0.0,11.834642951216242,4808.910603316405,13.348569816408528,12.72315449601896,16.954654564600506,0.08965898927344093,8.193330306387983,7.215872838787017,2500,0
query_count,Nq=2500,y_z_z,4,ok,260.9603612567652,20,50,2500,30,0.0,11.22834620900502,4223.762927061448,11.811975148583413,11.940774399551165,15.885656555456421,0.0865860809199055,7.139414192453969,6.375291305984968,2500,0
query_count,Nq=2500,y_z_z,5,ok,260.9603612567652,20,50,2500,30,0.0,11.77336031927647,5308.33695212081,11.616887441362937,12.655318665369975,16.84718759841424,0.08468849630700082,6.706148652110296,6.528236704529071,2500,0
query_count,Nq=2500,y_z_z,6,ok,260.9603612567652,20,50,2500,30,0.0,14.625388462204922,6929.29033084125,15.856886782511475,15.77007685580125,20.746819310970675,0.08227213330873963,10.241328633122937,7.630729363876904,2500,0
query_count,Nq=2500,y_z_z,7,ok,260.9603612567652,20,50,2500,30,0.0,14.097008794431407,6504.177423717325,14.40907229621667,15.240413030067433,20.11871133549157,0.0831889163524209,10.410791494070374,7.9627715440732745,2500,0
query_count,Nq=2500,y_z_z,8,ok,260.9603612567652,20,50,2500,30,0.0,12.32594080459528,5453.582940714502,12.728044251581725,13.285291076363366,17.58335338462949,0.08173607434886157,7.410730354413446,7.307104293247036,2500,0
query_count,Nq=2500,y_z_z,9,ok,260.9603612567652,20,50,2500,30,0.0,11.197650099061743,4555.649509613888,12.082931449066084,12.069889942264718,16.06234134411629,0.08524341781238327,8.883743974409146,7.1395866279103775,2500,0
query_count,Nq=2500,x_z_z,0,ok,281.2859780300304,20,50,2500,30,0.0,13.826653975148664,6565.5916713768775,12.974613255076514,14.944341859086938,19.655211006026896,0.0668765540356501,8.904574358916012,7.470669540595153,2500,0
query_count,Nq=2500,x_z_z,1,ok,281.2859780300304,20,50,2500,30,0.0,12.265119657026764,5523.631901322924,13.109538810653348,13.384245369686495,17.469509080444794,0.07038881560285279,8.928983183338147,7.353143204950121,2500,0
query_count,Nq=2500,x_z_z,2,ok,281.2859780300304,20,50,2500,30,0.0,11.86915786642247,5215.430941892138,13.143020378431524,12.821330870174476,16.873532026005584,0.07041908664768828,8.029299194675223,6.84811159827426,2500,0
query_count,Nq=2500,x_z_z,3,ok,281.2859780300304,20,50,2500,30,0.0,11.881285326358292,4809.816274909132,13.410756780165945,12.780314478929892,17.019782843823695,0.0739484483617562,8.158462073853347,7.1866269406865175,2500,0
query_count,Nq=2500,x_z_z,4,ok,281.2859780300304,20,50,2500,30,0.0,11.277648313329705,4224.764814815197,11.883696123431967,11.999062771836718,15.949717499514888,0.07228398708119563,7.121107956111256,6.345812272131446,2500,0
query_count,Nq=2500,x_z_z,5,ok,281.2859780300304,20,50,2500,30,0.0,11.824742612460357,5309.500684346276,11.69029434437004,12.715542484216718,16.9115295741906,0.07211376747465864,6.661578637321632,6.499005137892824,2500,0
query_count,Nq=2500,x_z_z,6,ok,281.2859780300304,20,50,2500,30,0.0,14.671487631299655,6930.158744404662,15.92499261784479,15.825772925368614,20.80850698145919,0.07145294608605433,10.241111116175292,7.601658279293185,2500,0
query_count,Nq=2500,x_z_z,7,ok,281.2859780300304,20,50,2500,30,0.0,14.134851170516933,6504.911772100572,14.463217970761791,15.28779599213966,20.17150799091167,0.07074643853951021,10.380331422856576,7.935628758136175,2500,0
query_count,Nq=2500,x_z_z,8,ok,281.2859780300304,20,50,2500,30,0.0,12.381167861222883,5454.6937282653735,12.806669457039636,13.347080495337606,17.650509021920183,0.07223568970413377,7.401243330569511,7.277354636309636,2500,0
query_count,Nq=2500,x_z_z,9,ok,281.2859780300304,20,50,2500,30,0.0,11.243103252674217,4556.655517511284,12.146355043507553,12.123641901740255,16.123313984739873,0.07421304718117593,8.884077135397142,7.110487778146317,2500,0
query_count,Nq=2500,x_z_x,0,ok,64.42712473872164,20,50,2500,30,0.0,5.203124156202598,435.15927309219865,5.237033375600867,5.352008929946109,6.237151232617945,0.061857586645278184,0.9747855861862776,0.5636693743930353,2500,0
query_count,Nq=2500,x_z_x,1,ok,64.42712473872164,20,50,2500,30,0.0,4.858943577716009,401.2838723951004,4.703541309182671,5.009347766073451,5.82069162387573,0.061322490297751706,0.9823758536372802,0.5557605773277171,2500,0
query_count,Nq=2500,x_z_x,2,ok,64.42712473872164,20,50,2500,30,0.0,4.688663507207647,390.1033881411467,4.704022263291265,4.843938863020286,5.650308420791356,0.0631742139446035,0.9221345946981503,0.5335268919048815,2500,0
query_count,Nq=2500,x_z_x,3,ok,64.42712473872164,20,50,2500,30,0.0,4.708122332026438,390.825716119161,4.829090100886012,4.85523328406928,5.6537183963541535,0.06375860485159315,0.9257535873828452,0.5602739972416478,2500,0
query_count,Nq=2500,x_z_x,4,ok,64.42712473872164,20,50,2500,30,0.0,4.511652861915275,366.10577477593495,4.6674164000888325,4.637843197144639,5.389121042935901,0.06316780692083182,0.8379363961466924,0.5075791661741255,2500,0
query_count,Nq=2500,x_z_x,5,ok,64.42712473872164,20,50,2500,30,0.0,4.3887241255191105,369.4236761135302,4.39603748815667,4.520788121801222,5.250601678057258,0.06384050212803166,0.8331045764397385,0.5430546345188764,2500,0
query_count,Nq=2500,x_z_x,6,ok,64.42712473872164,20,50,2500,30,0.0,5.281550064915535,443.2927134117903,5.318367044275697,5.431948162756326,6.3417136771533995,0.06364896013023376,0.9794931391436108,0.5871471572582591,2500,0
query_count,Nq=2500,x_z_x,7,ok,64.42712473872164,20,50,2500,30,0.0,5.354009065189095,452.63600939341995,5.3917823782310474,5.516950515260277,6.4252423715230575,0.06271984562396724,0.9875163907687627,0.5984365307542137,2500,0
query_count,Nq=2500,x_z_x,8,ok,64.42712473872164,20,50,2500,30,0.0,4.1830967513349515,334.6201990933696,4.240360712583533,4.3093296783403625,5.077324762843883,0.06335911724390408,0.8893204584028662,0.538563546878815,2500,0
query_count,Nq=2500,x_z_x,9,ok,64.42712473872164,20,50,2500,30,0.0,4.718049684272825,374.3844483057423,4.624756456854684,4.845263795834171,5.644301864346379,0.06336367922693006,0.9236557405808125,0.5456906682054845,2500,0
query_count,Nq=2500,y_plus_z,0,ok,13.90120303609631,20,50,2500,30,0.0,0.8268747521316753,24.557199034441712,0.567426590414881,0.8781549722131533,1.1621908288341882,0.06251335134862777,0.4353804793272044,0.5004843388855569,2500,0
query_count,Nq=2500,y_plus_z,1,ok,13.90120303609631,20,50,2500,30,0.0,0.7534278805562233,20.744695868542472,0.5619809715906037,0.8074518144968512,1.0611681625175442,0.060709747764236335,0.4026002915060592,0.5061233037480021,2500,0
query_count,Nq=2500,y_plus_z,2,ok,13.90120303609631,20,50,2500,30,0.0,0.7061074186200749,19.15333165824297,0.6131650374911121,0.7499896237120233,0.9996646269247609,0.06263015691596366,0.3983161413301713,0.4834117722186793,2500,0
query_count,Nq=2500,y_plus_z,3,ok,13.90120303609631,20,50,2500,30,0.0,0.7092455879731054,19.51033473628451,0.6375225276929491,0.7609907046282748,1.0087974647461233,0.06332316937218138,0.4078303538738195,0.5041252138407684,2500,0
query_count,Nq=2500,y_plus_z,4,ok,13.90120303609631,20,50,2500,30,0.0,0.6898810511868981,18.449710710417285,0.5519650460932447,0.7339237391298773,0.9766732862326735,0.06284711203838958,0.3451383162283606,0.4446194705425092,2500,0
query_count,Nq=2500,y_plus_z,5,ok,13.90120303609631,20,50,2500,30,0.0,0.7148954381532708,19.580517636445197,0.5358206010915821,0.7540341857804579,1.0036270119336392,0.06315971236813117,0.34963118248271646,0.48167140428673294,2500,0
query_count,Nq=2500,y_plus_z,6,ok,13.90120303609631,20,50,2500,30,0.0,0.8672217365455832,24.11564834964866,0.6641057920278431,0.9173375772683683,1.225818876320667,0.06345730184767093,0.4730490848663079,0.5505212491454092,2500,0
query_count,Nq=2500,y_plus_z,7,ok,13.90120303609631,20,50,2500,30,0.0,0.8570313211187568,24.24807355035853,0.6559701820685806,0.9043813465281324,1.1977084896370886,0.061458542496469454,0.496327952495354,0.5409884460088128,2500,0
query_count,Nq=2500,y_plus_z,8,ok,13.90120303609631,20,50,2500,30,0.0,0.7328663882719761,20.964769822265175,0.5739696682529403,0.7857455324236955,1.0385953300559443,0.062355751232226614,0.36954968061365173,0.5072332882344852,2500,0
query_count,Nq=2500,y_plus_z,9,ok,13.90120303609631,20,50,2500,30,0.0,0.695301725776286,18.100767766117798,0.5560140811518876,0.7384753604389362,0.9801398352181803,0.06321273820038717,0.40085295082940925,0.46706996484826124,2500,0
query_count,Nq=2500,x_plus_z,0,ok,33.17345746870676,20,50,2500,30,0.0,2.0284545823804714,151.9568433130969,1.907048716665896,2.1804196652916588,2.804121092520106,0.062381774988224656,0.7808081800158092,0.6388319151213361,2500,0
query_count,Nq=2500,x_plus_z,1,ok,33.17345746870676,20,50,2500,30,0.0,1.936428919803309,142.44111770272917,2.0581877491312124,2.1125703146491013,2.6751672047174755,0.061060491257243374,0.7365932989538441,0.6107403044145905,2500,0
query_count,Nq=2500,x_plus_z,2,ok,33.17345746870676,20,50,2500,30,0.0,1.8357971647865299,132.4041065340285,1.9990072742526486,1.9877249359404194,2.525095471536487,0.06327567689988112,0.7324993784888459,0.6027785622594151,2500,0
query_count,Nq=2500,x_plus_z,3,ok,33.17345746870676,20,50,2500,30,0.0,1.9418494990279025,145.66098971266868,1.9956150089145959,2.1266962697175784,2.669927992719041,0.06431860580161314,0.6853913860218737,0.6366696788172203,2500,0
query_count,Nq=2500,x_plus_z,4,ok,33.17345746870676,20,50,2500,30,0.0,1.7389242902319186,122.13739990973019,1.7351310328075655,1.8993657078530575,2.4144907803253632,0.06304175499560617,0.612781761892353,0.5930441121722312,2500,0
query_count,Nq=2500,x_plus_z,5,ok,33.17345746870676,20,50,2500,30,0.0,1.7540245057207744,120.70473156939107,1.7527473064542238,1.8877885799299874,2.4341602092214814,0.06392561254522425,0.6560863668131709,0.5799169939041052,2500,0
query_count,Nq=2500,x_plus_z,6,ok,33.17345746870676,20,50,2500,30,0.0,2.1594758921266637,161.75778332829321,2.109882730615451,2.3533966102016666,3.0177425580910238,0.06404996907815,0.8385210514745743,0.6960819810151243,2500,0
query_count,Nq=2500,x_plus_z,7,ok,33.17345746870676,20,50,2500,30,0.0,2.1421768245669384,156.39238131578983,2.0888097990227785,2.306439757622929,2.9331268546661677,0.06184341901463626,0.8987996642892463,0.6791753752932641,2500,0
query_count,Nq=2500,x_plus_z,8,ok,33.17345746870676,20,50,2500,30,0.0,1.9786199997892109,143.75381397273617,2.0649416447027193,2.115751998807099,2.681536131517496,0.06264129358718401,0.6027566716941006,0.5997225012797115,2500,0
query_count,Nq=2500,x_plus_z,9,ok,33.17345746870676,20,50,2500,30,0.0,1.8133772849644823,131.28489970122607,1.920583476118747,1.9781414792092422,2.4952892191324736,0.06285678845797088,0.7279735502918924,0.6052757023210947,2500,0
query_count,Nq=2500,x_plus_y,0,ok,2.562258516347068,20,50,2500,30,0.0,0.09412688860860373,0.11754855837338621,0.07890459317956645,0.09603586713020834,0.12909491730309225,0.06437976059238719,0.1877386536164055,0.11951267306787058,2500,0
query_count,Nq=2500,x_plus_y,1,ok,2.562258516347068,20,50,2500,30,0.0,0.08883430292064579,0.10833080085432012,0.07527945740846516,0.09176403877742981,0.12205599148819592,0.06321230249124189,0.1840463512830292,0.11937622688877604,2500,0
query_count,Nq=2500,x_plus_y,2,ok,2.562258516347068,20,50,2500,30,0.0,0.08724920569103377,0.11801745593894497,0.07637966313130808,0.09050415589140388,0.12072546457141194,0.06400184945125606,0.18098330229212228,0.11732276204191294,2500,0
query_count,Nq=2500,x_plus_y,3,ok,2.562258516347068,20,50,2500,30,0.0,0.08856334174582087,0.11679935929624742,0.0795374074665242,0.09165111780529266,0.12261139752492611,0.06447950891753129,0.18684684376377694,0.11960036958892378,2500,0
query_count,Nq=2500,x_plus_y,4,ok,2.562258516347068,20,50,2500,30,0.0,0.08531972057940328,0.08869455352151376,0.07463712970846953,0.08673934125792047,0.11668928424993592,0.06393029009230661,0.18283110903985267,0.11345035437942097,2500,0
query_count,Nq=2500,x_plus_y,5,ok,2.562258516347068,20,50,2500,30,0.0,0.08964477488644033,0.12499646591926694,0.07126880118952718,0.09246317859474563,0.12351955621775623,0.06429373967649987,0.17872592705441498,0.11452575023420358,2500,0
query_count,Nq=2500,x_plus_y,6,ok,2.562258516347068,20,50,2500,30,0.0,0.10628983607959529,0.1861150698954254,0.08140340796948296,0.10994218132653259,0.14418602673906253,0.06478298515319707,0.1894032255840365,0.12264537325161232,2500,0
query_count,Nq=2500,x_plus_y,7,ok,2.562258516347068,20,50,2500,30,0.0,0.09879174481029494,0.13794611810177876,0.08169377621445725,0.1010324149295861,0.13494789027847282,0.06314969413701003,0.18737901661056625,0.12224501479507731,2500,0
query_count,Nq=2500,x_plus_y,8,ok,2.562258516347068,20,50,2500,30,0.0,0.08916710482076544,0.10999167714800674,0.07631415777547029,0.09144383376392781,0.12315037100943571,0.06397101755938835,0.178632748852297,0.11823450525086764,2500,0
query_count,Nq=2500,x_plus_y,9,ok,2.562258516347068,20,50,2500,30,0.0,0.08538928948152577,0.10666893989231682,0.07282617621091106,0.08790404380075136,0.117616293212721,0.06384969709672861,0.18342730718706182,0.11698719809474115,2500,0
query_count,Nq=10000,x_x_x,0,ok,3.090816180484919,20,50,10000,30,0.0,0.11017309825876206,0.20626585040421033,0.09020109532348933,0.1134101026569594,0.15160582786077603,0.06618434635007443,0.19280702408923636,0.13549623138654185,10000,0
query_count,Nq=10000,x_x_x,1,ok,3.090816180484919,20,50,10000,30,0.0,0.10958771954452139,0.20269079018164274,0.0849085093107666,0.11250366166184929,0.15014139074691865,0.0661640606479196,0.19192375658978897,0.13412107787106586,10000,0
query_count,Nq=10000,x_x_x,2,ok,3.090816180484919,20,50,10000,30,0.0,0.10779713543678231,0.20190426360497482,0.08537761273260298,0.11090695524902362,0.1479415310569509,0.06624719326648977,0.19272127818356083,0.13364599364936527,10000,0
query_count,Nq=10000,x_x_x,3,ok,3.090816180484919,20,50,10000,30,0.0,0.11039978030870674,0.2216449681658563,0.0881412368822518,0.11406235499320871,0.15156657255977285,0.06621294924264703,0.19332275962053305,0.1344713463546515,10000,0
query_count,Nq=10000,x_x_x,4,ok,3.090816180484919,20,50,10000,30,0.0,0.10923773530227675,0.20077952984692538,0.09130661929813576,0.1121240170953131,0.15021596560308587,0.06628701573814916,0.19401911652484471,0.13528537114994088,10000,0
query_count,Nq=10000,x_x_x,5,ok,3.090816180484919,20,50,10000,30,0.0,0.10634857107550043,0.20253633139112706,0.08426297861624694,0.10948702742836376,0.14623564270513667,0.06625280839470724,0.18978176473129016,0.1314169494655856,10000,0
query_count,Nq=10000,x_x_x,6,ok,3.090816180484919,20,50,10000,30,0.0,0.11026782570478076,0.2308564237707119,0.08723244516018765,0.11398869040184217,0.15177850886913766,0.06628419242163468,0.18882792992214328,0.13325069468031728,10000,0
query_count,Nq=10000,x_x_x,7,ok,3.090816180484919,20,50,10000,30,0.0,0.11054188823311767,0.21011676203978358,0.08989889193824245,0.11369645184789827,0.15181266472814114,0.06613688053721206,0.19263595155869018,0.13503421696226073,10000,0
query_count,Nq=10000,x_x_x,8,ok,3.090816180484919,20,50,10000,30,0.0,0.1094735151236812,0.21528927192622485,0.08614453697688226,0.11310845471261496,0.1505009248006824,0.06611228276226493,0.18978176473129016,0.13380168289592637,10000,0
query_count,Nq=10000,x_x_x,9,ok,3.090816180484919,20,50,10000,30,0.0,0.10779036269557196,0.2074641912366784,0.08635114204999711,0.11128325402705434,0.14820219242042598,0.06615532936853374,0.18991389493187533,0.13398900581483805,10000,0
query_count,Nq=10000,y_y_y,0,ok,3.44652416507327,20,50,10000,30,0.0,0.04551672550692262,0.00524358705807324,0.03748851717352243,0.04614661173822413,0.06238224756769332,0.06580630374760849,0.1690523626612305,0.08625931635119763,10000,0
query_count,Nq=10000,y_y_y,1,ok,3.44652416507327,20,50,10000,30,0.0,0.045380174144166105,0.0050904631688769054,0.036436088316858024,0.045940700742716896,0.06211238697256371,0.0656705354995844,0.16857116688991683,0.08566380729305824,10000,0
query_count,Nq=10000,y_y_y,2,ok,3.44652416507327,20,50,10000,30,0.0,0.04482138047368339,0.004929890648918232,0.03664145748235012,0.045420957791372285,0.06144207990571813,0.06547430263191453,0.16719495530773643,0.08549902434154504,10000,0
query_count,Nq=10000,y_y_y,3,ok,3.44652416507327,20,50,10000,30,0.0,0.04520682149433941,0.005009241321887326,0.03691248945613565,0.04581525244555037,0.06192894739469668,0.06568675516553746,0.16798802360671383,0.08579184198503556,10000,0
query_count,Nq=10000,y_y_y,4,ok,3.44652416507327,20,50,10000,30,0.0,0.04561128423723973,0.005085796367449676,0.03733309726337118,0.046193766276306746,0.06248860071548804,0.0658035263795921,0.16919257633496118,0.08624236520428881,10000,0
query_count,Nq=10000,y_y_y,5,ok,3.44652416507327,20,50,10000,30,0.0,0.04505713044223613,0.0050488796980183576,0.036317412912874505,0.04568339615497186,0.06171251342630943,0.06577008837020609,0.16591880278797586,0.08543609827926775,10000,0
query_count,Nq=10000,y_y_y,6,ok,3.44652416507327,20,50,10000,30,0.0,0.04511776568825092,0.0050717780822436215,0.03673850882673471,0.045704736379346904,0.061776843825637834,0.06581477142036615,0.16684589797311516,0.08552488406564887,10000,0
query_count,Nq=10000,y_y_y,7,ok,3.44652416507327,20,50,10000,30,0.0,0.04553999449645393,0.005429061657240091,0.03693116384357096,0.04619788425142039,0.06243185570563247,0.06570548578586466,0.16794511644365206,0.0857213874045833,10000,0
query_count,Nq=10000,y_y_y,8,ok,3.44652416507327,20,50,10000,30,0.0,0.04524229280119563,0.00519987725755536,0.03628997153613477,0.045833853532608416,0.06192334193288857,0.06540880702000501,0.16620095852752131,0.08522167689067806,10000,0
query_count,Nq=10000,y_y_y,9,ok,3.44652416507327,20,50,10000,30,0.0,0.045064877616180686,0.005057981944033691,0.03614010249787094,0.04566484528695619,0.06175293500172147,0.06557268189326333,0.1661408821600562,0.08511272453692315,10000,0
query_count,Nq=10000,z_z_z,0,ok,8.63102661547655,20,50,10000,30,0.0,14.448969599845737,5431.4260374583,12.794250537062155,14.663765593222204,19.708534642943203,0.06873866271395104,17.353134431888098,21.22399845437219,10000,0
query_count,Nq=10000,z_z_z,1,ok,8.63102661547655,20,50,10000,30,0.0,14.57312835111034,5567.047962184985,11.642247266808255,14.76470360949965,19.868511305586463,0.06946682510757823,17.1145112469107,20.88193157782745,10000,0
query_count,Nq=10000,z_z_z,2,ok,8.63102661547655,20,50,10000,30,0.0,14.031186400375987,5249.416438019847,12.054135917959108,14.267167957413744,19.14050343468692,0.06987096768154522,17.275126928332536,20.32800552724664,10000,0
query_count,Nq=10000,z_z_z,3,ok,8.63102661547655,20,50,10000,30,0.0,14.378832595639492,5595.594074280071,11.9424427209419,14.643398022383256,19.596096196597475,0.07151913653175361,16.68194692316058,20.879758080959505,10000,0
query_count,Nq=10000,z_z_z,4,ok,8.63102661547655,20,50,10000,30,0.0,14.65499621255263,5497.1446210902295,12.472040748073706,14.852075943733938,20.00771202724111,0.0710613045913211,17.167868816401256,21.3056284060151,10000,0
query_count,Nq=10000,z_z_z,5,ok,8.63102661547655,20,50,10000,30,0.0,13.851879917110818,5263.6020144821305,11.516560261354904,14.082044744563097,18.91236410426884,0.06946470138753277,16.32813274604102,19.89561294273843,10000,0
query_count,Nq=10000,z_z_z,6,ok,8.63102661547655,20,50,10000,30,0.0,14.288134327550884,5605.4091821666025,11.989460641199338,14.586933598831296,19.566995900237472,0.07142163010244845,16.698969170258458,20.637934036855782,10000,0
query_count,Nq=10000,z_z_z,7,ok,8.63102661547655,20,50,10000,30,0.0,14.333755912817919,5345.199309705173,12.93549871335593,14.532209928030273,19.566779923619443,0.06874564785940913,17.084558338637713,20.9217439409789,10000,0
query_count,Nq=10000,z_z_z,8,ok,8.63102661547655,20,50,10000,30,0.0,14.440329766828668,5573.633004173684,11.862109534318664,14.707445717061184,19.707128438697335,0.06997940603076643,16.802652649479835,21.041028622225298,10000,0
query_count,Nq=10000,z_z_z,9,ok,8.63102661547655,20,50,10000,30,0.0,14.364440712503594,5576.773364857408,11.659365429994285,14.620686621285468,19.6123511521719,0.06994344827822407,17.1145112469107,20.98418272815508,10000,0
query_count,Nq=10000,y_z_y,0,ok,55.35812478627791,20,50,10000,30,0.0,4.725957964493188,387.71448346401104,4.713444054164975,4.860699701869302,5.656929631554042,0.06608089378875096,0.9537727511204331,0.5471134039204287,10000,0
query_count,Nq=10000,y_z_y,1,ok,55.35812478627791,20,50,10000,30,0.0,4.694153690738308,388.76499114538626,4.73190410959906,4.828908195541783,5.615292291928848,0.06606113385056603,0.9373157110498185,0.5439099575430189,10000,0
query_count,Nq=10000,y_z_y,2,ok,55.35812478627791,20,50,10000,30,0.0,4.787630860190373,395.48480914150167,4.852051957451901,4.931519558446524,5.729387696065301,0.06651621706387877,0.9447973391953766,0.5361840620883384,10000,0
query_count,Nq=10000,y_z_y,3,ok,55.35812478627791,20,50,10000,30,0.0,4.704906299545423,391.23006437769413,4.750114017586836,4.844054357461188,5.628840751869,0.0661026474551792,0.9062998292739054,0.5416310014879194,10000,0
query_count,Nq=10000,y_z_y,4,ok,55.35812478627791,20,50,10000,30,0.0,4.781479511549941,392.0136776950289,4.803126198807494,4.9173609998861885,5.716664417093186,0.0664528455983466,0.9361187450729935,0.5481440602324437,10000,0
query_count,Nq=10000,y_z_y,5,ok,55.35812478627791,20,50,10000,30,0.0,4.589073371004033,377.50893279293473,4.597215459083041,4.726473928028797,5.483389539073391,0.066268856480625,0.9054537729305769,0.530548533390099,10000,0
query_count,Nq=10000,y_z_y,6,ok,55.35812478627791,20,50,10000,30,0.0,4.583529822550894,378.6620166756695,4.589795790428728,4.714739187622725,5.4919295411137945,0.06652201822240848,0.9148139777566647,0.5339228712161496,10000,0
query_count,Nq=10000,y_z_y,7,ok,55.35812478627791,20,50,10000,30,0.0,4.724345736110447,385.60041036513957,4.693882212937508,4.865004384841966,5.6672820151812795,0.06603141502730818,0.9354816893895953,0.539612958753013,10000,0
query_count,Nq=10000,y_z_y,8,ok,55.35812478627791,20,50,10000,30,0.0,4.627894909268259,381.9352789402737,4.643682702396578,4.764891994889369,5.548860628807754,0.06607905860270614,0.9364369930275036,0.5406209634978159,10000,0
query_count,Nq=10000,y_z_y,9,ok,55.35812478627791,20,50,10000,30,0.0,4.666701827456976,383.7179444032633,4.681502726519528,4.8024700402770755,5.587742754224554,0.06609349557694483,0.9280741698963443,0.5443898160014774,10000,0
query_count,Nq=10000,x_y_x,0,ok,3.5968374195681707,20,50,10000,30,0.0,0.04569315955824787,0.005263464813692399,0.03785814735443645,0.046336798333576325,0.06266245775126963,0.06580087030875251,0.16914561413420237,0.08694250881727136,10000,0
query_count,Nq=10000,x_y_x,1,ok,3.5968374195681707,20,50,10000,30,0.0,0.04561317197216707,0.005236620024170098,0.03667809164673968,0.04621619664776483,0.062498210406859926,0.06577409361589479,0.16890944014266598,0.08629734134135185,10000,0
query_count,Nq=10000,x_y_x,2,ok,3.5968374195681707,20,50,10000,30,0.0,0.04513050139948756,0.005070438242522863,0.03687815372024777,0.04572813252988924,0.061829074261462245,0.06560667030419323,0.1673046068287123,0.08615538175422653,10000,0
query_count,Nq=10000,x_y_x,3,ok,3.5968374195681707,20,50,10000,30,0.0,0.04542898828185228,0.005099129794439937,0.03725886497941766,0.046051985007394124,0.062256607567659945,0.06578602174719059,0.16765383026389472,0.08641639095769126,10000,0
query_count,Nq=10000,x_y_x,4,ok,3.5968374195681707,20,50,10000,30,0.0,0.04576008630722223,0.005001637731092613,0.03776467687156459,0.046323311092414346,0.06271180948234677,0.06592945310921394,0.169088676111036,0.08690901692221471,10000,0
query_count,Nq=10000,x_y_x,5,ok,3.5968374195681707,20,50,10000,30,0.0,0.04508115143000314,0.004825383673210966,0.0368296810947177,0.045681117731338226,0.06180052314309661,0.06601962830096483,0.1651979786394605,0.08609338064499468,10000,0
query_count,Nq=10000,x_y_x,6,ok,3.5968374195681707,20,50,10000,30,0.0,0.0451921323721835,0.004940744945045893,0.03717135548747628,0.045777336575525907,0.061958134523751665,0.06592927191934446,0.16683288120824372,0.08614224651781784,10000,0
query_count,Nq=10000,x_y_x,7,ok,3.5968374195681707,20,50,10000,30,0.0,0.04572263931129079,0.005420033538014687,0.0372645008180308,0.04636943366782323,0.06270597993437281,0.06579971525982603,0.1677173155446606,0.08640550325583958,10000,0
query_count,Nq=10000,x_y_x,8,ok,3.5968374195681707,20,50,10000,30,0.0,0.04550099330143487,0.005316373665353335,0.03650232124288206,0.0460988887822031,0.062306047558391774,0.06555707200372357,0.16540962674766319,0.08589293558760187,10000,0
query_count,Nq=10000,x_y_x,9,ok,3.5968374195681707,20,50,10000,30,0.0,0.045369015961630496,0.005219717339735488,0.036348146565731224,0.045987403547421354,0.06217505052061515,0.0657390742800495,0.16530863965313114,0.08574863489047024,10000,0
query_count,Nq=10000,x_y_y,0,rank_deficient,inf,20,50,10000,30,0.0,nan,nan,nan,nan,nan,nan,nan,nan,,
query_count,Nq=10000,x_y_y,1,rank_deficient,inf,20,50,10000,30,0.0,nan,nan,nan,nan,nan,nan,nan,nan,,
query_count,Nq=10000,x_y_y,2,rank_deficient,inf,20,50,10000,30,0.0,nan,nan,nan,nan,nan,nan,nan,nan,,
query_count,Nq=10000,x_y_y,3,rank_deficient,inf,20,50,10000,30,0.0,nan,nan,nan,nan,nan,nan,nan,nan,,
query_count,Nq=10000,x_y_y,4,rank_deficient,inf,20,50,10000,30,0.0,nan,nan,nan,nan,nan,nan,nan,nan,,
query_count,Nq=10000,x_y_y,5,rank_deficient,inf,20,50,10000,30,0.0,nan,nan,nan,nan,nan,nan,nan,nan,,
query_count,Nq=10000,x_y_y,6,rank_deficient,inf,20,50,10000,30,0.0,nan,nan,nan,nan,nan,nan,nan,nan,,
query_count,Nq=10000,x_y_y,7,rank_deficient,inf,20,50,10000,30,0.0,nan,nan,nan,nan,nan,nan,nan,nan,,
query_count,Nq=10000,x_y_y,8,rank_deficient,inf,20,50,10000,30,0.0,nan,nan,nan,nan,nan,nan,nan,nan,,
query_count,Nq=10000,x_y_y,9,rank_deficient,inf,20,50,10000,30,0.0,nan,nan,nan,nan,nan,nan,nan,nan,,
query_count,Nq=10000,y_z_z,0,ok,260.9603612567652,20,50,10000,30,0.0,12.24841039188664,5278.080889447275,12.860991482671622,13.145253675096566,17.42551471246513,0.08339809060793703,8.624338613828735,7.015361686812607,10000,0
query_count,Nq=10000,y_z_z,1,ok,260.9603612567652,20,50,10000,30,0.0,12.17765344015996,5310.697837588328,12.039445731355476,13.102628272902924,17.336544023996776,0.08161150225209257,7.986381832185379,6.935395390428986,10000,0
query_count,Nq=10000,y_z_z,2,ok,260.9603612567652,20,50,10000,30,0.0,11.847610509950993,4998.551039369723,12.289481994091087,12.720002198435488,16.87596091056908,0.08275967298492456,8.043617867935604,6.792959011800676,10000,0
query_count,Nq=10000,y_z_z,3,ok,260.9603612567652,20,50,10000,30,0.0,11.877392642360935,4975.0260667909015,12.867163363799808,12.723012729108921,16.905665226863658,0.0838869228510436,7.7718499520666775,6.883759755014072,10000,0
query_count,Nq=10000,y_z_z,4,ok,260.9603612567652,20,50,10000,30,0.0,12.467402330342866,5464.940153381998,13.034527467303556,13.405443225053297,17.73726164643007,0.0863332926052149,8.13589504369568,7.018892571934102,10000,0
query_count,Nq=10000,y_z_z,5,ok,260.9603612567652,20,50,10000,30,0.0,11.64097835214575,5019.331823348215,11.9548954360316,12.481776615124364,16.564006522110045,0.08274921909142569,7.577470097096732,6.603298819964442,10000,0
query_count,Nq=10000,y_z_z,6,ok,260.9603612567652,20,50,10000,30,0.0,12.228333337186621,5471.289503014277,12.830782792470867,13.133538650725551,17.363400567047787,0.0844890521249119,7.8236057043007605,6.7681032713128415,10000,0
query_count,Nq=10000,y_z_z,7,ok,260.9603612567652,20,50,10000,30,0.0,12.352320677905611,5421.252475480111,13.0184678957817,13.277066468121525,17.539723792166374,0.08149730951327554,7.937312478950049,6.956772833110554,10000,0
query_count,Nq=10000,y_z_z,8,ok,260.9603612567652,20,50,10000,30,0.0,12.047499330481848,5129.7872344443995,12.379964793389728,12.98341989368037,17.16451886443716,0.08271081716576534,7.9670572699788265,6.939303142044044,10000,0
query_count,Nq=10000,y_z_z,9,ok,260.9603612567652,20,50,10000,30,0.0,11.708723013389125,4787.819367662927,12.13276670974713,12.586302405118207,16.694914972357086,0.08173661618856673,7.966386777511566,6.95959029464901,10000,0
query_count,Nq=10000,x_z_z,0,ok,281.2859780300304,20,50,10000,30,0.0,12.29418700883518,5279.091852684584,12.928551615587075,13.199227358676962,17.485044930998438,0.07000857005123068,8.598160767606823,6.986990161889943,10000,0
query_count,Nq=10000,x_z_z,1,ok,281.2859780300304,20,50,10000,30,0.0,12.226413940505331,5311.789550051103,12.1100004075528,13.161152852000855,17.401313698836006,0.07032865103596186,7.983947381541761,6.906321934440466,10000,0
query_count,Nq=10000,x_z_z,2,ok,281.2859780300304,20,50,10000,30,0.0,11.895065282001095,4999.537236332435,12.357186505075655,12.776947776844173,16.938275242251116,0.07046800879875242,8.028078773365452,6.764264186025336,10000,0
query_count,Nq=10000,x_z_z,3,ok,281.2859780300304,20,50,10000,30,0.0,11.92443129837185,4975.971494036988,12.932868014440317,12.779558955474279,16.968057800950245,0.07117444647712243,7.773368530172553,6.8548414187869815,10000,0
query_count,Nq=10000,x_z_z,4,ok,281.2859780300304,20,50,10000,30,0.0,12.515582112793735,5465.987912559694,13.103862601476497,13.463027561418352,17.80054749881298,0.07211376747465864,8.121834970729825,6.989862069216303,10000,0
query_count,Nq=10000,x_z_z,5,ok,281.2859780300304,20,50,10000,30,0.0,11.688132406136836,5020.337683216522,12.022015570622745,12.5373897960434,16.624831531741695,0.07097648658436248,7.577014721265644,6.575093440612129,10000,0
query_count,Nq=10000,x_z_z,6,ok,281.2859780300304,20,50,10000,30,0.0,12.274655035111342,5472.250366446095,12.897564847854381,13.189850734220261,17.425699458059437,0.07227696012295107,7.818471127636348,6.739527310399273,10000,0
query_count,Nq=10000,x_z_z,7,ok,281.2859780300304,20,50,10000,30,0.0,12.400901231762601,5422.327113698365,13.085516159650851,13.335881279951398,17.603328629138094,0.07007128491227674,7.936742271116333,6.928437932052741,10000,0
query_count,Nq=10000,x_z_z,8,ok,281.2859780300304,20,50,10000,30,0.0,12.097320024222231,5130.811930500017,12.452021389991678,13.042488642824335,17.22901009885301,0.07087538771591426,7.9747121245023385,6.910657099246111,10000,0
query_count,Nq=10000,x_z_z,9,ok,281.2859780300304,20,50,10000,30,0.0,11.754459075209876,4788.870562266863,12.19630517313704,12.641305989831476,16.755761551946794,0.07074104066016364,7.9739961635852765,6.930841877105687,10000,0
query_count,Nq=10000,x_z_x,0,ok,64.42712473872164,20,50,10000,30,0.0,4.716620895510556,387.2949655922682,4.691335810994896,4.853161234014381,5.649429681911896,0.06325187914242211,0.9395216371281351,0.5424354495883791,10000,0
query_count,Nq=10000,x_z_x,1,ok,64.42712473872164,20,50,10000,30,0.0,4.6884083479288785,388.5559540556179,4.713065688450936,4.824313578380097,5.610200927995478,0.06282147334120222,0.9207355858586314,0.5392009521707123,10000,0
query_count,Nq=10000,x_z_x,2,ok,64.42712473872164,20,50,10000,30,0.0,4.779741944112566,395.1830361558374,4.82876002589487,4.924295467743028,5.72194872808669,0.06349615698373365,0.9293246193062895,0.5319211013269236,10000,0
query_count,Nq=10000,x_z_x,3,ok,64.42712473872164,20,50,10000,30,0.0,4.698648250325909,390.97511874720755,4.730786116087498,4.838826999823389,5.623276538331644,0.06294512960017781,0.9029124946542169,0.5372069479285084,10000,0
query_count,Nq=10000,x_z_x,4,ok,64.42712473872164,20,50,10000,30,0.0,4.7763815228597055,391.82638363268643,4.781804825213133,4.913055183410944,5.711858305215139,0.06355661588591557,0.9235634715445533,0.5434951120234774,10000,0
query_count,Nq=10000,x_z_x,5,ok,64.42712473872164,20,50,10000,30,0.0,4.579436443804005,377.0952371985916,4.573988675110224,4.718619458128359,5.476011062307709,0.06313363944639502,0.9030368227759238,0.5263032486327994,10000,0
query_count,Nq=10000,x_z_x,6,ok,64.42712473872164,20,50,10000,30,0.0,4.575443152171405,378.41567614082976,4.566535220400205,4.708710581759277,5.486047882087029,0.06316669682877546,0.9051998496068129,0.5294411929970626,10000,0
query_count,Nq=10000,x_z_x,7,ok,64.42712473872164,20,50,10000,30,0.0,4.71709337960618,385.28632430435425,4.672085031398386,4.859270533932743,5.66186959960764,0.06272785093447217,0.924750198477628,0.5351893490789501,10000,0
query_count,Nq=10000,x_z_x,8,ok,64.42712473872164,20,50,10000,30,0.0,4.621037430876335,381.64468441918507,4.623532095061282,4.758965443838625,5.543008596703088,0.06285742445297537,0.9262640825053311,0.5360773804383242,10000,0
query_count,Nq=10000,x_z_x,9,ok,64.42712473872164,20,50,10000,30,0.0,4.658810917998856,383.38566806722525,4.6595124764035845,4.796373716571086,5.581216798322294,0.0628640886583683,0.9200393708337132,0.5398992788661673,10000,0
query_count,Nq=10000,y_plus_z,0,ok,13.90120303609631,20,50,10000,30,0.0,0.7355058253463246,20.3110050176147,0.5849845680960131,0.7823840944471596,1.0404837681837777,0.06316983272152285,0.40436586620261034,0.4860288673185589,10000,0
query_count,Nq=10000,y_plus_z,1,ok,13.90120303609631,20,50,10000,30,0.0,0.7264880332775362,19.67946227108001,0.5689439918985532,0.7693024037859777,1.024123043361013,0.06294161337625842,0.3882051157810131,0.47965366544078614,10000,0
query_count,Nq=10000,y_plus_z,2,ok,13.90120303609631,20,50,10000,30,0.0,0.6952929916790378,18.353705247281102,0.5661523223133866,0.7374618883342634,0.9836829390635797,0.06306861318280622,0.39591663841069913,0.4678544444134037,10000,0
query_count,Nq=10000,y_plus_z,3,ok,13.90120303609631,20,50,10000,30,0.0,0.7056175201188917,19.226463229926402,0.5928789585931099,0.7513051265709025,1.0002228503069088,0.062989830303808,0.38114690726153316,0.47839597764995534,10000,0
query_count,Nq=10000,y_plus_z,4,ok,13.90120303609631,20,50,10000,30,0.0,0.7388306644269793,20.062980028126653,0.5796071110240025,0.7864077505912856,1.046666514133873,0.06326500544529316,0.3965885343993417,0.4903591206592986,10000,0
query_count,Nq=10000,y_plus_z,5,ok,13.90120303609631,20,50,10000,30,0.0,0.6939501401518521,18.682576968434052,0.5540562043028902,0.7357795859759951,0.9805050016023457,0.06318237142579919,0.36430353236414054,0.4619208615957019,10000,0
query_count,Nq=10000,y_plus_z,6,ok,13.90120303609631,20,50,10000,30,0.0,0.7151888443558778,19.70425223159896,0.5775404130572726,0.7587739868197585,1.0135997370136993,0.06317962940288921,0.3753192914621173,0.47748565889267186,10000,0
query_count,Nq=10000,y_plus_z,7,ok,13.90120303609631,20,50,10000,30,0.0,0.730626872504762,20.004664485003673,0.5877815071783166,0.7745949345233168,1.0309087457850517,0.06296635749231198,0.38803274457013004,0.4803506224857972,10000,0
query_count,Nq=10000,y_plus_z,8,ok,13.90120303609631,20,50,10000,30,0.0,0.7343463663313461,20.81290473700486,0.5734053257813181,0.7803996327037647,1.0315940829711305,0.06242449917599988,0.3841977400432302,0.48005008551437733,10000,0
query_count,Nq=10000,y_plus_z,9,ok,13.90120303609631,20,50,10000,30,0.0,0.727771454157147,20.200379354296402,0.5634361535769609,0.7731831875126972,1.0219304545739187,0.06302567837086781,0.3943401676005639,0.4766623203942619,10000,0
query_count,Nq=10000,x_plus_z,0,ok,33.17345746870676,20,50,10000,30,0.0,1.932045153797683,142.44902840645685,1.9935665426962457,2.09682508731702,2.663121172165995,0.06327771307644028,0.711421232551072,0.6154527552703669,10000,0
query_count,Nq=10000,x_plus_z,1,ok,33.17345746870676,20,50,10000,30,0.0,1.894534239607786,139.1562942715486,1.8995474060596371,2.0568708805179456,2.6148863245883027,0.06312953195167888,0.6775876026917541,0.6045163374762834,10000,0
query_count,Nq=10000,x_plus_z,2,ok,33.17345746870676,20,50,10000,30,0.0,1.7815438221549296,127.0320718963164,1.8635241838295529,1.9350426618792667,2.479517678000428,0.06332226798889803,0.6875635799252424,0.59581329675216,10000,0
query_count,Nq=10000,x_plus_z,3,ok,33.17345746870676,20,50,10000,30,0.0,1.86833715564599,139.2600810148918,1.9031021919097788,2.0380631147888595,2.5935880201810244,0.06319947291110077,0.6664686217220981,0.6085926192544654,10000,0
query_count,Nq=10000,x_plus_z,4,ok,33.17345746870676,20,50,10000,30,0.0,1.865356605865039,132.04608953656162,1.8948131616426835,2.0224165345793144,2.5915140541151183,0.0635587260892429,0.6915003892298567,0.6166292434807792,10000,0
query_count,Nq=10000,x_plus_z,5,ok,33.17345746870676,20,50,10000,30,0.0,1.7773821449116978,126.82055443856187,1.826434269594314,1.9331277053551956,2.4651833362216395,0.06333174526720728,0.6550278067687576,0.5809771371903459,10000,0
query_count,Nq=10000,x_plus_z,6,ok,33.17345746870676,20,50,10000,30,0.0,1.8167587530330305,131.9290075985471,1.8347690699256052,1.9682453500956603,2.526462566017764,0.06336843022415714,0.6640363506420961,0.5970631508017878,10000,0
query_count,Nq=10000,x_plus_z,7,ok,33.17345746870676,20,50,10000,30,0.0,1.9044960472012495,138.10850956975818,1.9240834558027593,2.0603459857527886,2.624516938872538,0.06304621760897232,0.6936870761217581,0.6080084361311411,10000,0
query_count,Nq=10000,x_plus_z,8,ok,33.17345746870676,20,50,10000,30,0.0,1.843473038863674,133.7306356026331,1.8994326284066454,2.0014349502588766,2.5492101040815944,0.06289419523768777,0.6715368717747633,0.5956077397801897,10000,0
query_count,Nq=10000,x_plus_z,9,ok,33.17345746870676,20,50,10000,30,0.0,1.8381145424575756,135.03542155720106,1.8943949326590241,1.998936915704021,2.541230733441106,0.06303647488250295,0.6908499007335339,0.6042799635667967,10000,0
query_count,Nq=10000,x_plus_y,0,ok,2.562258516347068,20,50,10000,30,0.0,0.09066429132257695,0.11386709372371952,0.07816382686621814,0.09295860482357568,0.12457120712440549,0.06429386817452964,0.18386152318189145,0.11870538056799691,10000,0
query_count,Nq=10000,x_plus_y,1,ok,2.562258516347068,20,50,10000,30,0.0,0.09034802984087127,0.11374940501544524,0.07460424703912984,0.09267078941991244,0.12398510348849513,0.06424128534650828,0.18293540832521013,0.11709504321596573,10000,0
query_count,Nq=10000,x_plus_y,2,ok,2.562258516347068,20,50,10000,30,0.0,0.08846857120662967,0.1098167274298904,0.0744938381416688,0.0908723149128338,0.12166811946947964,0.06406895377012749,0.18238627528189846,0.11642018018828494,10000,0
query_count,Nq=10000,x_plus_y,3,ok,2.562258516347068,20,50,10000,30,0.0,0.09114986180376003,0.1266882607395596,0.0766605333775407,0.0939780308195346,0.1250706867341295,0.064088752790371,0.1824362756939178,0.11699134951190159,10000,0
query_count,Nq=10000,x_plus_y,4,ok,2.562258516347068,20,50,10000,30,0.0,0.08995109337972404,0.11067401346592216,0.07971511674010379,0.09222756650507276,0.12374369551194277,0.06438754722691441,0.1836672530529215,0.11809348700791604,10000,0
query_count,Nq=10000,x_plus_y,5,ok,2.562258516347068,20,50,10000,30,0.0,0.08830801016914579,0.11433777931228414,0.07382865486212285,0.09067801201092773,0.12128973117194086,0.06445884522823062,0.18136135007754625,0.11507573073765325,10000,0
query_count,Nq=10000,x_plus_y,6,ok,2.562258516347068,20,50,10000,30,0.0,0.0909711302430409,0.12835334478187813,0.07656217553846545,0.09351598471806358,0.12478725408425896,0.06420503037436463,0.18189806028518868,0.11642070301043043,10000,0
query_count,Nq=10000,x_plus_y,7,ok,2.562258516347068,20,50,10000,30,0.0,0.09105618954069346,0.11620297891825751,0.07748959625971692,0.09337796164831191,0.12499709435897868,0.06416602313468796,0.1832869795682481,0.1178373825443974,10000,0
query_count,Nq=10000,x_plus_y,8,ok,2.562258516347068,20,50,10000,30,0.0,0.08996001495898025,0.11801251345217234,0.07484133671509115,0.09254078044216187,0.1235978749113217,0.06402836586580354,0.18218629964224436,0.11653009583233648,10000,0
query_count,Nq=10000,x_plus_y,9,ok,2.562258516347068,20,50,10000,30,0.0,0.08827777324240078,0.10969268562105686,0.07517970021131752,0.09068162445490384,0.12133561363658289,0.06403801383708899,0.18223399363808615,0.11632339968722029,10000,0
noise,noise=0.01,x_x_x,0,ok,3.087206405240539,20,50,5000,30,0.01,0.11783286995931726,0.2048203723774128,0.10076624353652328,0.12134684298164064,0.1637608812485847,0.07030038670973707,0.1957696435609682,0.14081315218824567,5000,0
noise,noise=0.01,x_x_x,1,ok,3.0868643319051716,20,50,5000,30,0.01,0.11830251886388439,0.2122184095231738,0.09678367236758384,0.12147432046270255,0.1630083687809424,0.06816108790351534,0.1913163723360785,0.13961627464616327,5000,0
noise,noise=0.01,x_x_x,2,ok,3.0953060173676716,20,50,5000,30,0.01,0.11968435882757947,0.2200359720183187,0.10390669392585432,0.12334919074552668,0.1653649363685353,0.0706651021225526,0.19407515268166609,0.14221695200679105,5000,0
noise,noise=0.01,x_x_x,3,ok,3.0915147392232614,20,50,5000,30,0.01,0.11743836027591464,0.20526099378792814,0.09893412563203437,0.12061516798618098,0.16251383336634823,0.0696545306260905,0.19163645037818478,0.1380536881080037,5000,0
noise,noise=0.01,x_x_x,4,ok,3.087222381597159,20,50,5000,30,0.01,0.11374292944976905,0.17735378231711502,0.10330297318122082,0.11600246539079567,0.15796046411414358,0.06959087491219515,0.1924488786031177,0.13788769662118205,5000,0
noise,noise=0.01,x_x_x,5,ok,3.094046760800952,20,50,5000,30,0.01,0.11125013492560401,0.18880291784835446,0.09134909121493873,0.11415077254283737,0.15439850588987428,0.06988894213436188,0.18844126168286665,0.13299517380068818,5000,0
noise,noise=0.01,x_x_x,6,ok,3.0822128117252356,20,50,5000,30,0.01,0.11915492912800021,0.24366586545461713,0.0990716116623888,0.12326373875635545,0.16546216889403917,0.06989629595709734,0.19124752365979467,0.13968559147185708,5000,0
noise,noise=0.01,x_x_x,7,ok,3.1018851519932573,20,50,5000,30,0.01,0.11538503679120472,0.19199109872044748,0.09859251483706727,0.11831285588559606,0.15973606094249967,0.06898696558916892,0.19363230137337217,0.1384378313878686,5000,0
noise,noise=0.01,x_x_x,8,ok,3.097539781777699,20,50,5000,30,0.01,0.12102262690990678,0.22943170561112733,0.10278074084288605,0.12510359400205892,0.16842143246635352,0.0700101239805408,0.19442032451448238,0.14408017398705772,5000,0
noise,noise=0.01,x_x_x,9,ok,3.0931320920609653,20,50,5000,30,0.01,0.11477719820676917,0.20276670071953504,0.09492850418109372,0.11783798213047199,0.15930427375754497,0.06902983168633442,0.1924743401600989,0.13792294613296457,5000,0
noise,noise=0.01,y_y_y,0,ok,3.4448523235764283,20,50,5000,30,0.01,0.04986591567986039,0.00603072618457327,0.043049429627921715,0.05049757136758918,0.06902805095323626,0.067176984975961,0.17065890848371257,0.08752506270273232,5000,0
noise,noise=0.01,y_y_y,1,ok,3.445754277795505,20,50,5000,30,0.01,0.04907089914316925,0.005607126929986439,0.04310997231883589,0.04958538868338046,0.06787007717282215,0.06635116575736351,0.17030194830273404,0.0867277775852408,5000,0
noise,noise=0.01,y_y_y,2,ok,3.4461264244395475,20,50,5000,30,0.01,0.04883929710832599,0.005390065738933202,0.044463186417149136,0.04942068191988835,0.06776254646017538,0.06751082563750355,0.17071017886922119,0.08794468876544136,5000,0
noise,noise=0.01,y_y_y,3,ok,3.4444352408889074,20,50,5000,30,0.01,0.048594182958867485,0.0051352192055621445,0.043649078270414,0.04916092470560925,0.06733836433485804,0.0671923815956697,0.17084222226436516,0.08751910344402813,5000,0
noise,noise=0.01,y_y_y,4,ok,3.446343598733735,20,50,5000,30,0.01,0.049198366648454506,0.005539038844114339,0.04256637513032509,0.049767571213517506,0.06821021527267786,0.06696400279969664,0.16812162128506,0.08663241325591779,5000,0
noise,noise=0.01,y_y_y,5,ok,3.445062662013631,20,50,5000,30,0.01,0.04838416486615913,0.005148618302288103,0.04190419447119375,0.04896515571632876,0.06700696139853363,0.06743973606207171,0.16689694504030336,0.08650010060791567,5000,0
noise,noise=0.01,y_y_y,6,ok,3.445986887360637,20,50,5000,30,0.01,0.04874611307572452,0.005502983871133003,0.043204602749953615,0.04930848480453539,0.06759363710197902,0.06759803598866371,0.16922010402963536,0.08673906074689207,5000,0
noise,noise=0.01,y_y_y,7,ok,3.445691671583044,20,50,5000,30,0.01,0.04828121007974505,0.005496367651287965,0.042582913046813976,0.048860918126851165,0.06699039722091295,0.06679567154733729,0.16590470617265637,0.08590203661916128,5000,0
noise,noise=0.01,y_y_y,8,ok,3.4452470600871656,20,50,5000,30,0.01,0.04930182693156577,0.005720141688381196,0.043300236461657676,0.049900049889845005,0.06828016938630858,0.0672195289002128,0.16755496795909974,0.08730149979631255,5000,0
noise,noise=0.01,y_y_y,9,ok,3.4441968600138075,20,50,5000,30,0.01,0.04847656135221098,0.005077882670440533,0.04182814005315047,0.04901528915617239,0.06719506011830777,0.06724724827820618,0.16559981356975054,0.08588214413117577,5000,0
noise,noise=0.01,z_z_z,0,ok,2.2458490664259716,20,50,5000,30,0.01,3.5774648298441867,195.24198000570698,3.1682843031638948,3.637734472401145,4.955971335977091,0.19294023295408752,4.69883373410719,4.979936941748651,5000,0
noise,noise=0.01,z_z_z,1,ok,2.263328255332294,20,50,5000,30,0.01,3.57421130960148,206.35769433875163,3.1161724584668136,3.6446037831652545,4.946794143597475,0.19529841208685242,4.553293568600886,5.029329178023661,5000,0
noise,noise=0.01,z_z_z,2,ok,2.2493276446610984,20,50,5000,30,0.01,3.641081935442672,211.28096680785535,3.2814825365748637,3.717006480666536,5.042287434324623,0.20011825842353584,4.795981186202203,5.118388794551976,5000,0
noise,noise=0.01,z_z_z,3,ok,2.2671420853719595,20,50,5000,30,0.01,3.5608447914133,206.24417120339618,3.042831125226419,3.618227694803794,4.923453641281371,0.1927094117310455,4.354121661682334,4.895103848505695,5000,0
noise,noise=0.01,z_z_z,4,ok,2.2496880433062287,20,50,5000,30,0.01,3.522026571613517,190.11721688232495,3.1423218254213565,3.5688355567876977,4.888532993636439,0.19524335154468658,4.402597181484233,4.827024264236298,5000,0
noise,noise=0.01,z_z_z,5,ok,2.2068984908069487,20,50,5000,30,0.01,3.3271871496781458,179.85888608461423,2.778786966768893,3.3862954815412194,4.613623971936078,0.19629032493418955,4.108532286217212,4.502513288937619,5000,0
noise,noise=0.01,z_z_z,6,ok,2.2475370276013447,20,50,5000,30,0.01,3.638240498852811,221.14592773706116,3.143412931238498,3.712959637285961,5.04201690942586,0.19627958832372627,4.544183202410729,4.995598251568385,5000,0
noise,noise=0.01,z_z_z,7,ok,2.2528497548467037,20,50,5000,30,0.01,3.4750847763613937,187.97987794904353,3.1603307672908945,3.5248897177452614,4.817238840729785,0.19347637852157296,4.630052938948351,4.839301966992138,5000,0
noise,noise=0.01,z_z_z,8,ok,2.269521227988182,20,50,5000,30,0.01,3.680252470678286,224.47948036405427,3.2008250511212473,3.7721878782345857,5.102579609574885,0.19970640090905437,4.721033242676221,5.447959990807078,5000,0
noise,noise=0.01,z_z_z,9,ok,2.2857293898260784,20,50,5000,30,0.01,3.5309021580713438,197.15769693531544,2.9790471832416805,3.59149584103908,4.893451811247273,0.19977054639308994,4.589521656162477,4.8319431095533565,5000,0
noise,noise=0.01,y_z_y,0,ok,45.93759200440899,20,50,5000,30,0.01,4.243446741926724,276.8520326183334,4.2675903059722256,4.370704235069658,5.16567948925867,0.16835148121365712,0.8691926058940801,0.5548606416457584,5000,0
noise,noise=0.01,y_z_y,1,ok,45.55071055921453,20,50,5000,30,0.01,4.022468982430721,263.4822510273491,3.946228418084929,4.148702554828487,4.888848398410173,0.16614735431381808,0.8431825656366516,0.5479596203921631,5000,0
noise,noise=0.01,y_z_y,2,ok,45.92299374448506,20,50,5000,30,0.01,4.311231624373876,284.87469282037335,4.297877270748787,4.439379080329758,5.224450541745202,0.16896027280978507,0.840134977030236,0.5588350608932265,5000,0
noise,noise=0.01,y_z_y,3,ok,44.95375529978497,20,50,5000,30,0.01,3.8786186877817412,249.81067474592373,3.9516180701085846,3.9987886431970576,4.723708284389699,0.16831553743602384,0.7940400572400842,0.5278153209638189,5000,0
noise,noise=0.01,y_z_y,4,ok,45.66804543992258,20,50,5000,30,0.01,3.9034945530543466,247.8127223246201,3.9779677962507862,4.010739323540688,4.745133716116365,0.16739877033734207,0.7770842844577903,0.5314074285952168,5000,0
noise,noise=0.01,y_z_y,5,ok,46.171669129048325,20,50,5000,30,0.01,3.8291738677083353,253.0024191157313,3.8628887241780916,3.945501912866086,4.650688175438442,0.16960785664284056,0.7625269883080277,0.5292023930179974,5000,0
noise,noise=0.01,y_z_y,6,ok,45.41445353058405,20,50,5000,30,0.01,3.929846192775859,251.1030531054088,3.846400004896937,4.04793171885516,4.789683064665276,0.16885045374059052,0.7939387624788773,0.5401952069227817,5000,0
noise,noise=0.01,y_z_y,7,ok,45.74710273743502,20,50,5000,30,0.01,4.117847758463894,271.0624774959544,4.100332639490963,4.246603199562024,5.005684137980209,0.16650475656501254,0.8476543993739307,0.5421527825421625,5000,0
noise,noise=0.01,y_z_y,8,ok,45.34509719719105,20,50,5000,30,0.01,4.098320456370774,265.6512728581531,4.004626600009336,4.228434315423456,4.99573011733216,0.16909799449340282,0.8580115982374903,0.5633134457156642,5000,0
noise,noise=0.01,y_z_y,9,ok,46.184725072095176,20,50,5000,30,0.01,4.039567863293319,262.7815019803715,4.055047401154129,4.163926117735806,4.923128764402294,0.1687548848640374,0.8675809046499227,0.5513968773469272,5000,0
noise,noise=0.01,x_y_x,0,ok,3.595470782457204,20,50,5000,30,0.01,0.05002238871981558,0.005888702083897588,0.043984611501730594,0.05067882209195996,0.0693103454734555,0.06741026628191968,0.17079506814149475,0.0881792718846497,5000,0
noise,noise=0.01,x_y_x,1,ok,3.5965375299265463,20,50,5000,30,0.01,0.049213753029058,0.0055089819150857455,0.04381465265277665,0.049744424469919904,0.06822475012208967,0.06648602775342294,0.17003127346241656,0.08753515089773829,5000,0
noise,noise=0.01,x_y_x,2,ok,3.594201814176645,20,50,5000,30,0.01,0.04937032398143089,0.005630300103661442,0.04482507834050914,0.049933166491824714,0.06846443891658305,0.06730966999189908,0.16970284861250462,0.08867672954881166,5000,0
noise,noise=0.01,x_y_x,3,ok,3.5966478893458085,20,50,5000,30,0.01,0.04880633159035613,0.005210522465749419,0.04428449478337646,0.049396076514870026,0.0676929037224537,0.0674802152362007,0.16903761207782442,0.08810506297449883,5000,0
noise,noise=0.01,x_y_x,4,ok,3.596227694194952,20,50,5000,30,0.01,0.049335651886733174,0.005329164123496341,0.04310235729257082,0.049875169523567194,0.0683708898933264,0.06745287206634504,0.1678754350106586,0.0871824719920348,5000,0
noise,noise=0.01,x_y_x,5,ok,3.596787101632756,20,50,5000,30,0.01,0.048545519245042565,0.004982771613232515,0.0423414122544156,0.04909301492107113,0.06728043197449324,0.06759659835995524,0.16574099831895184,0.08707723711438822,5000,0
noise,noise=0.01,x_y_x,6,ok,3.596479398849269,20,50,5000,30,0.01,0.048964324552751716,0.005420185994365314,0.043767506668238386,0.04952467049573429,0.06793683101757982,0.06727602664013758,0.1669807073079592,0.08751812121224437,5000,0
noise,noise=0.01,x_y_x,7,ok,3.596876664436514,20,50,5000,30,0.01,0.04873225257959781,0.005635326391121707,0.04272079825718796,0.049329905854733444,0.06760229462694617,0.0669467666844192,0.1660920728449124,0.0867060988249754,5000,0
noise,noise=0.01,x_y_x,8,ok,3.5956369797974683,20,50,5000,30,0.01,0.04997091337315854,0.0062295092262940645,0.04352933025959052,0.05063889189231164,0.0691614064504669,0.06757802690301587,0.16635014858510533,0.08804371084155482,5000,0
noise,noise=0.01,x_y_x,9,ok,3.59458323116703,20,50,5000,30,0.01,0.04906371059310224,0.005570280844838164,0.042188008271052235,0.0497130332134984,0.06810931002728356,0.06726165327486594,0.1661719352526296,0.08658954947238262,5000,0
noise,noise=0.01,x_y_y,0,ok,141.13030944037325,20,50,5000,30,0.01,0.051308423693504836,0.008347198356340511,0.05454946143034301,0.054317940646027206,0.07200477285556114,0.06697648688468177,0.11971494163380172,0.0747158676352907,5000,0
noise,noise=0.01,x_y_y,1,ok,141.60386203178007,20,50,5000,30,0.01,0.05042184772946437,0.008218325212826722,0.054482211206064834,0.05347047525233966,0.0709149354728336,0.06588634139102871,0.11684206948609935,0.07410167408886098,5000,0
noise,noise=0.01,x_y_y,2,ok,142.0754866884493,20,50,5000,30,0.01,0.04999383458059271,0.007638546782687371,0.05454097548538331,0.05276161504902766,0.07032729607207096,0.0664337860516184,0.1231721378837897,0.07465615729580939,5000,0
noise,noise=0.01,x_y_y,3,ok,141.93328861819478,20,50,5000,30,0.01,0.05081497069290465,0.008203748136147144,0.05433983765322093,0.053864875509684794,0.07150527597886816,0.06616124743303681,0.12366118635616356,0.07485280155825323,5000,0
noise,noise=0.01,x_y_y,4,ok,142.13645279417017,20,50,5000,30,0.01,0.05110505032768298,0.008491071259979924,0.05375162390810952,0.05430720974946421,0.07197007217421932,0.06660694184769193,0.11966844379760645,0.07447706034535231,5000,0
noise,noise=0.01,x_y_y,5,ok,141.05203914364768,20,50,5000,30,0.01,0.049902712775961,0.007848536619191944,0.05348200143005863,0.05288410337372958,0.07041021401302296,0.06648339646043383,0.12284750767834245,0.07459071178573083,5000,0
noise,noise=0.01,x_y_y,6,ok,140.8367427133038,20,50,5000,30,0.01,0.05093627629969361,0.008460975133708882,0.054732863791888416,0.05419618544199176,0.07188226960072032,0.06660870611794167,0.11392899171506911,0.07437033621572905,5000,0
noise,noise=0.01,x_y_y,7,ok,140.0876545317329,20,50,5000,30,0.01,0.0499689318946855,0.007849720033629413,0.05285608651954094,0.05283667425518106,0.07029943050489341,0.06568248898466819,0.11363362961229288,0.07359336157324706,5000,0
noise,noise=0.01,x_y_y,8,ok,141.00572319827242,20,50,5000,30,0.01,0.0510821069189954,0.008533544309721128,0.054617534651288165,0.054308072713720276,0.07196747384705182,0.06640896569317062,0.11667822537862445,0.07417776123221671,5000,0
noise,noise=0.01,x_y_y,9,ok,142.0777344932614,20,50,5000,30,0.01,0.049593993252233376,0.007804634593350157,0.05203056836393084,0.05241012608020396,0.06979851935363945,0.06586881348313256,0.11275229813302466,0.07342409944836234,5000,0
noise,noise=0.01,y_z_z,0,ok,65.74766474664085,20,50,5000,30,0.01,2.669508055079472,122.37158768791444,2.647987010442812,2.7024502596575313,3.6914824457052497,0.20842119498294032,3.412873709484339,2.869534113185752,5000,0
noise,noise=0.01,y_z_z,1,ok,65.44298754671692,20,50,5000,30,0.01,2.6723422999333715,133.36214290783752,2.601707513199831,2.7092135518995493,3.6683478784266605,0.20434555420871062,3.1476224128084676,2.8545075860157416,5000,0
noise,noise=0.01,y_z_z,2,ok,65.42128567797977,20,50,5000,30,0.01,2.693343811070997,130.5146071627934,2.882691823798084,2.725239612870539,3.722427196182219,0.21011327460639856,3.3233881732359056,2.8828176342779077,5000,0
noise,noise=0.01,y_z_z,3,ok,65.56916620417955,20,50,5000,30,0.01,2.7346933955729678,151.01573720804964,2.6133141331924388,2.7765336973222325,3.765495042289258,0.20616907696623377,3.0540210228915474,2.7801514689253577,5000,0
noise,noise=0.01,y_z_z,4,ok,65.56319330862432,20,50,5000,30,0.01,2.6122903929252423,120.15258780100899,2.6010180255625195,2.6397857602867383,3.621175152574506,0.20767332647777687,2.947996279713116,2.728232705389512,5000,0
noise,noise=0.01,y_z_z,5,ok,65.08269029093826,20,50,5000,30,0.01,2.512223443127299,116.71063121771063,2.3737361956373335,2.5424437944858753,3.4856915365855077,0.2072550085965576,2.8388152348403186,2.5440426490057977,5000,0
noise,noise=0.01,y_z_z,6,ok,66.47034555230907,20,50,5000,30,0.01,2.5989855125735266,116.45636104684388,2.981337850744561,2.6308214899450584,3.5970874267586974,0.20869047450955708,3.2275406711568624,2.8270383791977216,5000,0
noise,noise=0.01,y_z_z,7,ok,65.2631432716117,20,50,5000,30,0.01,2.619402933033525,127.99869192203833,2.5945235559347237,2.65389380022045,3.6223021634788375,0.2063861419628682,3.458065776065588,2.7443413752899666,5000,0
noise,noise=0.01,y_z_z,8,ok,67.06543901572121,20,50,5000,30,0.01,2.795981401294322,146.01627962989122,2.84072576131027,2.852685915677565,3.8716468710587186,0.2104695325427845,3.4660723933954105,3.10337592555632,5000,0
noise,noise=0.01,y_z_z,9,ok,66.63101982443526,20,50,5000,30,0.01,2.686121418023038,135.04693003952102,2.5061354000966336,2.724097451429771,3.713267626060299,0.21041381853034272,3.240674594119795,2.803301123492501,5000,0
noise,noise=0.01,x_z_z,0,ok,69.49972949576998,20,50,5000,30,0.01,2.6224085801122796,118.09743466472838,2.596017937188073,2.6543199497118124,3.626965611174736,0.17711039741953175,3.465220601551837,2.786937773672094,5000,0
noise,noise=0.01,x_z_z,1,ok,70.86562062656634,20,50,5000,30,0.01,2.6889780920512694,136.77357140524833,2.6175516291374965,2.728988072892681,3.691863986168259,0.17782795489678088,3.189331927116883,2.829812473034507,5000,0
noise,noise=0.01,x_z_z,2,ok,70.47687629686907,20,50,5000,30,0.01,2.675433231643504,129.14268394992942,2.8770249005749604,2.707963494907569,3.6984292343623513,0.17905090289490205,3.3328037035682687,2.8547507513822996,5000,0
noise,noise=0.01,x_z_z,3,ok,70.97694301055614,20,50,5000,30,0.01,2.7389863024979255,152.42049932474103,2.628939336924714,2.783759698288519,3.7814295318790596,0.17570331756108803,2.9502301345764015,2.723621875247236,5000,0
noise,noise=0.01,x_z_z,4,ok,70.96082948713854,20,50,5000,30,0.01,2.6086257906055548,119.90786189068909,2.6131193319450072,2.639428539030256,3.620696528278211,0.17784779342621365,2.975445545068229,2.7056655227967856,5000,0
noise,noise=0.01,x_z_z,5,ok,70.48011265770067,20,50,5000,30,0.01,2.5228296621386814,117.89955431994666,2.371408647649052,2.5540615431939457,3.4983318633917437,0.17723769670981043,2.756388099218771,2.530451124854324,5000,0
noise,noise=0.01,x_z_z,6,ok,71.52628770553369,20,50,5000,30,0.01,2.6085274900510145,117.0840001085307,2.973153752432696,2.6403277904925404,3.610910271155354,0.17825802399796378,3.273503354642659,2.8024061817520964,5000,0
noise,noise=0.01,x_z_z,7,ok,70.61021603522256,20,50,5000,30,0.01,2.6317459567934094,130.59701250888872,2.6005683161284305,2.667396113654465,3.6375180732091095,0.17669879824614215,3.3777293484890993,2.7192761870257067,5000,0
noise,noise=0.01,x_z_z,8,ok,70.23341710231291,20,50,5000,30,0.01,2.7234967890258015,137.3100053244175,2.755175022225728,2.777990307012863,3.7686381757753713,0.18213010906912344,3.3995060361638383,3.009408886765948,5000,0
noise,noise=0.01,x_z_z,9,ok,70.05780091069032,20,50,5000,30,0.01,2.624912871420725,128.65889113705057,2.4562334494702927,2.6619487709338028,3.6269442928673614,0.17702126757770179,3.233691257641625,2.7212323546838384,5000,0
noise,noise=0.01,x_z_x,0,ok,52.53097462451289,20,50,5000,30,0.01,4.141263527342211,266.3291768026681,4.142341362859802,4.276052673041976,5.055130715361927,0.16162281360831018,0.8479328832553266,0.5409092961287675,5000,0
noise,noise=0.01,x_z_x,1,ok,53.5399443413215,20,50,5000,30,0.01,4.045040425655481,267.99652095153374,3.981535526944547,4.177644168750151,4.926922353091024,0.16120718906765036,0.8272342279704353,0.5468571940426012,5000,0
noise,noise=0.01,x_z_x,2,ok,52.911903559916524,20,50,5000,30,0.01,4.2542945907256975,279.4405197834693,4.224536692232774,4.383379736264755,5.163155528924065,0.1635266093218935,0.8603594169698933,0.5501182651615227,5000,0
noise,noise=0.01,x_z_x,3,ok,53.157120286577054,20,50,5000,30,0.01,3.938824930964502,257.77731836044944,4.019001300148006,4.066665223904519,4.802293264293149,0.16132509611478008,0.7922997086092679,0.5267458897081576,5000,0
noise,noise=0.01,x_z_x,4,ok,53.991176614348255,20,50,5000,30,0.01,3.975881605823543,256.65780475549985,4.044706340916199,4.090937176268203,4.837473569645903,0.16210212759954745,0.7751116190339775,0.5317347609057846,5000,0
noise,noise=0.01,x_z_x,5,ok,52.9319548314923,20,50,5000,30,0.01,3.767082125055739,246.0787642809731,3.781818091817168,3.886871005343209,4.579079283350667,0.1622181602249842,0.7596624573316627,0.5174905642812893,5000,0
noise,noise=0.01,x_z_x,6,ok,52.46531611899169,20,50,5000,30,0.01,3.8841962871359805,246.90400750590638,3.8033827977527648,4.00349952622984,4.737920593697574,0.16354345444094257,0.7980380336487937,0.5318559751398642,5000,0
noise,noise=0.01,x_z_x,7,ok,53.36489748543106,20,50,5000,30,0.01,4.1176120214675915,271.59277226948046,4.078385764518433,4.251448458043698,5.008565573869736,0.1594540430175897,0.8316371535694774,0.5350523287623281,5000,0
noise,noise=0.01,x_z_x,8,ok,53.655373567248056,20,50,5000,30,0.01,4.166629204442953,274.71250642667644,4.060717437641929,4.298359706870797,5.078133032234491,0.16543683773223877,0.878580450047001,0.565670979249646,5000,0
noise,noise=0.01,x_z_x,9,ok,52.89707916275596,20,50,5000,30,0.01,3.9570997767282186,253.57378804631037,3.9423633696335543,4.081949608967013,4.82710341459348,0.16087018158240945,0.8417137478854338,0.5389007619013875,5000,0
noise,noise=0.01,y_plus_z,0,ok,14.050134924433248,20,50,5000,30,0.01,0.8250833771171107,20.820984126375926,0.6678068764383964,0.8701089812569774,1.165358592457156,0.1065023249404011,0.4101321614433035,0.5203020223777403,5000,0
noise,noise=0.01,y_plus_z,1,ok,14.025837445829316,20,50,5000,30,0.01,0.8207192603447218,21.822931702184167,0.6756562037223164,0.8719897538739966,1.161396345201016,0.10466077149256958,0.37571337033578706,0.5343210840563403,5000,0
noise,noise=0.01,y_plus_z,2,ok,14.006792857870128,20,50,5000,30,0.01,0.8228248387310166,20.60152577657039,0.7000189555312044,0.8718556784501071,1.1677925509971785,0.10557791266813599,0.4252493884420717,0.5354652646857084,5000,0
noise,noise=0.01,y_plus_z,3,ok,13.963980490531815,20,50,5000,30,0.01,0.7920751319582754,20.88708451866071,0.6466177913146293,0.843888331886798,1.126581301187454,0.10559451415784943,0.3686063143041327,0.5171346927740931,5000,0
noise,noise=0.01,y_plus_z,4,ok,13.955850609257176,20,50,5000,30,0.01,0.8013933886725315,19.727049317998674,0.653878092203156,0.8443568865953239,1.1337526191002776,0.10583093775792371,0.3604718474037391,0.5112280794424944,5000,0
noise,noise=0.01,y_plus_z,5,ok,14.06643931253775,20,50,5000,30,0.01,0.7572128809338058,18.99116593760428,0.593932077314161,0.7975701901836879,1.0701788484764532,0.10682333733598053,0.3451056238645196,0.49711950961025214,5000,0
noise,noise=0.01,y_plus_z,6,ok,13.989962077739083,20,50,5000,30,0.01,0.8062204243377087,19.97408311032986,0.664413196908584,0.8492475197833698,1.1437687524221314,0.10636411113204926,0.38158346200678356,0.5334573498809314,5000,0
noise,noise=0.01,y_plus_z,7,ok,13.992861648934834,20,50,5000,30,0.01,0.7886346623400555,19.686697286681518,0.6184533062013746,0.831885079503413,1.113555527150255,0.10470691842172399,0.417524654259162,0.5107569165323639,5000,0
noise,noise=0.01,y_plus_z,8,ok,13.971908927485222,20,50,5000,30,0.01,0.8790279724973996,24.811269564331685,0.6749602192415906,0.9408486392490973,1.2412073835585662,0.10579590943449196,0.397860555793522,0.5693650033900635,5000,0
noise,noise=0.01,y_plus_z,9,ok,13.982899160012211,20,50,5000,30,0.01,0.7998478591091438,19.912626930188363,0.6235542786036457,0.8403231165002344,1.1271731473655497,0.10736812330694588,0.3807790743913485,0.5156713672458941,5000,0
noise,noise=0.01,x_plus_z,0,ok,31.663729539381272,20,50,5000,30,0.01,1.910918240169171,121.08298724560524,1.8999296365564624,2.0547026055877344,2.660558462252424,0.13887491098796703,0.677470230833326,0.6618291337312857,5000,0
noise,noise=0.01,x_plus_z,1,ok,31.645621223558596,20,50,5000,30,0.01,1.9463902983344528,126.93291474917815,2.0850034204444543,2.1153371179524396,2.7086291364405546,0.13791736491145967,0.6257332583623865,0.646745636439546,5000,0
noise,noise=0.01,x_plus_z,2,ok,31.653839482524944,20,50,5000,30,0.01,1.9172640801469352,120.87345335079804,2.0718839565788274,2.078087765014937,2.670255503792316,0.1387095436532397,0.7058272129030658,0.668613593302417,5000,0
noise,noise=0.01,x_plus_z,3,ok,31.924943059113367,20,50,5000,30,0.01,1.9245412750750317,126.19006887138598,1.9008841625154942,2.0786448527276877,2.6696868599888477,0.13761631791591727,0.627523856305268,0.653337385706055,5000,0
noise,noise=0.01,x_plus_z,4,ok,31.50227494996588,20,50,5000,30,0.01,1.8719850232011561,115.14918440716868,1.857091346340126,2.0154328555602925,2.5973923843686753,0.1381600429393328,0.5941209087341016,0.6489030835734706,5000,0
noise,noise=0.01,x_plus_z,5,ok,31.561653039920735,20,50,5000,30,0.01,1.6868567239275694,97.80408547321584,1.6899929423208537,1.81191839138836,2.360044741930457,0.13926455973084764,0.5975052111590032,0.5985147445143023,5000,0
noise,noise=0.01,x_plus_z,6,ok,31.463408279691834,20,50,5000,30,0.01,1.8656277572622686,118.14067885259294,1.9226107245832784,2.012636066221,2.6082125907687215,0.1384398165506271,0.6563899080073401,0.6488261175349358,5000,0
noise,noise=0.01,x_plus_z,7,ok,31.512837903455797,20,50,5000,30,0.01,1.8500030269060985,116.47099457413408,1.7956088999281077,1.9875732095850145,2.567899971669109,0.13798345984801835,0.6846686573907288,0.6370250371269244,5000,0
noise,noise=0.01,x_plus_z,8,ok,31.529056185326876,20,50,5000,30,0.01,2.0167121782224897,129.87738722097612,2.138252452335121,2.1730676731128296,2.785240552974398,0.13874117626171115,0.664800577869794,0.6650613861215114,5000,0
noise,noise=0.01,x_plus_z,9,ok,31.668943539361504,20,50,5000,30,0.01,1.8541845332705649,116.58492022707313,1.87456670389103,2.003520383762979,2.5810593799109074,0.1382567057751215,0.6577804706883426,0.6382456076909706,5000,0
noise,noise=0.01,x_plus_y,0,ok,2.556540902033815,20,50,5000,30,0.01,0.09622389420447161,0.10820396001437543,0.08735035268206554,0.09835398308041003,0.13313403307200988,0.06793775842907625,0.1890967277192841,0.12225766972124202,5000,0
noise,noise=0.01,x_plus_y,1,ok,2.563678796240477,20,50,5000,30,0.01,0.09623124897301247,0.11942372110517235,0.08422665757158128,0.09886083699904434,0.1332741069028796,0.06627455449882955,0.18393007788325547,0.12109866012887792,5000,0
noise,noise=0.01,x_plus_y,2,ok,2.558182024717911,20,50,5000,30,0.01,0.09656454266711625,0.11875078326481721,0.08877925988874463,0.09941824639021957,0.13416541992492276,0.06755106868713039,0.1875934743196315,0.12281855675388534,5000,0
noise,noise=0.01,x_plus_y,3,ok,2.555819268812864,20,50,5000,30,0.01,0.09472423525178554,0.1106243047875561,0.08545104552816438,0.09697044649357922,0.13155590053841265,0.06722713970637245,0.1843354988754427,0.11943279778087301,5000,0
noise,noise=0.01,x_plus_y,4,ok,2.557017699068223,20,50,5000,30,0.01,0.0935878684830529,0.09833753833577537,0.08667643219145701,0.09536367866270393,0.12977245618539568,0.06708774120799438,0.18427280422205478,0.12020739772756238,5000,0
noise,noise=0.01,x_plus_y,5,ok,2.562855494507558,20,50,5000,30,0.01,0.09215696758690319,0.10618668473787048,0.07954413262091356,0.09427826857596781,0.12792917041551463,0.06699653424362528,0.17895705997356892,0.1155051633483983,5000,0
noise,noise=0.01,x_plus_y,6,ok,2.556603169387074,20,50,5000,30,0.01,0.09929213766769333,0.14484461164627074,0.08665666221185751,0.10242614175759668,0.13688075148101897,0.06736741748685877,0.1835001569435124,0.121240994176019,5000,0
noise,noise=0.01,x_plus_y,7,ok,2.5604517648731644,20,50,5000,30,0.01,0.09550401651436695,0.11275391058962839,0.08441424502208618,0.09753585471904502,0.13216465607964373,0.06698309917259423,0.1836928637617535,0.11875670594582168,5000,0
noise,noise=0.01,x_plus_y,8,ok,2.560371266295219,20,50,5000,30,0.01,0.09817498755402054,0.1204903050769963,0.08901763908930702,0.10089812217896175,0.13631464194640494,0.06740686763665968,0.18544907304129032,0.12361077273841402,5000,0
noise,noise=0.01,x_plus_y,9,ok,2.554777579563909,20,50,5000,30,0.01,0.09394809664940701,0.11006268641414492,0.08097793835742861,0.09598963951140328,0.13022788516370482,0.06682732206368304,0.18480949595629456,0.1188069784184475,5000,0
noise,noise=0.05,x_x_x,0,ok,3.127421279699695,20,50,5000,30,0.05,0.19214247787385139,0.23241947564101048,0.17465643796121055,0.1956641210066824,0.27178399284692145,0.10871603574369301,0.21422033961353498,0.17182131406167273,5000,0
noise,noise=0.05,x_x_x,1,ok,3.10468474115199,20,50,5000,30,0.05,0.19162330779404002,0.23298629561618273,0.17077924246707898,0.1948230339782223,0.26961278670552774,0.1081963510491535,0.20863827903775362,0.171274787254126,5000,0
noise,noise=0.05,x_x_x,2,ok,3.117680816835827,20,50,5000,30,0.05,0.1922867112718441,0.24326252175798263,0.17489803982217167,0.1961935650514456,0.27157862948364614,0.10796037649825621,0.21170090863279065,0.17196335048403746,5000,0
noise,noise=0.05,x_x_x,3,ok,3.1442005963955793,20,50,5000,30,0.05,0.19395609138399814,0.23840018150282238,0.17266435268934485,0.19687016356184714,0.2731633626636483,0.10979186002527541,0.20671295249644014,0.1703163083544669,5000,0
noise,noise=0.05,x_x_x,4,ok,3.1192097145147555,20,50,5000,30,0.05,0.1880709599608746,0.200803062698873,0.17637771790097595,0.19038626332391897,0.2660514481768225,0.10786179005856328,0.20913752402071462,0.1687750895187695,5000,0
noise,noise=0.05,x_x_x,5,ok,3.128931478410212,20,50,5000,30,0.05,0.18601006869777925,0.21558776636360544,0.16471122772807467,0.1889627469094881,0.2628829359639299,0.10753954719740941,0.20030772197630553,0.1635851537627912,5000,0
noise,noise=0.05,x_x_x,6,ok,3.128204959034756,20,50,5000,30,0.05,0.1944340115361171,0.2769650629527623,0.1714633832021806,0.1984720988744069,0.27426343258233654,0.10839429220628874,0.2095439863582214,0.17151758595098254,5000,0
noise,noise=0.05,x_x_x,7,ok,3.1172351995902887,20,50,5000,30,0.05,0.18838449046315853,0.21170667311140268,0.1730524570243022,0.19104107224496178,0.26568550659334433,0.10786657931899174,0.2118442038926057,0.16968648885965104,5000,0
noise,noise=0.05,x_x_x,8,ok,3.133702136256178,20,50,5000,30,0.05,0.1949485262904365,0.2538871311218483,0.17767078596992947,0.19875755203616427,0.2756839482981338,0.10853882850467927,0.20938609065688055,0.17542309879305654,5000,0
noise,noise=0.05,x_x_x,9,ok,3.124547818300272,20,50,5000,30,0.05,0.18767780895461228,0.22162249470665193,0.1682065232735018,0.19057215364999192,0.2657347455975521,0.1087048663928879,0.20639607461147216,0.16957256323976272,5000,0
noise,noise=0.05,y_y_y,0,ok,3.4287112932714443,20,50,5000,30,0.05,0.09568109704716965,0.014092708493633551,0.09037755270632536,0.09641101750353502,0.13640763548725326,0.08981047991040653,0.17668798819060091,0.10637541937370766,5000,0
noise,noise=0.05,y_y_y,1,ok,3.423131740900471,20,50,5000,30,0.05,0.09420982270548722,0.013333208270463552,0.09040204561294966,0.09485142707674173,0.13436074898524858,0.08940576723325282,0.1703242336016818,0.10582984569107382,5000,0
noise,noise=0.05,y_y_y,2,ok,3.427918180445582,20,50,5000,30,0.05,0.09436350557751202,0.013373414582712729,0.09058302320521236,0.09505250405384384,0.13459619399775846,0.08999552052524565,0.17499848768676685,0.10674299652155994,5000,0
noise,noise=0.05,y_y_y,3,ok,3.426982055943686,20,50,5000,30,0.05,0.09486566136640759,0.012992489419260471,0.09175359287585087,0.0955029760655393,0.1352304173626355,0.09045100401668228,0.1736133359277121,0.10633732858517153,5000,0
noise,noise=0.05,y_y_y,4,ok,3.4270338564411316,20,50,5000,30,0.05,0.09503257686366126,0.013390569277594312,0.08894791659040739,0.09568019396782337,0.135364179672376,0.09021170998393505,0.17538669351871491,0.10584946317327797,5000,0
noise,noise=0.05,y_y_y,5,ok,3.4264928628164775,20,50,5000,30,0.05,0.09411672893886452,0.012819150707666592,0.08909126428342162,0.09473431877753744,0.1342892664046482,0.09037937409373545,0.1679066674234205,0.105479153279104,5000,0
noise,noise=0.05,y_y_y,6,ok,3.4242235938567607,20,50,5000,30,0.05,0.09448814924401873,0.013036665269468454,0.09041682855074878,0.09509933227937256,0.13475726219873158,0.09103168933260808,0.1708498970944557,0.10638252777962093,5000,0
noise,noise=0.05,y_y_y,7,ok,3.4202869347075313,20,50,5000,30,0.05,0.09469589621432911,0.013238432958564908,0.0900142281394997,0.09536318342742368,0.13500354469955742,0.09058833929025986,0.16884536846486317,0.10575229682699522,5000,0
noise,noise=0.05,y_y_y,8,ok,3.4247187256331206,20,50,5000,30,0.05,0.09452126402747679,0.01338007673269174,0.09047933686255052,0.0951705086254554,0.13468134278434285,0.09002920077166854,0.17002566440879147,0.10578754863283749,5000,0
noise,noise=0.05,y_y_y,9,ok,3.418141111981861,20,50,5000,30,0.05,0.09389777278929123,0.012816683486308642,0.08862425920239095,0.09448996410827062,0.13380932233971704,0.08969540117402504,0.16544790178132143,0.10550425663156839,5000,0
noise,noise=0.05,z_z_z,0,ok,1.8641295862160117,20,50,5000,30,0.05,1.6592040244527277,14.205047030510253,1.533699177218397,1.6746246418587205,2.3324948882621372,0.22039642611725851,1.522479140726316,1.4422713868301784,5000,0
noise,noise=0.05,z_z_z,1,ok,1.8592847527758718,20,50,5000,30,0.05,1.6487843176262147,14.105284143562045,1.5165780145641252,1.6648644086329019,2.316972335300114,0.21876518141278625,1.4789478989268152,1.4397237189760006,5000,0
noise,noise=0.05,z_z_z,2,ok,1.8529572965536558,20,50,5000,30,0.05,1.6668606221239053,14.644340599132816,1.553201559272558,1.6824827900276453,2.3391794819892247,0.22114602818138512,1.5700862601153847,1.4660941643926884,5000,0
noise,noise=0.05,z_z_z,3,ok,1.8528054608546196,20,50,5000,30,0.05,1.634567904673556,13.74378317747999,1.5072260816951846,1.6480026132761296,2.2960359742241407,0.219373661454006,1.4435681384824945,1.3983170956019226,5000,0
noise,noise=0.05,z_z_z,4,ok,1.8644250416861352,20,50,5000,30,0.05,1.6523068798658422,13.685437006807362,1.5404782336230525,1.665740524636046,2.3313573508832532,0.2215231054417958,1.4146929674286948,1.4047003176861113,5000,0
noise,noise=0.05,z_z_z,5,ok,1.8620323094462075,20,50,5000,30,0.05,1.6051031271125027,13.051764646785132,1.4558601854804238,1.6204316221245711,2.2599713729093907,0.21682400407559563,1.4168180187091983,1.3278797934907378,5000,0
noise,noise=0.05,z_z_z,6,ok,1.8560071813460524,20,50,5000,30,0.05,1.6889809366696926,15.73620376860759,1.5416356631983246,1.7060101820976117,2.372871534899815,0.22074630497375003,1.5404122215667495,1.440299276239124,5000,0
noise,noise=0.05,z_z_z,7,ok,1.868881351490599,20,50,5000,30,0.05,1.6382280985509872,13.705091166262722,1.5603100876164693,1.6523759160461722,2.3067441882762467,0.21884462853246822,1.5040979472053515,1.4077147776959482,5000,0
noise,noise=0.05,z_z_z,8,ok,1.864486540654348,20,50,5000,30,0.05,1.697942835605871,16.376464171901716,1.5540430252708242,1.7184957851920295,2.3813059866351134,0.22130596635314934,1.5243177297022354,1.5520656563461166,5000,0
noise,noise=0.05,z_z_z,9,ok,1.87090665632246,20,50,5000,30,0.05,1.6482642262464025,14.164674358327984,1.501482133873487,1.6623078033411351,2.3177983869175445,0.22408269246567813,1.5294961687348727,1.410353107221256,5000,0
noise,noise=0.05,y_z_y,0,ok,16.038170332987963,20,50,5000,30,0.05,1.5512756487186423,29.257800027050013,1.4638875855023952,1.61386211091376,2.0178852626629427,0.20822825466039369,0.4935960993300852,0.35485323475448655,5000,0
noise,noise=0.05,y_z_y,1,ok,15.709945696652454,20,50,5000,30,0.05,1.488907965767544,27.571211300684965,1.412700060799216,1.541766316175554,1.9237150724812628,0.20350192500313607,0.4750220612089079,0.34883912758937646,5000,0
noise,noise=0.05,y_z_y,2,ok,16.041863765566276,20,50,5000,30,0.05,1.5874714000004435,30.380936903620686,1.5242928743321373,1.6508417938309299,2.0521227901204884,0.20631572062102077,0.4907811456679627,0.3556784165467626,5000,0
noise,noise=0.05,y_z_y,3,ok,15.577944472373112,20,50,5000,30,0.05,1.474525455280108,26.632682697172324,1.4287914492314473,1.5265726208946795,1.9102081545146037,0.2047069311689849,0.48261758159456136,0.34287968484564535,5000,0
noise,noise=0.05,y_z_y,4,ok,15.863924332244562,20,50,5000,30,0.05,1.4501506158629995,26.090400366143566,1.4010563466720525,1.5056989023130753,1.8902109947764092,0.20481242238421438,0.4693567290066243,0.3463043711754869,5000,0
noise,noise=0.05,y_z_y,5,ok,15.845142136607853,20,50,5000,30,0.05,1.4386952649307372,26.61498773442207,1.400922390203917,1.4897676547504988,1.8612995260079486,0.20449018358490595,0.4572420536402881,0.3395437386382522,5000,0
noise,noise=0.05,y_z_y,6,ok,16.1373996772043,20,50,5000,30,0.05,1.4939851886915305,27.627440058091626,1.410170155046144,1.5514875385775417,1.9467969481910241,0.2067520946272759,0.4861916432192003,0.353009002542187,5000,0
noise,noise=0.05,y_z_y,7,ok,15.950834421031917,20,50,5000,30,0.05,1.5140113159025606,28.498309185138048,1.4413507279193785,1.5738726787487929,1.9617788736154202,0.2039994257278084,0.48438657668377627,0.3461472514406166,5000,0
noise,noise=0.05,y_z_y,8,ok,15.92091230888447,20,50,5000,30,0.05,1.5485696624273402,28.963975093246983,1.4409774532990596,1.5995463886616754,1.9922863473819612,0.2067323164668155,0.49110045926647317,0.3560366871088662,5000,0
noise,noise=0.05,y_z_y,9,ok,15.612284847113745,20,50,5000,30,0.05,1.4383685754114157,25.684044525765675,1.3661295219678542,1.4964285343592552,1.8787826290600318,0.20363884709373367,0.47350519695819154,0.34679469145593633,5000,0
noise,noise=0.05,x_y_x,0,ok,3.5673186517873865,20,50,5000,30,0.05,0.09637638912268619,0.01379561144284078,0.09221674725936886,0.09705442283426133,0.1373881048735685,0.09116594259588759,0.17509725026550224,0.10732368274558539,5000,0
noise,noise=0.05,x_y_x,1,ok,3.5738370178511283,20,50,5000,30,0.05,0.0956195399774146,0.013356025578840735,0.09123133142702088,0.09625328987081606,0.13632585390825258,0.09009494913588995,0.1720096054314479,0.10668674891774678,5000,0
noise,noise=0.05,x_y_x,2,ok,3.5663025478155896,20,50,5000,30,0.05,0.09545846649505359,0.013361245786772422,0.09197951091595459,0.09613750073786392,0.1361274684120427,0.09156230380018204,0.17535237567221465,0.10806707144697315,5000,0
noise,noise=0.05,x_y_x,3,ok,3.57123223353076,20,50,5000,30,0.05,0.09493164954474687,0.012969234529848831,0.09175808130599884,0.09556093264515962,0.13540108818639265,0.0907724506622404,0.17366751390311175,0.10683799267735572,5000,0
noise,noise=0.05,x_y_x,4,ok,3.5731352476037466,20,50,5000,30,0.05,0.09611891554813806,0.013517330801619223,0.09064280860639572,0.09676076432943669,0.1370291336056339,0.0902568067837882,0.17270789788734606,0.10641699712165546,5000,0
noise,noise=0.05,x_y_x,5,ok,3.575914306916054,20,50,5000,30,0.05,0.09522542581503023,0.012979419066675853,0.0898373838259713,0.0958860567263437,0.13578156324792212,0.09096765611954194,0.1653994239594121,0.10638632742040138,5000,0
noise,noise=0.05,x_y_x,6,ok,3.5746623870241834,20,50,5000,30,0.05,0.0950436395311782,0.013269906544930675,0.09075905593394962,0.09570363084913829,0.13545625558053895,0.09052400707984265,0.17096308264470553,0.10664779737303272,5000,0
noise,noise=0.05,x_y_x,7,ok,3.572660426374985,20,50,5000,30,0.05,0.09469699380649488,0.01328667102915488,0.09106720692775834,0.09541958650199321,0.13507620066559647,0.08984485907723322,0.17009722521563678,0.105938263622372,5000,0
noise,noise=0.05,x_y_x,8,ok,3.5778624508362302,20,50,5000,30,0.05,0.09623676623327496,0.01449418744155638,0.09092920132487935,0.09694697428066272,0.13701467957621513,0.09031879475875038,0.17270634012961397,0.10730020572256771,5000,0
noise,noise=0.05,x_y_x,9,ok,3.575284819250326,20,50,5000,30,0.05,0.09615040531865102,0.013781576447175826,0.09021114629088013,0.09681129874761998,0.1370021525991229,0.0908585311632529,0.16885230111639205,0.10631053629527423,5000,0
noise,noise=0.05,x_y_y,0,ok,28.262338799957085,20,50,5000,30,0.05,0.09744208219760209,0.016648859182620435,0.09887477901899375,0.09989378448374768,0.13937406153968587,0.08689986269781574,0.13199300782928308,0.09392016565412026,5000,0
noise,noise=0.05,x_y_y,1,ok,28.334076727299138,20,50,5000,30,0.05,0.09694727895112694,0.01667593009049445,0.09906948319323326,0.09954189942948312,0.13879367787522506,0.08693267358406853,0.13096810666137484,0.09323008615185831,5000,0
noise,noise=0.05,x_y_y,2,ok,28.162676753957168,20,50,5000,30,0.05,0.09602569322082706,0.01593660270645723,0.09738258458521072,0.09844119333720985,0.1376354029189785,0.08694781694769324,0.1327329615061631,0.09389507480476592,5000,0
noise,noise=0.05,x_y_y,3,ok,28.413522743643735,20,50,5000,30,0.05,0.09704201763774854,0.016427664462568964,0.09858717998492045,0.09945516998000672,0.13890566223798972,0.08761398869800638,0.1333226644972576,0.09382394366773161,5000,0
noise,noise=0.05,x_y_y,4,ok,28.509373771687134,20,50,5000,30,0.05,0.09725122000590426,0.016801349578729412,0.0976393587138401,0.0999442769261678,0.1392826275463528,0.08692063269418264,0.13122632975047252,0.09382361974644422,5000,0
noise,noise=0.05,x_y_y,5,ok,28.215187065348335,20,50,5000,30,0.05,0.09655033560939405,0.016157421946271382,0.09749859752331504,0.09889927711172339,0.13812221865573943,0.08688864537399685,0.1303336895368686,0.09370639922082956,5000,0
noise,noise=0.05,x_y_y,6,ok,28.374567084381862,20,50,5000,30,0.05,0.09727179743700802,0.01697323779648767,0.09934799234507807,0.1000581217314297,0.1394679518223671,0.08737765096110256,0.12956906063904172,0.09352994376967179,5000,0
noise,noise=0.05,x_y_y,7,ok,28.469536041554722,20,50,5000,30,0.05,0.09531896370201476,0.01573046549972281,0.09674150184288756,0.09759824899416751,0.13636453480653823,0.08613110518883157,0.1285082311605441,0.0926282972834136,5000,0
noise,noise=0.05,x_y_y,8,ok,28.312748238674004,20,50,5000,30,0.05,0.09766818932857525,0.01699502097443768,0.09911106757008627,0.10022243250382264,0.1395853483115539,0.08682259849930177,0.12834549471005832,0.0930711406291036,5000,0
noise,noise=0.05,x_y_y,9,ok,28.194226130059334,20,50,5000,30,0.05,0.09599733789403506,0.01610107304708249,0.09699111003511486,0.09851160180576464,0.1376171892988566,0.08633383380374803,0.13041919878472022,0.09290656325334536,5000,0
noise,noise=0.05,y_z_z,0,ok,16.1887365567381,20,50,5000,30,0.05,1.252634182149846,7.700715435387075,1.2424975780271537,1.2640978904722298,1.7679320360898914,0.22956818859157596,1.1141406432045997,0.9623425132398901,5000,0
noise,noise=0.05,y_z_z,1,ok,16.549634155166995,20,50,5000,30,0.05,1.275164289585365,8.724557434025337,1.2483365188813063,1.2846694442953215,1.7861572744906675,0.2285727355852489,1.0764088128134999,0.9770298787923264,5000,0
noise,noise=0.05,y_z_z,2,ok,16.331549615056048,20,50,5000,30,0.05,1.2612494856446044,8.25209914869558,1.3079654808937615,1.2714496910121795,1.7768397058416292,0.23376457254255406,1.0723848904305866,0.9831606091820532,5000,0
noise,noise=0.05,y_z_z,3,ok,16.166049625411503,20,50,5000,30,0.05,1.2686210846816637,9.309761741465909,1.241571227042704,1.2817152679015624,1.7877998399447512,0.2301042131824475,1.027460064883301,0.9492587803454903,5000,0
noise,noise=0.05,y_z_z,4,ok,16.34130868081676,20,50,5000,30,0.05,1.2430819406667437,7.536041399986305,1.2355822653359099,1.2503453904216506,1.751138251155694,0.2285485469260281,1.022211439221872,0.9266467784090906,5000,0
noise,noise=0.05,y_z_z,5,ok,16.33468023358161,20,50,5000,30,0.05,1.2354705655976461,7.574801853702917,1.1834693330223842,1.2458631968566614,1.7454415556984353,0.22945389818790254,1.0062236937805273,0.8945592520969396,5000,0
noise,noise=0.05,y_z_z,6,ok,16.152899509320928,20,50,5000,30,0.05,1.2371493509574685,7.230944693665768,1.3197834690949541,1.247313409110109,1.7469123559947406,0.23368339917284128,1.0745147616262007,0.9502452224717123,5000,0
noise,noise=0.05,y_z_z,7,ok,16.284744137242857,20,50,5000,30,0.05,1.2465822341115398,8.106873649033625,1.2498859479780513,1.256674073560724,1.7584710701614654,0.2291562036868417,1.112216350790119,0.9384321547083069,5000,0
noise,noise=0.05,y_z_z,8,ok,16.486886659933024,20,50,5000,30,0.05,1.2876414662421696,8.568109908507115,1.29224148298833,1.2993493578394995,1.8138677751139367,0.23165557817448457,1.0876685159656216,1.0315723916970174,5000,0
noise,noise=0.05,y_z_z,9,ok,16.14791729773327,20,50,5000,30,0.05,1.2563055318353162,8.27569752948302,1.2159872398494513,1.2679092310443807,1.7704915785593054,0.23036229655746593,1.121526435880321,0.9429290218347349,5000,0
noise,noise=0.05,x_z_z,0,ok,17.162802000168327,20,50,5000,30,0.05,1.2281931909779698,7.615948823668505,1.2139477437066264,1.236622972935213,1.726911725300924,0.21139487332669737,1.0848021249532864,0.9331888884823472,5000,0
noise,noise=0.05,x_z_z,1,ok,17.08244249723679,20,50,5000,30,0.05,1.2281014866358322,8.196256469296976,1.1908748715423139,1.2382657387200573,1.7216565207594325,0.2111398396575359,0.9923931703890659,0.9409823046012536,5000,0
noise,noise=0.05,x_z_z,2,ok,17.65183002160423,20,50,5000,30,0.05,1.2476735068372131,8.491349488512443,1.2891491172234086,1.256767585837636,1.7545607297806345,0.21643231964546722,1.083693920063526,0.9665051266671729,5000,0
noise,noise=0.05,x_z_z,3,ok,17.29805392891764,20,50,5000,30,0.05,1.2489767215871908,9.588113962914573,1.2257926169193536,1.2619096328591357,1.755541661099108,0.21411253035536057,0.9670029079231941,0.9258025989967719,5000,0
noise,noise=0.05,x_z_z,4,ok,17.377235139933557,20,50,5000,30,0.05,1.2115455923845981,7.305385951355474,1.2064926790083879,1.218969615690033,1.7070654099372362,0.21565122863037445,0.9979855895480209,0.9056726066830788,5000,0
noise,noise=0.05,x_z_z,5,ok,17.634896303130812,20,50,5000,30,0.05,1.2134681806046135,7.56041762033359,1.1761347223297816,1.2228100329744032,1.7104363090471597,0.21319865442396635,0.9969853999947041,0.8772431133673139,5000,0
noise,noise=0.05,x_z_z,6,ok,17.327647173356894,20,50,5000,30,0.05,1.2114229382021189,7.085032205452342,1.2895100372316026,1.2197685562395109,1.7045280687204944,0.21467973521164802,1.0560960780371702,0.9287482558761987,5000,0
noise,noise=0.05,x_z_z,7,ok,17.410352409871958,20,50,5000,30,0.05,1.2238448344404573,8.215469199285991,1.212009918331432,1.2319204459146407,1.7186264838379535,0.21292287956808342,1.0486525828678959,0.920870426363313,5000,0
noise,noise=0.05,x_z_z,8,ok,17.542929368810487,20,50,5000,30,0.05,1.2705581998068392,8.706750480801253,1.266463999875039,1.2829324350479208,1.7852627374012113,0.219698152642735,1.106101968696607,1.0163600963718435,5000,0
noise,noise=0.05,x_z_z,9,ok,17.220734804710194,20,50,5000,30,0.05,1.2274978849306575,8.2199844254866,1.1911380508555838,1.2378700549045352,1.727465244756692,0.21503997930710567,1.0434141146299474,0.9137306699380441,5000,0
noise,noise=0.05,x_z_x,0,ok,18.855725566306557,20,50,5000,30,0.05,1.5586174071493102,29.589264948095753,1.4733765066856028,1.6188317859094559,2.0213224335811604,0.1977806325578077,0.48123198659708794,0.34801941653873175,5000,0
noise,noise=0.05,x_z_x,1,ok,18.498958584452108,20,50,5000,30,0.05,1.5011681573796216,28.085703239585143,1.412880894460349,1.5624835109906456,1.9515842769406213,0.19807361541490304,0.4690940620931061,0.34287071574006767,5000,0
noise,noise=0.05,x_z_x,2,ok,18.992637466631486,20,50,5000,30,0.05,1.60537729771545,31.418766745336388,1.5196714873922808,1.6728656943127476,2.079507302831182,0.2013856857033423,0.4790624207263779,0.3516692776392791,5000,0
noise,noise=0.05,x_z_x,3,ok,18.75886624307255,20,50,5000,30,0.05,1.5142278125942488,28.483843733822113,1.4468510745274958,1.5729375486183705,1.9635208484206386,0.19972180040585474,0.47041040873316714,0.34010421378135997,5000,0
noise,noise=0.05,x_z_x,4,ok,18.664607874425723,20,50,5000,30,0.05,1.4592046589624765,26.481885170368052,1.3860278892898616,1.5174243922265847,1.9014822116305474,0.1971249644682947,0.47614784552729467,0.3399759382823632,5000,0
noise,noise=0.05,x_z_x,5,ok,18.446011122418252,20,50,5000,30,0.05,1.421521142739567,26.206544605268313,1.3613383459302313,1.4765973344895527,1.8483435443645657,0.19875484983271022,0.46096568895812196,0.33361116982091255,5000,0
noise,noise=0.05,x_z_x,6,ok,18.612024258216177,20,50,5000,30,0.05,1.4718739716631433,26.858516613002365,1.3744712675903927,1.5288759697171392,1.9184573287407194,0.19947046899008136,0.4761507386952618,0.3454313110567949,5000,0
noise,noise=0.05,x_z_x,7,ok,18.75763190918443,20,50,5000,30,0.05,1.5174843756565544,28.875646518863505,1.442552492451316,1.5817323038763114,1.972465835711942,0.200427670631283,0.4831425993653944,0.3433126318837784,5000,0
noise,noise=0.05,x_z_x,8,ok,18.52349323169957,20,50,5000,30,0.05,1.5327711571868183,28.70683776880402,1.4191836154206579,1.5876913873492895,1.9784159860560746,0.20101467968216014,0.4779211129010279,0.3493481356767842,5000,0
noise,noise=0.05,x_z_x,9,ok,18.596391468754373,20,50,5000,30,0.05,1.4656320543070447,26.84849296151635,1.3806877153485564,1.5220348957586298,1.9114013755424832,0.19971121773320377,0.47994194888079694,0.34621737647953604,5000,0
noise,noise=0.05,y_plus_z,0,ok,11.50629965290913,20,50,5000,30,0.05,0.8834330077739,11.079140609814544,0.7462624634160696,0.9097143711028893,1.2543677290975346,0.18358612693203824,0.4623982118904242,0.5390275914187831,5000,0
noise,noise=0.05,y_plus_z,1,ok,11.393243669351449,20,50,5000,30,0.05,0.8659678300505333,11.272670490766759,0.7666637417690974,0.8969863723404862,1.2332754787135816,0.18206914072848984,0.43418811381158434,0.5487653698605381,5000,0
noise,noise=0.05,y_plus_z,2,ok,11.328140159757936,20,50,5000,30,0.05,0.8652271643648793,10.439160465312026,0.7714142575788089,0.8936140320184462,1.2346448874102331,0.1824570273190384,0.4756274552586701,0.5498988824357508,5000,0
noise,noise=0.05,y_plus_z,3,ok,11.37240076285667,20,50,5000,30,0.05,0.8403865955997851,10.57926875211654,0.7357710481392277,0.8686838284615629,1.2014006423397048,0.18237665270652786,0.4215541951703388,0.5313458276609323,5000,0
noise,noise=0.05,y_plus_z,4,ok,11.295160757935772,20,50,5000,30,0.05,0.8579515426423026,10.274290846817491,0.7339722158223901,0.8815059635030802,1.2205980373036576,0.18186941337985144,0.4108869901608867,0.5293954701011199,5000,0
noise,noise=0.05,y_plus_z,5,ok,11.395901018804906,20,50,5000,30,0.05,0.829100016754635,9.854037081262847,0.7070342259062238,0.8521585051614103,1.1788067867511014,0.18436379595542338,0.4107496757867687,0.518305146750531,5000,0
noise,noise=0.05,y_plus_z,6,ok,11.374799484843477,20,50,5000,30,0.05,0.8681994437710026,10.287361205468123,0.759973566258544,0.8915577348154122,1.232511407910437,0.18340017541715464,0.41794375300258574,0.5475868444894795,5000,0
noise,noise=0.05,y_plus_z,7,ok,11.339328126534992,20,50,5000,30,0.05,0.8543403824542737,10.493044264360567,0.7248549972705011,0.8792947958389926,1.2149634501062425,0.18262622000702355,0.45839127458559303,0.5295411157506386,5000,0
noise,noise=0.05,y_plus_z,8,ok,11.202917364841358,20,50,5000,30,0.05,0.8853432135619627,11.92151397095996,0.7506560552025793,0.9164759089368083,1.2591900721210367,0.18299626126374482,0.4646199970453094,0.5786003376103505,5000,0
noise,noise=0.05,y_plus_z,9,ok,11.420431728348776,20,50,5000,30,0.05,0.8565238667124635,10.390037331945395,0.7249888328087938,0.8802567500627447,1.2194416988909964,0.18360422281829328,0.43996996497778984,0.5316218685935253,5000,0
noise,noise=0.05,x_plus_z,0,ok,15.653678051210662,20,50,5000,30,0.05,0.9412439220915181,10.317839019367412,0.9474281650566694,0.9717000394099161,1.3463511728412627,0.20091077176035854,0.5122921242686018,0.5223749296010616,5000,0
noise,noise=0.05,x_plus_z,1,ok,15.756377593755873,20,50,5000,30,0.05,0.9501377344525481,11.37643973887842,1.024132459199955,0.9850196802753686,1.3567525319965574,0.19704789798021757,0.47450966589925603,0.5147083841391232,5000,0
noise,noise=0.05,x_plus_z,2,ok,15.896962016617357,20,50,5000,30,0.05,0.9501672020547787,10.773794346760186,1.0425376405955378,0.9848073291279561,1.3574737508441048,0.20155567161208437,0.5133629734496367,0.5316788408538825,5000,0
noise,noise=0.05,x_plus_z,3,ok,16.015945556292987,20,50,5000,30,0.05,0.9505980704157151,10.944411356499923,0.9771393747798142,0.9835811689158858,1.352742823855223,0.20002314917467812,0.482710964685139,0.5183546681354404,5000,0
noise,noise=0.05,x_plus_z,4,ok,15.81684790097595,20,50,5000,30,0.05,0.9473585297511637,10.458596556842249,0.9327693611965915,0.9786312949247614,1.3543790805564464,0.19999329195392568,0.4687809680281516,0.5141485809406559,5000,0
noise,noise=0.05,x_plus_z,5,ok,15.875977587967695,20,50,5000,30,0.05,0.9304316650072695,10.41571440499386,0.9380670860395183,0.9598250154954647,1.3294705504880024,0.19999819703725363,0.4632375678418004,0.48365407286750617,5000,0
noise,noise=0.05,x_plus_z,6,ok,15.764814325325647,20,50,5000,30,0.05,0.9490006934299041,10.428610025151302,1.031174970587139,0.9782604946179172,1.3528178532318937,0.20069405389682382,0.4882390909124184,0.5156468604003054,5000,0
noise,noise=0.05,x_plus_z,7,ok,16.094836896113172,20,50,5000,30,0.05,0.9575103768836413,11.56581706238319,0.9570283247098945,0.9940099812678527,1.3711363862111652,0.19892024002584896,0.5187929373980898,0.5103529574508855,5000,0
noise,noise=0.05,x_plus_z,8,ok,15.922099733432272,20,50,5000,30,0.05,0.9758104064844026,12.09888192297437,1.0506208285722,1.0172667732298053,1.394817242099351,0.19841023930584367,0.4917422679815128,0.5330867587928404,5000,0
noise,noise=0.05,x_plus_z,9,ok,16.331117149788838,20,50,5000,30,0.05,0.9552303743604073,11.227824007841846,0.98097420635994,0.986462469575954,1.3625680662763435,0.20083293389418386,0.5047932488441791,0.5173325945595412,5000,0
noise,noise=0.05,x_plus_y,0,ok,2.5279866115057286,20,50,5000,30,0.05,0.15712398785689982,0.12218776452149564,0.14572651627051444,0.15934092941305647,0.22180191124394155,0.10113008676354338,0.196968738016055,0.14790072827911901,5000,0
noise,noise=0.05,x_plus_y,1,ok,2.5307551739354137,20,50,5000,30,0.05,0.15655751835041934,0.12631923355016356,0.14563867482513476,0.15912926181278916,0.22141947554692343,0.09979532982790566,0.19255136106105253,0.14760983956210058,5000,0
noise,noise=0.05,x_plus_y,2,ok,2.5214946707822166,20,50,5000,30,0.05,0.157245481953615,0.1299180435196583,0.14930401458992695,0.15993650884489144,0.22240167893426233,0.10013420950921045,0.200260664478879,0.14851977032224167,5000,0
noise,noise=0.05,x_plus_y,3,ok,2.523467280923047,20,50,5000,30,0.05,0.1551281473187712,0.11964116123560059,0.14625432858102635,0.15725423341116274,0.2195055402961856,0.10018900524946464,0.194337566713879,0.14513383325159276,5000,0
noise,noise=0.05,x_plus_y,4,ok,2.5069750542980738,20,50,5000,30,0.05,0.1531987912809255,0.10629885724254318,0.14591564043315794,0.1549418865678255,0.21674208689411376,0.10010212670073533,0.19314786589617414,0.1459794473197396,5000,0
noise,noise=0.05,x_plus_y,5,ok,2.5259025685701366,20,50,5000,30,0.05,0.15295350006084688,0.11265926998100122,0.1394250950395837,0.15463932927278498,0.2159641652417271,0.09977992668237498,0.1902837696202226,0.14132106767802405,5000,0
noise,noise=0.05,x_plus_y,6,ok,2.516257945932092,20,50,5000,30,0.05,0.15956298515456543,0.15279144872351894,0.14592016524072793,0.16239515648364486,0.22444036762615197,0.09992488486499501,0.19606286195237332,0.14720941551529845,5000,0
noise,noise=0.05,x_plus_y,7,ok,2.5078260506068695,20,50,5000,30,0.05,0.15563460413407695,0.12117845844297671,0.1432566214346084,0.15758218163221235,0.21990819912638443,0.10002219814844612,0.19412779225753324,0.1445106834903107,5000,0
noise,noise=0.05,x_plus_y,8,ok,2.5211177700884226,20,50,5000,30,0.05,0.15853616581395968,0.1299266783803962,0.1487392409297418,0.1613026191315122,0.22462214028025182,0.10086104010229724,0.19600653790431852,0.1498208417520056,5000,0
noise,noise=0.05,x_plus_y,9,ok,2.5156921026989543,20,50,5000,30,0.05,0.1544729331552188,0.11711716779351179,0.14264178346699696,0.15626644369801637,0.21828561262937402,0.10026012736089995,0.19479739183333858,0.14537445373189634,5000,0
noise,noise=0.1,x_x_x,0,ok,3.079877038561029,20,50,5000,30,0.1,0.28568680794375917,0.2790144100732863,0.26811289532585536,0.2891633201375585,0.40671016660409554,0.14293580549973695,0.2599627056631562,0.20098932628438018,5000,0
noise,noise=0.1,x_x_x,1,ok,3.0887360287399646,20,50,5000,30,0.1,0.2864796364085897,0.26462619441847,0.26921299175142605,0.289145726927737,0.40627246963047975,0.14389141999754437,0.25781570559214806,0.20278053137940139,5000,0
noise,noise=0.1,x_x_x,2,ok,3.0870044423123084,20,50,5000,30,0.1,0.2876851855261223,0.27063675113944774,0.27091524306271025,0.29048443021906917,0.40840629455227223,0.14429589310000482,0.25750374222635064,0.2029631358226617,5000,0
noise,noise=0.1,x_x_x,3,ok,3.0838229603392184,20,50,5000,30,0.1,0.2882695183655551,0.27629625670011354,0.26909713617275594,0.291189333653597,0.4095764483382978,0.14262514822605651,0.2549938408121274,0.20026570387821716,5000,0
noise,noise=0.1,x_x_x,4,ok,3.0921693456810164,20,50,5000,30,0.1,0.28293743069940835,0.24539269828045512,0.2725020561168478,0.2853765950580886,0.40294207842764745,0.142044881856777,0.258714934669286,0.1996925112728411,5000,0
noise,noise=0.1,x_x_x,5,ok,3.0699102951835613,20,50,5000,30,0.1,0.28347459799149316,0.2582825724096667,0.2617511025149161,0.2862891835718736,0.4037604152032153,0.1433215189839076,0.2515657719581198,0.19452797410792472,5000,0
noise,noise=0.1,x_x_x,6,ok,3.0826006047642487,20,50,5000,30,0.1,0.2888264188637227,0.31190108561147095,0.2677288486267843,0.2925990928968741,0.41066334400827254,0.14295081295655024,0.25425995442016935,0.2014615079073731,5000,0
noise,noise=0.1,x_x_x,7,ok,3.0959212665799036,20,50,5000,30,0.1,0.28379014216297466,0.25540783674124007,0.2684521953011902,0.2869432621464324,0.4040422128058243,0.1423956702973349,0.26447584167750154,0.2005417938074615,5000,0
noise,noise=0.1,x_x_x,8,ok,3.0793383881267604,20,50,5000,30,0.1,0.28981290198844734,0.2948745635140749,0.2728493983165825,0.2941136642416901,0.41354804232946946,0.14396681118845167,0.26876130953313565,0.20681827813230594,5000,0
noise,noise=0.1,x_x_x,9,ok,3.0974944292031337,20,50,5000,30,0.1,0.2856728533965169,0.2574897100187298,0.26628887774987814,0.2886167788003444,0.407180206170314,0.14499236720255967,0.2576033943011058,0.2015697871834805,5000,0
noise,noise=0.1,y_y_y,0,ok,3.359777809715941,20,50,5000,30,0.1,0.16170928074921384,0.03460131509527735,0.15398733773705403,0.16247793559341794,0.2313069445300814,0.11564966822323408,0.19124033131296217,0.13002460875029445,5000,0
noise,noise=0.1,y_y_y,1,ok,3.3508593377288376,20,50,5000,30,0.1,0.16038792330517243,0.03370828758774731,0.1542238771736482,0.16106887237775544,0.2294387420127489,0.11426625062674456,0.19002976150549358,0.12918749866675486,5000,0
noise,noise=0.1,y_y_y,2,ok,3.3634285297166215,20,50,5000,30,0.1,0.16160912277548725,0.034154766476045824,0.15717784202934598,0.16231440618475332,0.2312086732515434,0.11699467549671987,0.19462516205123168,0.13150106352861132,5000,0
noise,noise=0.1,y_y_y,3,ok,3.3546211041894147,20,50,5000,30,0.1,0.1613392774395592,0.03428977124209097,0.154762525891538,0.1620695492273219,0.23085769626109623,0.1170219727202579,0.188587161774501,0.13065090205611768,5000,0
noise,noise=0.1,y_y_y,4,ok,3.3529086288071386,20,50,5000,30,0.1,0.16177368584615884,0.03401668474222062,0.15455243262241586,0.16243785653483342,0.23145963140920311,0.11800490896852596,0.18827351237391576,0.13028139565889346,5000,0
noise,noise=0.1,y_y_y,5,ok,3.3503278620675045,20,50,5000,30,0.1,0.1601505309276991,0.03292424577550682,0.15467066397378745,0.1607277292659883,0.22909477702718686,0.11609297850604226,0.18468066344500828,0.12892808576077106,5000,0
noise,noise=0.1,y_y_y,6,ok,3.366064659224772,20,50,5000,30,0.1,0.16153328264619954,0.034112390005049384,0.15507280346053698,0.1622277055030238,0.23119836168110286,0.11672938316209935,0.18943450003311374,0.13039871615593837,5000,0
noise,noise=0.1,y_y_y,7,ok,3.360825292819115,20,50,5000,30,0.1,0.16121503943029974,0.034116687768557655,0.15477405909967018,0.1619426589788044,0.2309015224084531,0.116949106693614,0.19000360335090663,0.1305031576888462,5000,0
noise,noise=0.1,y_y_y,8,ok,3.3589701608185343,20,50,5000,30,0.1,0.16165029329960853,0.03437230589916295,0.15518409601779903,0.1623784983324795,0.23144669537099313,0.11675072226505981,0.18958587652293393,0.13108369536459827,5000,0
noise,noise=0.1,y_y_y,9,ok,3.363803852476053,20,50,5000,30,0.1,0.16150836420424658,0.03415625210353483,0.15396550511207588,0.16220124288414886,0.23106071222220212,0.11647551618893312,0.1884591824422506,0.13001398614064666,5000,0
noise,noise=0.1,z_z_z,0,ok,1.834173780691468,20,50,5000,30,0.1,1.3921119194774638,5.265429638952136,1.3252765890243756,1.4024206285581708,1.9767525233315075,0.2288969072706301,1.0399124442880296,0.8866946438384264,5000,0
noise,noise=0.1,z_z_z,1,ok,1.8296610541358813,20,50,5000,30,0.1,1.3774124386154358,5.2268093735131504,1.3226854093516864,1.3883221030385648,1.9555169976372804,0.21568911905518867,1.013043441974052,0.8795686634268958,5000,0
noise,noise=0.1,z_z_z,2,ok,1.8356500798279876,20,50,5000,30,0.1,1.3843428994165243,5.3346623373586874,1.3454728431693297,1.3945580596820761,1.9623229947441345,0.22349060797071418,1.023514247158983,0.8899693528702523,5000,0
noise,noise=0.1,z_z_z,3,ok,1.8253152585860108,20,50,5000,30,0.1,1.3707440957460797,5.150506277059122,1.3013994002970488,1.3807181201503418,1.9472516575075147,0.2240860083644139,0.9504966449715879,0.8576502591743369,5000,0
noise,noise=0.1,z_z_z,4,ok,1.8467664154154042,20,50,5000,30,0.1,1.3735850057521195,5.048194869413821,1.331993455010714,1.3829182724435876,1.9541934919981512,0.2241745948846584,0.9470238705962813,0.8592267678407436,5000,0
noise,noise=0.1,z_z_z,5,ok,1.8301654324197312,20,50,5000,30,0.1,1.3590634988020724,4.925676861024056,1.305149024065182,1.3693236619719105,1.931788504369099,0.22467645568385536,0.9022656221419332,0.8151630074196988,5000,0
noise,noise=0.1,z_z_z,6,ok,1.8278635918193544,20,50,5000,30,0.1,1.3964491061371904,5.6781967264193,1.317122066698321,1.4066708386108966,1.9785335246623832,0.22555967793957532,1.0448566074023016,0.8811714689020513,5000,0
noise,noise=0.1,z_z_z,7,ok,1.8333455441534587,20,50,5000,30,0.1,1.377975911196347,5.158305320264387,1.3281942572213707,1.3884145763063915,1.9593450978542448,0.2237772620158958,1.0985523557746948,0.8639504999141634,5000,0
noise,noise=0.1,z_z_z,8,ok,1.82839758788905,20,50,5000,30,0.1,1.3982706296516805,5.788545558259313,1.329554595685501,1.4107573610318296,1.9839640206451368,0.22276117987859603,1.013460030896391,0.9321008445892242,5000,0
noise,noise=0.1,z_z_z,9,ok,1.8261330745753361,20,50,5000,30,0.1,1.3830098103542379,5.231887144350399,1.3205772306415635,1.391506344028045,1.9626273792376305,0.22558212156979202,1.0664704433634347,0.8640140612770694,5000,0
noise,noise=0.1,y_z_y,0,ok,8.847821464858932,20,50,5000,30,0.1,0.9809274310839261,7.278924118514881,0.9144696531438568,1.0287468597746854,1.358566590237696,0.21824928736976534,0.4501417309357522,0.30870048855867677,5000,0
noise,noise=0.1,y_z_y,1,ok,8.988874380369833,20,50,5000,30,0.1,0.9792905080236022,7.533628672213263,0.9093628593126061,1.0246474790732576,1.3493835851027696,0.21597527125213967,0.4252654915264299,0.30617584142574766,5000,0
noise,noise=0.1,y_z_y,2,ok,8.878190559731163,20,50,5000,30,0.1,0.9969382767674113,7.698678302581347,0.929566401911731,1.0469034056736974,1.3749878217071607,0.2205737783920924,0.44001317898261283,0.31027276038758583,5000,0
noise,noise=0.1,y_z_y,3,ok,8.989067011220676,20,50,5000,30,0.1,0.987078957010829,7.506670813827413,0.9298137135247594,1.0325550354212774,1.3603003780137892,0.21819954307181544,0.42813763876527505,0.3062091984496632,5000,0
noise,noise=0.1,y_z_y,4,ok,8.850257587423712,20,50,5000,30,0.1,0.9478767570041756,6.678154220602714,0.9044925860031697,0.9891360427722465,1.314197078428779,0.21835835395838665,0.4380129181036937,0.30469350080734753,5000,0
noise,noise=0.1,y_z_y,5,ok,9.006267913684816,20,50,5000,30,0.1,0.965212911390921,7.2230242327297285,0.9185157874474033,1.0072134024292998,1.3254156936044275,0.21707338215332445,0.40960650255435743,0.3006316368957216,5000,0
noise,noise=0.1,y_z_y,6,ok,8.929112122240399,20,50,5000,30,0.1,0.973456398137393,7.152482656496561,0.9066695913842144,1.0155682429385176,1.3398751185243736,0.2203093314043113,0.41745810675984363,0.3049774184316635,5000,0
noise,noise=0.1,y_z_y,7,ok,8.964817663941064,20,50,5000,30,0.1,0.9816632066199652,7.525296723763583,0.921950489814271,1.0296838443930618,1.3548186029560672,0.21850607595769042,0.4375012124483932,0.3068910940552975,5000,0
noise,noise=0.1,y_z_y,8,ok,9.042594272667808,20,50,5000,30,0.1,1.032223178264979,8.291702209072364,0.9631560446664588,1.0786505106879425,1.4114942181885144,0.2184645810618968,0.43718584724524234,0.30979755107493073,5000,0
noise,noise=0.1,y_z_y,9,ok,8.878785251669887,20,50,5000,30,0.1,0.9566718980354013,6.994205801186864,0.8972809555243648,0.9970519921911617,1.3170667347115257,0.21827705236574535,0.41591733823263616,0.30536140081871205,5000,0
noise,noise=0.1,x_y_x,0,ok,3.4915219779291045,20,50,5000,30,0.1,0.1638040666919803,0.035017743608818826,0.15625747515311117,0.16445530651372234,0.23428203904777156,0.11760387359292272,0.1929366611323151,0.13168809644303642,5000,0
noise,noise=0.1,x_y_x,1,ok,3.5047329044610778,20,50,5000,30,0.1,0.16311952407367275,0.03454044957211385,0.1576720381411214,0.16377867557855538,0.23346956572575706,0.11632756990905879,0.19226841569920036,0.13089363359123132,5000,0
noise,noise=0.1,x_y_x,2,ok,3.497714120041458,20,50,5000,30,0.1,0.1643351917764296,0.03548467496983348,0.1593298591974661,0.16507822408708633,0.23495772654701358,0.11722419382727077,0.1937663191826039,0.13199454542703903,5000,0
noise,noise=0.1,x_y_x,3,ok,3.49570867937812,20,50,5000,30,0.1,0.16239385548033541,0.033896615021728096,0.15753061965389714,0.16302553082999097,0.2323485167024979,0.11656586884087403,0.18810727714752865,0.1305625775188659,5000,0
noise,noise=0.1,x_y_x,4,ok,3.4985805777973282,20,50,5000,30,0.1,0.16424457661739242,0.03484242365516145,0.15864138562575691,0.16486713003043904,0.23499477002191596,0.11667874290436442,0.19170105599719958,0.13134306940122414,5000,0
noise,noise=0.1,x_y_x,5,ok,3.4927852222270417,20,50,5000,30,0.1,0.16244604691941714,0.03392657450745995,0.15653515577002367,0.16308891800712033,0.2323854771633549,0.11738174683823979,0.1866826976702516,0.1302561273642364,5000,0
noise,noise=0.1,x_y_x,6,ok,3.495086941933431,20,50,5000,30,0.1,0.16263301656770937,0.034553182230422974,0.1569452290256396,0.16330760144050316,0.2327245729906042,0.11759484994623051,0.1926606127029365,0.13141811684463234,5000,0
noise,noise=0.1,x_y_x,7,ok,3.491152335474815,20,50,5000,30,0.1,0.16235192755523853,0.03467983581254529,0.15557582849721613,0.1630599633297693,0.23220938031722152,0.11755906425933675,0.18906681866450473,0.13084996796203777,5000,0
noise,noise=0.1,x_y_x,8,ok,3.4797872901817177,20,50,5000,30,0.1,0.1630513746434869,0.03517427474670449,0.15719700278331747,0.16381222797563513,0.23312351826690222,0.11668821746305194,0.19232908882696786,0.13082408055846365,5000,0
noise,noise=0.1,x_y_x,9,ok,3.491774261678743,20,50,5000,30,0.1,0.16379215463534103,0.03488717890897357,0.15720688868646043,0.1644885671118214,0.2343127582795364,0.11771922874342272,0.19105070508818411,0.13122513689573106,5000,0
noise,noise=0.1,x_y_y,0,ok,14.185397768306954,20,50,5000,30,0.1,0.16196437156103347,0.03587705875138113,0.1597410668484578,0.1636428535570919,0.23193278226294478,0.11241224386614207,0.16184255977162926,0.11800914340488984,5000,0
noise,noise=0.1,x_y_y,1,ok,14.153469857496562,20,50,5000,30,0.1,0.16200696823868302,0.03583143822463536,0.1600374606689908,0.1636324471974708,0.23188063340381074,0.11242252362007012,0.16174703570353222,0.11782275366453109,5000,0
noise,noise=0.1,x_y_y,2,ok,14.191085017243212,20,50,5000,30,0.1,0.16211360798265254,0.03598095844246202,0.1612976701110889,0.16380964016193048,0.23210912513230536,0.11171867362932814,0.16077988814669536,0.11742651672218905,5000,0
noise,noise=0.1,x_y_y,3,ok,14.059013836785155,20,50,5000,30,0.1,0.16211287072839808,0.03592883214945476,0.16020758394785803,0.1636998426183443,0.2319967733226892,0.112229055632236,0.16179661936900036,0.11760078610353082,5000,0
noise,noise=0.1,x_y_y,4,ok,14.318990873502392,20,50,5000,30,0.1,0.16202378321049077,0.03603930556878394,0.1613639229570042,0.16372717745445878,0.23196790527510922,0.11196475766157199,0.15997066431580345,0.1174261191370644,5000,0
noise,noise=0.1,x_y_y,5,ok,14.160462329845803,20,50,5000,30,0.1,0.16013688451445104,0.03505872664253203,0.15864749052582724,0.16178578118977852,0.2293574678052676,0.11196253033052932,0.16102672981913102,0.1173934703670679,5000,0
noise,noise=0.1,x_y_y,6,ok,14.128017475217899,20,50,5000,30,0.1,0.16273856211698734,0.0365434925484285,0.1595755962912081,0.16448710567570798,0.23324880893553482,0.11333003992217855,0.16341962808598964,0.11891382310769359,5000,0
noise,noise=0.1,x_y_y,7,ok,14.20134316883363,20,50,5000,30,0.1,0.16105957470669538,0.03547888294852156,0.15778958054536923,0.16262843604613425,0.23054471600748302,0.11249506445683015,0.1596838232095391,0.11761890794348626,5000,0
noise,noise=0.1,x_y_y,8,ok,14.254759749052573,20,50,5000,30,0.1,0.16169526555820077,0.036262782872567886,0.1596831888298526,0.16346758989234478,0.23179653582561108,0.11214910405070184,0.16002775276767656,0.11742735541349938,5000,0
noise,noise=0.1,x_y_y,9,ok,14.237967650534019,20,50,5000,30,0.1,0.16270623696818487,0.036193653148817576,0.15930254606201538,0.16437669144550313,0.23277630134554392,0.11190376206141411,0.1607448047032121,0.11704289182699909,5000,0
noise,noise=0.1,y_z_z,0,ok,8.827036000107809,20,50,5000,30,0.1,1.089065159251069,3.1080387811622767,1.1063822435332726,1.09685049656602,1.548746698520366,0.2358036948757935,0.7658530485206162,0.6338934222823934,5000,0
noise,noise=0.1,y_z_z,1,ok,8.676377307131949,20,50,5000,30,0.1,1.074800112343239,3.2439990929028273,1.0663004755007235,1.0852790373464734,1.5281721749484556,0.22908979915424837,0.7123552666792282,0.6291111259544685,5000,0
noise,noise=0.1,y_z_z,2,ok,8.681424259819709,20,50,5000,30,0.1,1.0760850061029072,3.0986278688376894,1.1043437615997929,1.0826642641334823,1.5306623184212527,0.23264999242627774,0.7449174159872611,0.6383323990267742,5000,0
noise,noise=0.1,y_z_z,3,ok,8.884550264889274,20,50,5000,30,0.1,1.097048992615406,3.6134252712745516,1.093077675162494,1.1070130458325071,1.5605847893808695,0.2315701889522898,0.6932368920792515,0.621945557301494,5000,0
noise,noise=0.1,y_z_z,4,ok,8.826516654765184,20,50,5000,30,0.1,1.0764345615311053,3.059394617637808,1.0656405755386587,1.083707046532682,1.5328856381237201,0.23076059804346216,0.7226534490265513,0.612703224669822,5000,0
noise,noise=0.1,y_z_z,5,ok,8.808166712921318,20,50,5000,30,0.1,1.0736109062274493,2.997905787095917,1.067681758021319,1.0807693089734123,1.5283127713157123,0.22866416062668468,0.6968169397273846,0.5900596372321075,5000,0
noise,noise=0.1,y_z_z,6,ok,8.743459254906213,20,50,5000,30,0.1,1.076132205156698,2.9629854893144065,1.1262168743908834,1.0842031340823786,1.5333810593611807,0.23465008510292437,0.7330119626342423,0.627826713673382,5000,0
noise,noise=0.1,y_z_z,7,ok,8.758022992575503,20,50,5000,30,0.1,1.0720028686169336,3.0431809736797097,1.074963679532168,1.0802387808747336,1.525553222693282,0.23277566853063386,0.7337019890811044,0.6145849769575463,5000,0
noise,noise=0.1,y_z_z,8,ok,8.941237082089323,20,50,5000,30,0.1,1.0981996089405974,3.4210568720530588,1.1069326816849403,1.1077788911497621,1.560538726364677,0.23355038709489723,0.7627083706420209,0.6683296097155872,5000,0
noise,noise=0.1,y_z_z,9,ok,8.788067340526093,20,50,5000,30,0.1,1.0710574764521252,3.0416152275680375,1.0732869491997525,1.0798852383393829,1.5246850636962177,0.2304741305966257,0.7362013630084552,0.6105991942265995,5000,0
noise,noise=0.1,x_z_z,0,ok,9.477390939597505,20,50,5000,30,0.1,1.0545627294905005,3.0816298120147874,1.0453109818318433,1.0616800994344642,1.4957813902755843,0.21771131991898582,0.7015473008367679,0.615299041495528,5000,0
noise,noise=0.1,x_z_z,1,ok,9.441663661713909,20,50,5000,30,0.1,1.061617716119499,3.1722826314793715,1.0553641089471073,1.0697792847062606,1.5052254867948385,0.21978277382302872,0.675033612138639,0.6209081355110042,5000,0
noise,noise=0.1,x_z_z,2,ok,9.411878552487323,20,50,5000,30,0.1,1.0520679818559082,3.030929307668115,1.0766040363195797,1.0578529402713164,1.4934364032497356,0.21634794468837606,0.6833575318827767,0.6215363197338853,5000,0
noise,noise=0.1,x_z_z,3,ok,9.113731676309326,20,50,5000,30,0.1,1.0583644924197535,3.380466949478081,1.0336110188611207,1.0657247918444621,1.4993566346518787,0.21900909584905875,0.6611088923404767,0.603850075871371,5000,0
noise,noise=0.1,x_z_z,4,ok,9.540489068284902,20,50,5000,30,0.1,1.0495434800572714,2.9461451914278727,1.0565961135735842,1.0555210256979572,1.4909041735615531,0.22234844484046373,0.6430249099938312,0.6036213820778745,5000,0
noise,noise=0.1,x_z_z,5,ok,9.470513838161216,20,50,5000,30,0.1,1.0397367544679403,2.9061695931701177,1.025961485764034,1.0464122609288342,1.477960961695926,0.2175861010301153,0.626292553975219,0.5744707107222641,5000,0
noise,noise=0.1,x_z_z,6,ok,9.443003370587574,20,50,5000,30,0.1,1.0628587194196375,2.952793526049793,1.0991531396564496,1.0690987132828758,1.5090911746317839,0.22210265707799162,0.7215776746253117,0.6163030681472271,5000,0
noise,noise=0.1,x_z_z,7,ok,9.37618357282915,20,50,5000,30,0.1,1.0482086710180396,2.9099433493968463,1.0625002452796097,1.0541484586780219,1.4895232125545423,0.2194244344209072,0.6960503870965377,0.6043497444157894,5000,0
noise,noise=0.1,x_z_z,8,ok,9.375091075082256,20,50,5000,30,0.1,1.0672156177258112,3.343389126517139,1.0619497034670802,1.0771560736849137,1.514760183008944,0.2214866157133633,0.7264888691280867,0.6520203010844932,5000,0
noise,noise=0.1,x_z_z,9,ok,9.349906591826525,20,50,5000,30,0.1,1.0506362836589587,3.0870054208420994,1.0326948651246186,1.0579767971090852,1.4902010274418507,0.22000550772743127,0.6860333927688002,0.6002238664665287,5000,0
noise,noise=0.1,x_z_x,0,ok,10.561962190410233,20,50,5000,30,0.1,0.9931608224474988,7.560697126382416,0.9333294189782122,1.0417292112663878,1.374028453545572,0.21426427231002781,0.42921069349121416,0.30781119843441473,5000,0
noise,noise=0.1,x_z_x,1,ok,10.475982880689797,20,50,5000,30,0.1,0.9859858494003778,7.575644462700984,0.9133173017173165,1.0348066212862685,1.3636312284122616,0.21137604296119086,0.44039243254067667,0.3066962004757525,5000,0
noise,noise=0.1,x_z_x,2,ok,10.376582772158478,20,50,5000,30,0.1,0.9987060303493599,7.638586528992283,0.9321995904789714,1.0473492127076027,1.3773274958971948,0.2151924852917763,0.43519643279763887,0.30780838408465155,5000,0
noise,noise=0.1,x_z_x,3,ok,10.25431787061687,20,50,5000,30,0.1,0.9655154801284814,7.074520326626771,0.9106932928583057,1.009652205682984,1.333303030960984,0.21392756003718189,0.41469664912938303,0.2997642976377794,5000,0
noise,noise=0.1,x_z_x,4,ok,10.323321821829753,20,50,5000,30,0.1,0.9373810181075214,6.530436386171516,0.8971039982916161,0.9804855345869968,1.3020276758657068,0.21254879132149795,0.40952970689760493,0.29804341253626704,5000,0
noise,noise=0.1,x_z_x,5,ok,10.327098945081191,20,50,5000,30,0.1,0.9540604947061729,7.021052808294608,0.893972934155262,0.999462655156193,1.3146240407977514,0.21107885083391487,0.38910680855187696,0.29307520175654345,5000,0
noise,noise=0.1,x_z_x,6,ok,10.364225541535564,20,50,5000,30,0.1,0.9616999963466547,6.892675248408806,0.8910491816543987,1.0010949056282257,1.3271288938622599,0.21603183896618527,0.40883540468585367,0.3043737526856259,5000,0
noise,noise=0.1,x_z_x,7,ok,10.370576045206134,20,50,5000,30,0.1,0.9627081478069682,7.208868906343668,0.9077651778996245,1.0125685151227857,1.3355709228411636,0.2108453973994513,0.4235926829638452,0.30043265432574334,5000,0
noise,noise=0.1,x_z_x,8,ok,10.366104594561783,20,50,5000,30,0.1,1.0035902668175865,7.803784435833298,0.9223122597078098,1.0531491578341303,1.3801360500708053,0.21346452106852498,0.4124932857789013,0.30513768445272704,5000,0
noise,noise=0.1,x_z_x,9,ok,10.39699494548107,20,50,5000,30,0.1,0.9531450114691328,6.788847493435506,0.8887568001209937,0.9935060373111712,1.3173700174793652,0.21327430562450292,0.4108955334816569,0.3023375109761036,5000,0
noise,noise=0.1,y_plus_z,0,ok,7.884775995818181,20,50,5000,30,0.1,0.8283125065777472,4.037170590234879,0.7375666313657127,0.8411193331513969,1.178588929524535,0.21050461352170302,0.48162629221132636,0.48836491128686305,5000,0
noise,noise=0.1,y_plus_z,1,ok,7.847813330006874,20,50,5000,30,0.1,0.8149529400602109,3.943906770216694,0.7653617100806654,0.8261303875223577,1.1639370563820215,0.2105854525877534,0.4862450206626403,0.4956144074036236,5000,0
noise,noise=0.1,y_plus_z,2,ok,7.946939819242006,20,50,5000,30,0.1,0.8261363466072451,3.9365865363814025,0.7826238418604272,0.8379350209897158,1.1788760900755235,0.21058019695666036,0.5069308817672997,0.4966235874791397,5000,0
noise,noise=0.1,y_plus_z,3,ok,7.987126124571542,20,50,5000,30,0.1,0.8133462846818698,3.71056559474971,0.7615686183086193,0.8218527789315354,1.1581529683628828,0.20944541456964508,0.4752461869715167,0.48712287765130524,5000,0
noise,noise=0.1,y_plus_z,4,ok,7.817100009409953,20,50,5000,30,0.1,0.8119403832729618,3.5906469162406043,0.7561121215876511,0.8203097517627659,1.154583837242113,0.21076520847733093,0.45743160545845285,0.4805280227533648,5000,0
noise,noise=0.1,y_plus_z,5,ok,7.8973626425398304,20,50,5000,30,0.1,0.8090673304783756,3.7331210703402635,0.7273282327582241,0.817582596489278,1.1496070124207072,0.21359217785507767,0.44242772242463474,0.4714256359357684,5000,0
noise,noise=0.1,y_plus_z,6,ok,7.8903108120298535,20,50,5000,30,0.1,0.8290659985491351,4.014235111152986,0.769163084379604,0.8393480343166375,1.1803302816683805,0.21167760764903812,0.4740053392890458,0.4949654624741117,5000,0
noise,noise=0.1,y_plus_z,7,ok,7.956591451797475,20,50,5000,30,0.1,0.8164577760790989,3.8839838989727324,0.7471460509592863,0.82702781126133,1.1625531907477016,0.210342233540658,0.513120514786625,0.48433666600605485,5000,0
noise,noise=0.1,y_plus_z,8,ok,7.914124751811949,20,50,5000,30,0.1,0.8493325246284461,4.777159448292729,0.7688447037391556,0.8644658610317699,1.2082591003686753,0.2118750052950076,0.5242033619145012,0.5244889491016045,5000,0
noise,noise=0.1,y_plus_z,9,ok,7.762236962548556,20,50,5000,30,0.1,0.8111124881698842,3.7912051083206157,0.7428192366962073,0.8221542478947649,1.1568700996803956,0.2103620353641055,0.480246985102981,0.477564115868137,5000,0
noise,noise=0.1,x_plus_z,0,ok,9.30729669995096,20,50,5000,30,0.1,0.8022927280164759,2.719874701703563,0.8086780794959044,0.8103573816854808,1.141867755950814,0.21480386784312433,0.47583544359228824,0.4330735115841232,5000,0
noise,noise=0.1,x_plus_z,1,ok,9.232814078866815,20,50,5000,30,0.1,0.7976601807692982,2.7615104244351927,0.8278764917735821,0.8058375792437853,1.1348449155469822,0.21246453933074172,0.46528262976152895,0.4313115710457047,5000,0
noise,noise=0.1,x_plus_z,2,ok,9.257749705113948,20,50,5000,30,0.1,0.8035385636431526,2.7596502250847563,0.8352217192509632,0.8120947648048225,1.1444626800054551,0.21712995442148386,0.47146965807846863,0.4371067332951656,5000,0
noise,noise=0.1,x_plus_z,3,ok,9.207166380553298,20,50,5000,30,0.1,0.7916085859003374,2.5185166675046524,0.8069607336582949,0.7987257352173006,1.1264597282934607,0.21184093894049277,0.47100349258818186,0.4265268128005189,5000,0
noise,noise=0.1,x_plus_z,4,ok,9.240061776393059,20,50,5000,30,0.1,0.7959307051823492,2.5523052339514614,0.7852408016710637,0.8033882671955987,1.1317055067172135,0.21527382127980058,0.47102355764476106,0.4306454433657687,5000,0
noise,noise=0.1,x_plus_z,5,ok,9.203757506150131,20,50,5000,30,0.1,0.7915330210373857,2.6150026970639524,0.7901732403080933,0.7988282365693453,1.125842976649956,0.2126068791672039,0.44419874144492066,0.4061064127121175,5000,0
noise,noise=0.1,x_plus_z,6,ok,9.28601648910955,20,50,5000,30,0.1,0.8103652533302482,2.8328928681916414,0.8476402829920698,0.8177809556960053,1.1518888739735904,0.21709809044871495,0.47069750614761496,0.4307079287388584,5000,0
noise,noise=0.1,x_plus_z,7,ok,9.147151319547895,20,50,5000,30,0.1,0.7879609173122649,2.571179040926867,0.7947791490276399,0.7951140589785458,1.1212413623364945,0.21505332890952444,0.4627885012271207,0.42057289694692956,5000,0
noise,noise=0.1,x_plus_z,8,ok,9.259707121534172,20,50,5000,30,0.1,0.8170832136839613,3.1373123828022424,0.8456150035978517,0.8278764157178917,1.16164593685426,0.21533665941367633,0.48336569596281775,0.4470134982348449,5000,0
noise,noise=0.1,x_plus_z,9,ok,9.338452401217818,20,50,5000,30,0.1,0.7988933113074348,2.6609510172674846,0.8156964275363046,0.8060683113200984,1.1374555701365334,0.21317918243176254,0.48256680466552515,0.4219079620813727,5000,0
noise,noise=0.1,x_plus_y,0,ok,2.4758426705124377,20,50,5000,30,0.1,0.23736966575949794,0.14542276767415702,0.22940323139475768,0.2392481903074745,0.3376074564299056,0.13341342201853118,0.2321306978263383,0.17500180949552263,5000,0
noise,noise=0.1,x_plus_y,1,ok,2.4611170022338325,20,50,5000,30,0.1,0.23800373656986507,0.15610545316409183,0.22702439732538696,0.24043163507970358,0.3386861983600297,0.13063813681631775,0.2305724503221346,0.17411524495827055,5000,0
noise,noise=0.1,x_plus_y,2,ok,2.485758492832965,20,50,5000,30,0.1,0.23726372618366662,0.1562058827398137,0.2298563416808851,0.23983258941705016,0.33805765785247416,0.13168158088411064,0.2280873550529079,0.17509956811372995,5000,0
noise,noise=0.1,x_plus_y,3,ok,2.473853878312809,20,50,5000,30,0.1,0.23515951422369094,0.1488266725192947,0.22554710697109495,0.23716784709993427,0.3346973264975314,0.1307443553678967,0.22288749198421426,0.1714355743064159,5000,0
noise,noise=0.1,x_plus_y,4,ok,2.467467812092242,20,50,5000,30,0.1,0.2359490824734918,0.14476072223230513,0.22750981589931885,0.2381325359284792,0.33636526535371747,0.13062301123337283,0.22804055459649092,0.17317905243988213,5000,0
noise,noise=0.1,x_plus_y,5,ok,2.481507107809799,20,50,5000,30,0.1,0.23464626636126915,0.14169543729935993,0.22499698132700346,0.23655349560902086,0.3341406542994866,0.13068600458322477,0.22226035063058094,0.16850110856048933,5000,0
noise,noise=0.1,x_plus_y,6,ok,2.4915100189527957,20,50,5000,30,0.1,0.2425432134880318,0.18542658043391963,0.23063390827606559,0.24574531366383853,0.3449284908769785,0.1325518279395123,0.22738494657907543,0.17576833216977755,5000,0
noise,noise=0.1,x_plus_y,7,ok,2.474388750332294,20,50,5000,30,0.1,0.23582353011003152,0.1474469242725771,0.22320516259989645,0.23757804312162983,0.33532010356508285,0.13059196077791776,0.22793748813994424,0.1718440716554027,5000,0
noise,noise=0.1,x_plus_y,8,ok,2.4781775709870124,20,50,5000,30,0.1,0.2370382101786664,0.1539549086359856,0.2267057151432251,0.23944372892996388,0.33730308275469933,0.13205641544769647,0.22982777278239108,0.17608752050292423,5000,0
noise,noise=0.1,x_plus_y,9,ok,2.461208503780333,20,50,5000,30,0.1,0.23563565448694498,0.15088464858772763,0.22054212860761854,0.23783072566362365,0.33558446245240764,0.131055237510935,0.22606273654622858,0.17270726745406,5000,0
